device,rho,deadline_ratio,epsilon,skip_mode,discard_gain_percent_mean,discard_gain_percent_std,targeting_gain_percent_mean,targeting_gain_percent_std,oracle_gap_percent_mean,oracle_gap_percent_std,online_recovery_mean,online_recovery_std,p2prime_gap_percent_mean,p2prime_gap_percent_std,pi_bad_observed_mean,pi_bad_observed_std,lag1_autocorr_mean,lag1_autocorr_std
device_0,0.0,1.1,0.15,drop,8.408824540549007,0.06427785236169002,15.169766347727295,0.1737777262840159,23.578590888276302,0.17950795297855104,0.9678345494162224,0.0019871625559672113,0.04356211062210002,0.0009111651617703968,0.200084,0.0012366819406064934,0.0008315488825122689,0.003939601427685219
device_0,0.0,1.1,0.15,late,5.09310656795863,0.09638739705659155,11.669917794765196,0.12578792865164454,16.763024362723826,0.13366118052548517,0.9194334727471217,0.002194016322509427,0.21309778606650154,0.005765170315722516,0.200084,0.0012366819406064934,0.0008315488825122689,0.003939601427685219
device_0,0.0,1.2,0.1,drop,6.921605463923568,0.06328242729656995,15.277519139676595,0.10760262855049778,22.199124603600165,0.1379637550771761,0.9860897160816446,0.0008512167103905785,0.020042353904395255,0.0011162694411720546,0.200084,0.0012366819406064934,0.0008315488825122689,0.003939601427685219
device_0,0.0,1.2,0.1,late,3.8500058722144757,0.08923365671296063,11.642080780800288,0.08560477702140203,15.492086653014763,0.10441278924649512,0.9440105153413884,0.0013808494778766447,0.07161612196349035,0.0017596825594607787,0.200084,0.0012366819406064934,0.0008315488825122689,0.003939601427685219
device_0,0.0,1.2,0.15,drop,12.078076236079298,0.1664009841237299,26.588474032756686,0.17103697214826577,38.66655026883599,0.152821026707308,0.955238552101332,0.0019049781604011974,0.07920066057217505,0.0027607458378516676,0.200084,0.0012366819406064934,0.0008315488825122689,0.003939601427685219
device_0,0.0,1.2,0.15,late,6.746840205153876,0.10335072408033256,19.631236129767718,0.16417304348003703,26.378076334921595,0.11208986504537108,0.9686019385809853,0.038352221681160786,0.3080302223579476,0.007702097885330091,0.200084,0.0012366819406064934,0.0008315488825122689,0.003939601427685219
device_0,0.0,1.35,0.05,drop,4.199818028091741,0.07397092094455596,12.920577889549829,0.1445287159338798,17.12039591764157,0.11268015404972014,0.9892131912154097,0.0004406287934742637,0.0063057260416661725,0.0004660524889613662,0.200084,0.0012366819406064934,0.0008315488825122689,0.003939601427685219
device_0,0.0,1.35,0.05,late,1.8479018767895556,0.04546730246089094,9.588494436565357,0.06468592227323931,11.436396313354912,0.07692984306405155,0.955420041956921,0.001413837087655429,0.012496592218050216,0.0010850948560889085,0.200084,0.0012366819406064934,0.0008315488825122689,0.003939601427685219
device_0,0.0,1.35,0.1,drop,9.277969314460362,0.11667319163677416,28.10725103443366,0.1960364619005699,37.38522034889402,0.1564260782613143,0.9544630971297703,0.015136136357889893,0.03433272496256904,0.001408577219997118,0.200084,0.0012366819406064934,0.0008315488825122689,0.003939601427685219
device_0,0.0,1.35,0.1,late,4.120173688423335,0.06302039179308098,20.224043727743112,0.1116310723346411,24.344217416166448,0.08519467095515029,0.9921439402847364,0.00037072562741151643,0.18205068371064892,0.008893882737070551,0.200084,0.0012366819406064934,0.0008315488825122689,0.003939601427685219
device_0,0.0,1.35,0.15,drop,14.318616695378541,0.16260930734883075,36.70021451909755,0.12126663940029533,51.018831214476094,0.15818896561461582,0.9659139747344547,0.027013702333464795,3.2483911166970563,0.10578637656570461,0.200084,0.0012366819406064934,0.0008315488825122689,0.003939601427685219
device_0,0.0,1.35,0.15,late,6.325632317214549,0.08345663519444982,25.947607775105194,0.14399535481689732,32.27324009231974,0.13601371513429641,0.9920567902222472,0.00040263011741028534,2.3860679894319743,0.07417003381563944,0.200084,0.0012366819406064934,0.0008315488825122689,0.003939601427685219
device_0,0.0,1.5,0.01,drop,0.8334807178880688,0.036850777220828655,3.564929262021419,0.05089198715791419,4.398409979909488,0.06550584136858074,0.9863134242452235,0.0013810268593247854,0.0002608723554521248,8.867990051118489e-05,0.200084,0.0012366819406064934,0.0008315488825122689,0.003939601427685219
device_0,0.0,1.5,0.01,late,0.2295532291968218,0.01496592912823925,2.451443753739981,0.040474403278904565,2.680996982936803,0.040466392631972284,0.962955211487903,0.0013102650098131728,0.00022995901466028754,7.902877359266699e-05,0.200084,0.0012366819406064934,0.0008315488825122689,0.003939601427685219
device_0,0.0,1.5,0.05,drop,4.82544641795297,0.0699071307507024,19.358640300417157,0.13744941762407278,24.18408671837013,0.1565374361055218,0.950624625555639,0.03945511610138297,0.627076049184358,0.03521915956428471,0.200084,0.0012366819406064934,0.0008315488825122689,0.003939601427685219
device_0,0.0,1.5,0.05,late,1.378014938079854,0.05487739763618647,12.783749040310365,0.09473801710915712,14.161763978390221,0.10769768808510624,0.992218397864279,0.0015622620269725958,0.40704795522477566,0.02361332913002534,0.200084,0.0012366819406064934,0.0008315488825122689,0.003939601427685219
device_0,0.0,1.5,0.1,drop,9.865297475670035,0.11782809481382045,25.28821990961344,0.14137507318014622,35.15351738528348,0.15052494548539208,0.987193816290999,0.01119887764810042,0.6630365178747333,0.03625274449597254,0.200084,0.0012366819406064934,0.0008315488825122689,0.003939601427685219
device_0,0.0,1.5,0.1,late,2.812399998226581,0.06892980713142363,16.06161660239662,0.14827329720152618,18.8740166006232,0.11353600142071629,0.9898104454741506,0.0016939215178760868,0.4962769819004359,0.026289839557714384,0.200084,0.0012366819406064934,0.0008315488825122689,0.003939601427685219
device_0,0.0,1.5,0.15,drop,14.749328352417066,0.1862974605468239,31.11657662873899,0.18873735571853817,45.86590498115605,0.1450352138127041,0.9884852258420489,0.01745305813986713,0.7615266667691721,0.0374599025665498,0.200084,0.0012366819406064934,0.0008315488825122689,0.003939601427685219
device_0,0.0,1.5,0.15,late,4.229465822108296,0.11203338901146723,18.836059481022478,0.13428438182693406,23.065525303130777,0.11406581340546072,0.9903923155293665,0.007349273705833609,0.8024157962624845,0.024991658661543983,0.200084,0.0012366819406064934,0.0008315488825122689,0.003939601427685219
device_0,0.0,2.0,0.01,drop,0.9924322836216917,0.026032711685924217,1.9471004034633892,0.026479857279255843,2.939532687085081,0.006543238311184456,0.9822765372599314,0.0010393504923744848,0.00032206505586547117,0.00010928707969542704,0.200084,0.0012366819406064934,0.0008315488825122689,0.003939601427685219
device_0,0.0,2.0,0.01,late,0.11197915063324138,0.007726366435601764,0.8135649680224315,0.007215907255485763,0.9255441186556729,0.0023850864196800227,,,0.00018978999157220482,8.953846112315016e-05,0.200084,0.0012366819406064934,0.0008315488825122689,0.003939601427685219
device_0,0.0,2.0,0.05,drop,5.025839402994667,0.06955505701494742,9.1034777323509,0.08344096404231477,14.129317135345564,0.03454149822169953,0.9898809968464173,0.00028895722757945675,0.01112917248052064,0.0009271935343547621,0.200084,0.0012366819406064934,0.0008315488825122689,0.003939601427685219
device_0,0.0,2.0,0.05,late,0.5721357026632271,0.01882151280453589,3.7141468571509284,0.02237816758077412,4.286282559814156,0.009812083808234404,0.9934452530199274,0.0003526839592067814,0.009169357638284695,0.0009110631655314049,0.200084,0.0012366819406064934,0.0008315488825122689,0.003939601427685219
device_0,0.0,2.0,0.1,drop,9.976731392433619,0.0531890642158008,17.69718136537956,0.08931860486020292,27.673912757813177,0.06582485477544953,0.9942140514818627,0.00021305396109215334,0.05558028919242928,0.0023734290720641986,0.200084,0.0012366819406064934,0.0008315488825122689,0.003939601427685219
device_0,0.0,2.0,0.1,late,1.151298665477793,0.016635367952910162,6.88599002943653,0.029871604699314276,8.037288694914322,0.01748502828898216,0.9940426988931439,0.00033162489827230645,0.09641866761574011,0.0061886321426035396,0.200084,0.0012366819406064934,0.0008315488825122689,0.003939601427685219
device_0,0.0,2.0,0.15,drop,15.002876095448249,0.06310927305911057,25.596992824734205,0.09044138290696752,40.59986892018245,0.0698712343230356,0.9955365387282752,0.00014253779260128862,0.5630029585748838,0.0162270051425797,0.200084,0.0012366819406064934,0.0008315488825122689,0.003939601427685219
device_0,0.0,2.0,0.15,late,1.7351761964551238,0.03813569552628505,9.061063454866582,0.03204687236030838,10.796239651321706,0.024380064468480164,0.99469609114098,0.0004037021128796344,0.7670635676886461,0.03448848167366924,0.200084,0.0012366819406064934,0.0008315488825122689,0.003939601427685219
device_0,0.375,1.1,0.15,drop,8.433599248208889,0.1578911527997488,15.137656877255344,0.26874313515358034,23.571256125464235,0.3350594598483835,0.9100843429169736,0.0033465216564112785,0.1907610087249936,0.005837658578436017,0.199276,0.0014910190400453508,0.3751342256938477,0.003529377931030015
device_0,0.375,1.1,0.15,late,5.051205825279232,0.11642837220335814,11.689481637126358,0.21255545577247129,16.74068746240559,0.25706317836701803,0.8530215142836999,0.003887108548886504,0.3927820767959882,0.00978145350808806,0.199276,0.0014910190400453508,0.3751342256938477,0.003529377931030015
device_0,0.375,1.2,0.1,drop,6.848583713930279,0.11293100869815324,15.34693029379397,0.2013510305388594,22.19551400772425,0.22132625250073573,0.956138829561888,0.002095783179333354,0.059423209945549525,0.0019270931969863985,0.199276,0.0014910190400453508,0.3751342256938477,0.003529377931030015
device_0,0.375,1.2,0.1,late,3.843771158701119,0.07471214896910715,11.63906393980501,0.14392546860589736,15.482835098506133,0.16150281236702316,0.8924537546528448,0.0025250916774804863,0.2143279497260989,0.006088571987749218,0.199276,0.0014910190400453508,0.3751342256938477,0.003529377931030015
device_0,0.375,1.2,0.15,drop,12.073436454095585,0.12229030513377373,26.615776489057385,0.25044057496815175,38.68921294315297,0.24471523737613304,0.8870641264071132,0.003023381062319056,4.567951842392123,0.18015138569269093,0.199276,0.0014910190400453508,0.3751342256938477,0.003529377931030015
device_0,0.375,1.2,0.15,late,6.704431819748185,0.1015574755705821,19.676199718908393,0.1573316545447183,26.380631538656576,0.17069294256110423,0.9884928337699105,0.0007038289177181042,3.465817592146083,0.10814109427766405,0.199276,0.0014910190400453508,0.3751342256938477,0.003529377931030015
device_0,0.375,1.35,0.05,drop,4.242256345504937,0.10463144135184183,12.931980584734955,0.129800949752265,17.174236930239893,0.1502859517212628,0.9837491752288491,0.0008393210451352758,0.015812556447100518,0.000963512834179167,0.199276,0.0014910190400453508,0.3751342256938477,0.003529377931030015
device_0,0.375,1.35,0.05,late,1.84522645982147,0.05157118816565065,9.628477570250222,0.11231331750369315,11.473704030071692,0.10330448202021737,0.9437122459898173,0.015249260694500378,0.0350433351036246,0.0019535054733959443,0.199276,0.0014910190400453508,0.3751342256938477,0.003529377931030015
device_0,0.375,1.35,0.1,drop,9.231516494687899,0.06363182627775586,28.220787226706744,0.21424659092554493,37.45230372139464,0.209068720758473,0.9157952505830584,0.02864617009273416,1.6730459832216868,0.21602956864675202,0.199276,0.0014910190400453508,0.3751342256938477,0.003529377931030015
device_0,0.375,1.35,0.1,late,4.118288513044484,0.04787855591040561,20.262891461375936,0.15211744295493826,24.38117997442042,0.13329270941567373,0.989627872952893,0.0006880090272400869,1.4610552751813457,0.13490989239656181,0.199276,0.0014910190400453508,0.3751342256938477,0.003529377931030015
device_0,0.375,1.35,0.15,drop,14.21655216072028,0.15584123874366118,36.83771268117619,0.15643216340700022,51.05426484189647,0.13075852139199143,0.9336923340186237,0.053604774954737006,7.163919704716854,0.14180936960011675,0.199276,0.0014910190400453508,0.3751342256938477,0.003529377931030015
device_0,0.375,1.35,0.15,late,6.385695201169868,0.10502954700567883,25.90470025338566,0.09123893930998984,32.29039545455553,0.09356917693424638,0.9894684183445698,0.000841517313080001,5.179718049255805,0.0911145645075973,0.199276,0.0014910190400453508,0.3751342256938477,0.003529377931030015
device_0,0.375,1.5,0.01,drop,0.8176609623306759,0.040116444853865105,3.5722465020921126,0.05000659863036342,4.389907464422789,0.08046125712549161,0.9861618733260988,0.0011633611862139994,0.0006991162120276566,0.00015763113367922376,0.199276,0.0014910190400453508,0.3751342256938477,0.003529377931030015
device_0,0.375,1.5,0.01,late,0.2231808281951435,0.012846901656726107,2.452104099062014,0.04940257714139142,2.6752849272571573,0.04939246493589039,0.9624973782051018,0.002327033305220013,0.0005378201150071474,9.65635752785482e-05,0.199276,0.0014910190400453508,0.3751342256938477,0.003529377931030015
device_0,0.375,1.5,0.05,drop,4.838623251600804,0.08925804543808565,19.37775097060983,0.22640695306749634,24.21637422221064,0.21465930645146059,0.9533172186320108,0.0527675127739539,1.4336562550485348,0.06886989439158304,0.199276,0.0014910190400453508,0.3751342256938477,0.003529377931030015
device_0,0.375,1.5,0.05,late,1.3708888085169395,0.03656281687838745,12.814518379286458,0.16137962658722,14.185407187803397,0.14856604788311908,0.9883557233012761,0.0016599592677516907,0.9360769646890658,0.045149277067461045,0.199276,0.0014910190400453508,0.3751342256938477,0.003529377931030015
device_0,0.375,1.5,0.1,drop,9.890604144627863,0.07384021699391424,25.30994156568402,0.1993483965667218,35.200545710311886,0.18742267144468708,0.9821402629506778,0.02244190514600908,1.5387156317092787,0.07012681895419592,0.199276,0.0014910190400453508,0.3751342256938477,0.003529377931030015
device_0,0.375,1.5,0.1,late,2.798708259990305,0.06775160801815715,16.104814116219547,0.12926859487386647,18.903522376209853,0.1508806443588356,0.9900518419534127,0.0037004624386180528,1.1069852175579353,0.05066350843970622,0.199276,0.0014910190400453508,0.3751342256938477,0.003529377931030015
device_0,0.375,1.5,0.15,drop,14.8963977791882,0.1561048127961436,31.029410644848827,0.20812799860691672,45.92580842403703,0.1638462634536555,0.9705571427808577,0.04126708223137008,2.52286385893776,0.0872161493442334,0.199276,0.0014910190400453508,0.3751342256938477,0.003529377931030015
device_0,0.375,1.5,0.15,late,4.270926228264522,0.04653256918529929,18.8218903838782,0.13520325709066247,23.09281661214272,0.14637813949028994,0.9949809922246722,0.00045463789550427575,1.6821536828227832,0.06121800867968147,0.199276,0.0014910190400453508,0.3751342256938477,0.003529377931030015
device_0,0.375,2.0,0.01,drop,0.9961040400137506,0.023747746874939073,1.9464987555990134,0.025606591605628396,2.942602795612764,0.00771017855491923,0.9830456768169611,0.0019758426918535335,0.0009885379975003903,0.00018800140795671136,0.199276,0.0014910190400453508,0.3751342256938477,0.003529377931030015
device_0,0.375,2.0,0.01,late,0.1154459674975212,0.007513253828339912,0.810618341953357,0.008779701637436946,0.9260643094508783,0.003996690764325134,,,0.0005451194539698349,0.0001110778095652421,0.199276,0.0014910190400453508,0.3751342256938477,0.003529377931030015
device_0,0.375,2.0,0.05,drop,4.98683995324234,0.04581480048972709,9.156297826386028,0.06325290218425941,14.14313777962837,0.037752474842748365,0.9902397048533125,0.000827483487920001,0.028051897871749786,0.0014480084601519942,0.199276,0.0014910190400453508,0.3751342256938477,0.003529377931030015
device_0,0.375,2.0,0.05,late,0.5751561141894147,0.01817986063714303,3.7157462507645276,0.01572183342338634,4.290902364953942,0.014279142387366314,0.9922024882155078,0.0005930667243677147,0.02504335657132556,0.0010663518108392027,0.199276,0.0014910190400453508,0.3751342256938477,0.003529377931030015
device_0,0.375,2.0,0.1,drop,9.972798747432327,0.07720603585049253,17.730315579264296,0.11240949823464014,27.703114326696625,0.0731683582518084,0.9940569520794884,0.0004671701758656644,0.17180663591308756,0.014954858182993259,0.199276,0.0014910190400453508,0.3751342256938477,0.003529377931030015
device_0,0.375,2.0,0.1,late,1.144569377994969,0.02600765688878192,6.899057988931924,0.03657663922290081,8.043627366926893,0.023202415595996007,0.9914044561164779,0.0007375971523806296,0.3604146087831742,0.011804796186107204,0.199276,0.0014910190400453508,0.3751342256938477,0.003529377931030015
device_0,0.375,2.0,0.15,drop,14.97366458380642,0.0979962404128757,25.66966081140413,0.1460928577361446,40.643325395210546,0.08418617384479345,0.9948019137722912,0.0003410810824218666,3.96374597114591,0.1406304095425956,0.199276,0.0014910190400453508,0.3751342256938477,0.003529377931030015
device_0,0.375,2.0,0.15,late,1.7272863182903415,0.03489780657921745,9.055784304499166,0.047580929953374755,10.78307062278951,0.040632434761465386,0.9906744902665148,0.001393050142109465,2.407916220103968,0.0354878076411911,0.199276,0.0014910190400453508,0.3751342256938477,0.003529377931030015
device_0,0.75,1.1,0.15,drop,8.311216522926058,0.1395816525134716,14.907277714290364,0.32367518944830487,23.218494237216422,0.4345034768828727,0.7631364576114829,0.003225030043121817,2.456314505386144,0.3072137320865445,0.202725,0.0031223504323221437,0.7496204370935248,0.003903182819118958
device_0,0.75,1.1,0.15,late,5.086620648830835,0.14098160076743624,11.41185465698494,0.20213486329720604,16.498475305815777,0.32032303796304246,0.7091912735357967,0.0038073272167397677,1.9224978081424111,0.2128662097521308,0.202725,0.0031223504323221437,0.7496204370935248,0.003903182819118958
device_0,0.75,1.2,0.1,drop,6.806266706010637,0.09947408961822164,15.047193361092019,0.3355622589711278,21.853460067102656,0.3626018109778962,0.8078028655942335,0.004600594614374788,0.11673383867936502,0.006285706901246423,0.202725,0.0031223504323221437,0.7496204370935248,0.003903182819118958
device_0,0.75,1.2,0.1,late,3.8128207641418497,0.04646986493124395,11.438464460401963,0.24884507786439955,15.251285224543812,0.2541227368777844,0.773787023756641,0.10423122443597763,0.43801296158506864,0.029047517642380553,0.202725,0.0031223504323221437,0.7496204370935248,0.003903182819118958
device_0,0.75,1.2,0.15,drop,12.048038999634228,0.09569238288541854,26.203598244522432,0.42897584391676413,38.25163724415666,0.4692829015929564,0.724667735653312,0.003388967940533828,8.668406915621057,0.3799449608636057,0.202725,0.0031223504323221437,0.7496204370935248,0.003903182819118958
device_0,0.75,1.2,0.15,late,6.692347844326086,0.08902963557270854,19.41029391827554,0.2626392232666981,26.10264176260163,0.30836100703077685,0.9557570504962959,0.0035061067931048628,6.2581706437050695,0.24084460899565313,0.202725,0.0031223504323221437,0.7496204370935248,0.003903182819118958
device_0,0.75,1.35,0.05,drop,4.117062220541262,0.07742775074300644,12.85486623785315,0.22472592979906378,16.971928458394412,0.210851457855138,0.9221293696882592,0.00507355881834625,0.026628941128603072,0.0014041226526548482,0.202725,0.0031223504323221437,0.7496204370935248,0.003903182819118958
device_0,0.75,1.35,0.05,late,1.8776210916447393,0.06143814542330882,9.459331664083496,0.16391275828296956,11.336952755728236,0.14116881841064002,0.9250530222625338,0.07125271832073668,0.06058309189874208,0.0047108294035350705,0.202725,0.0031223504323221437,0.7496204370935248,0.003903182819118958
device_0,0.75,1.35,0.1,drop,9.197048097537381,0.14952914872244272,27.919375762926098,0.3705301906257507,37.116423860463485,0.3668374488129023,0.819967937917147,0.08987505594606772,4.213905669652414,0.32768823535766833,0.202725,0.0031223504323221437,0.7496204370935248,0.003903182819118958
device_0,0.75,1.35,0.1,late,4.131341178229815,0.051556374964185345,20.049150891171777,0.23376749405446343,24.18049206940159,0.21207445529963528,0.9697098298349266,0.0032449246275025874,3.1864216363930895,0.2012276102118962,0.202725,0.0031223504323221437,0.7496204370935248,0.003903182819118958
device_0,0.75,1.35,0.15,drop,14.261137219197332,0.09225236954623658,36.763295315696006,0.1372038519500388,51.024432534893336,0.10183491927120747,0.8460737163337466,0.11732011499357987,10.55121933537204,0.14416816507486385,0.202725,0.0031223504323221437,0.7496204370935248,0.003903182819118958
device_0,0.75,1.35,0.15,late,6.371628708188666,0.058257203387165606,25.91657250395362,0.087336913712835,32.28820121214229,0.09132028019819545,0.9685392130949761,0.0026385046453138933,7.336389882000022,0.10340128124535365,0.202725,0.0031223504323221437,0.7496204370935248,0.003903182819118958
device_0,0.75,1.5,0.01,drop,0.8431877351845408,0.040565802704185916,3.5179025824736136,0.07147150284465331,4.361090317658155,0.09554008132410119,0.9847901043251968,0.0012900708982524227,0.0009193177563472071,0.00024018610117970785,0.202725,0.0031223504323221437,0.7496204370935248,0.003903182819118958
device_0,0.75,1.5,0.01,late,0.22540346450130072,0.027632383276151872,2.4329474954311814,0.06339749027371379,2.658350959932482,0.058691648596689606,0.9566186577627411,0.0019328992367932596,0.0008831159004021427,0.00013087467002657885,0.202725,0.0031223504323221437,0.7496204370935248,0.003903182819118958
device_0,0.75,1.5,0.05,drop,4.812786451971635,0.05812900452126857,19.443595378341424,0.14608287673754214,24.25638183031306,0.12992964334156976,0.9339074348742391,0.07907241387687204,2.2162598334347523,0.09785599791314427,0.202725,0.0031223504323221437,0.7496204370935248,0.003903182819118958
device_0,0.75,1.5,0.05,late,1.3883745267550052,0.033150497698418074,12.831114456368814,0.09617841042891642,14.21948898312382,0.09314321671700951,0.970706694934689,0.0035225245713195706,1.4541358848394312,0.05823911125139296,0.202725,0.0031223504323221437,0.7496204370935248,0.003903182819118958
device_0,0.75,1.5,0.1,drop,9.763619769269217,0.12055956689339005,25.398904854745062,0.20111701667390758,35.162524624014274,0.11107595491476562,0.9716397059570377,0.04305448291962858,2.4256775278503158,0.09505022047161982,0.202725,0.0031223504323221437,0.7496204370935248,0.003903182819118958
device_0,0.75,1.5,0.1,late,2.840285053041046,0.054712690455040645,16.0825657378499,0.10777460658150484,18.922850790890948,0.08737988837082951,0.9925701039645528,0.0037897934819324927,1.694565025355915,0.06747978003856166,0.202725,0.0031223504323221437,0.7496204370935248,0.003903182819118958
device_0,0.75,1.5,0.15,drop,14.753524210813174,0.11578591295112554,31.061331244151866,0.1852072393436833,45.81485545496504,0.13702730459305523,0.9737103778345695,0.006801830854617154,4.465220345524132,0.12332969982659557,0.202725,0.0031223504323221437,0.7496204370935248,0.003903182819118958
device_0,0.75,1.5,0.15,late,4.280262948053408,0.051158593791854744,18.82126433248164,0.06802179826084863,23.101527280535045,0.0799866498044502,0.9931962401091334,0.00040130888449855845,2.6889116999165994,0.09816322885440343,0.202725,0.0031223504323221437,0.7496204370935248,0.003903182819118958
device_0,0.75,2.0,0.01,drop,0.9925884505132014,0.025356112714421484,1.932674064852413,0.02299109194776129,2.925262515365614,0.018505201409844785,0.9793841811108571,0.0019563970656483725,0.0013697532415065422,0.0003695696701325774,0.202725,0.0031223504323221437,0.7496204370935248,0.003903182819118958
device_0,0.75,2.0,0.01,late,0.1161986992949986,0.010913060340418675,0.8046029523685684,0.012600078470525694,0.920801651663567,0.006498574420396632,,,0.0009028839047918298,0.0001404652182804381,0.202725,0.0031223504323221437,0.7496204370935248,0.003903182819118958
device_0,0.75,2.0,0.05,drop,4.9848291531397155,0.07009231527325883,9.078919157374903,0.11533428318025976,14.06374831051462,0.08633033549410057,0.9888573808415453,0.0012316932836680446,0.046605470913285235,0.0024190632034201535,0.202725,0.0031223504323221437,0.7496204370935248,0.003903182819118958
device_0,0.75,2.0,0.05,late,0.5886005219842162,0.016403134230103103,3.67984492383857,0.033663231534293146,4.2684454458227865,0.027040370715859394,0.9882622346963252,0.0007190859636856386,0.04215336494225191,0.0017480190985831772,0.202725,0.0031223504323221437,0.7496204370935248,0.003903182819118958
device_0,0.75,2.0,0.1,drop,10.03311674531849,0.06033591772320053,17.51387348093302,0.14424459812440452,27.546990226251513,0.16748330917090984,0.9922942456863941,0.0007812314220698695,0.5622934927209016,0.04540174767411065,0.202725,0.0031223504323221437,0.7496204370935248,0.003903182819118958
device_0,0.75,2.0,0.1,late,1.1489691911547577,0.032542426798548005,6.862487072059321,0.06447397034424703,8.011456263214079,0.04218638565850239,0.9852799782649161,0.0006694414466955499,0.8123669857420479,0.07368945320728383,0.202725,0.0031223504323221437,0.7496204370935248,0.003903182819118958
device_0,0.75,2.0,0.15,drop,15.021011769683572,0.09581995860270182,25.43182419742572,0.22636455181898418,40.45283596710929,0.19593437946089362,0.9907203613963489,0.0009265698464761209,7.375706529308465,0.2601004668817467,0.202725,0.0031223504323221437,0.7496204370935248,0.003903182819118958
device_0,0.75,2.0,0.15,late,1.7370639972833104,0.03896132090486999,9.062166569283983,0.05006713806146402,10.799230566567292,0.04358963676237471,0.9892441242714934,0.001278566679279617,3.556438533850108,0.05031609300622634,0.202725,0.0031223504323221437,0.7496204370935248,0.003903182819118958
device_0,0.875,1.1,0.15,drop,8.381420160744854,0.15516164300648197,15.25030937177352,0.29940829395881174,23.63172953251837,0.43473525874392976,0.6567649850634498,0.00503794177297838,3.6748247983062376,0.27915517343851554,0.199348,0.0027018010453934023,0.8756961377094445,0.0017935346374433369
device_0,0.875,1.1,0.15,late,5.100461269286875,0.12726771021506342,11.695040524945764,0.20733923355819783,16.79550179423264,0.3162864962064889,0.6479506679117015,0.09337621757847732,2.71955163088309,0.18874879858569332,0.199348,0.0027018010453934023,0.8756961377094445,0.0017935346374433369
device_0,0.875,1.2,0.1,drop,6.8901123273102955,0.101225219414439,15.306226465454909,0.28748581955777863,22.196338792765207,0.3500581036912889,0.6602468042961162,0.0047919459517207046,0.35124406960736776,0.20248385323283166,0.199348,0.0027018010453934023,0.8756961377094445,0.0017935346374433369
device_0,0.875,1.2,0.1,late,3.821119901320985,0.08877969177825347,11.669162000766246,0.23096324978499402,15.490281902087233,0.24804704247782003,0.8309664336851548,0.16968349046423942,0.7418613034005883,0.15516312694184917,0.199348,0.0027018010453934023,0.8756961377094445,0.0017935346374433369
device_0,0.875,1.2,0.15,drop,12.024985661471444,0.08311768634054569,26.66182071936065,0.4158433587656501,38.686806380832095,0.4190536051258014,0.5996039022350651,0.0033090659947123575,10.295891411163606,0.33329094590442343,0.199348,0.0027018010453934023,0.8756961377094445,0.0017935346374433369
device_0,0.875,1.2,0.15,late,6.732617634078862,0.14164809357204622,19.654232597836838,0.27033270538668946,26.3868502319157,0.2849256456983014,0.8816068963355086,0.007226177145210424,7.341995081959176,0.21163055655381596,0.199348,0.0027018010453934023,0.8756961377094445,0.0017935346374433369
device_0,0.875,1.35,0.05,drop,4.224128049775969,0.0736518081742807,12.92435727577537,0.1767517674130977,17.148485325551338,0.17929621299169404,0.8016237968205295,0.006300548421575594,0.03178810166765621,0.0010840538628161015,0.199348,0.0027018010453934023,0.8756961377094445,0.0017935346374433369
device_0,0.875,1.35,0.05,late,1.863054943677665,0.05087557620309696,9.590323535613615,0.12170484106003504,11.45337847929128,0.12170717926389918,0.9706263895587739,0.0016586843773198497,0.07406046265069047,0.004640368836121005,0.199348,0.0027018010453934023,0.8756961377094445,0.0017935346374433369
device_0,0.875,1.35,0.1,drop,9.227214035854034,0.08307720296679948,28.223863944835536,0.2778201514171262,37.45107798068957,0.30935003635494407,0.713849487721294,0.1267886558925919,5.437552111795627,0.3254156739412123,0.199348,0.0027018010453934023,0.8756961377094445,0.0017935346374433369
device_0,0.875,1.35,0.1,late,4.09766391507717,0.05894744042150769,20.278610785128258,0.2099659533288471,24.376274700205425,0.18627510801967348,0.9226282015399697,0.005632737324128034,3.9776931692469217,0.20495741723472974,0.199348,0.0027018010453934023,0.8756961377094445,0.0017935346374433369
device_0,0.875,1.35,0.15,drop,14.301384562456102,0.12143990102267059,36.718637763838025,0.12593549885676414,51.020022326294125,0.06403696905505218,0.7662821402753517,0.15914937055903158,11.633645179027802,0.0713435689421471,0.199348,0.0027018010453934023,0.8756961377094445,0.0017935346374433369
device_0,0.875,1.35,0.15,late,6.370689812713853,0.1101951766049387,25.890044066454248,0.07556058639738442,32.2607338791681,0.05669555588119794,0.9447493766133018,0.03255436928219938,7.963868134596444,0.03859255523732937,0.199348,0.0027018010453934023,0.8756961377094445,0.0017935346374433369
device_0,0.875,1.5,0.01,drop,0.8406949631057128,0.028033519891492026,3.54978119676243,0.0752746117092711,4.390476159868143,0.08425713026133959,0.9784193537460496,0.0026765950460043908,0.00104897660687811,0.00015206901742707507,0.199348,0.0027018010453934023,0.8756961377094445,0.0017935346374433369
device_0,0.875,1.5,0.01,late,0.2381042355758915,0.021674155811884817,2.437696658399706,0.05370296187334822,2.6758008939755973,0.051700923230499546,0.9364766858510751,0.014912224578782569,0.0010776018920022566,0.0001492797543699381,0.199348,0.0027018010453934023,0.8756961377094445,0.0017935346374433369
device_0,0.875,1.5,0.05,drop,4.851496460325507,0.09028939999124178,19.341537291277163,0.20488007107365472,24.19303375160267,0.16432944215932968,0.8297989209986211,0.12356498728632949,2.4266750289626504,0.12898086090684308,0.199348,0.0027018010453934023,0.8756961377094445,0.0017935346374433369
device_0,0.875,1.5,0.05,late,1.3634337447862686,0.03592790631701039,12.800939936257013,0.10963024975278732,14.164373681043282,0.11592140544868647,0.9545335792084358,0.012932910014278995,1.606342867841859,0.07972558927653325,0.199348,0.0027018010453934023,0.8756961377094445,0.0017935346374433369
device_0,0.875,1.5,0.1,drop,9.902593743805763,0.11711346005222999,25.27776998802586,0.14987584757685718,35.180363731831626,0.14028971190965026,0.9104966229635775,0.10102208725839558,2.723173154098043,0.1274686659320778,0.199348,0.0027018010453934023,0.8756961377094445,0.0017935346374433369
device_0,0.875,1.5,0.1,late,2.8348533206110695,0.07868148039833349,16.05023149796638,0.13387909916878196,18.885084818577447,0.1160799978273941,0.9918746292704548,0.0017415584909628162,1.8567719768749391,0.09070588129623702,0.199348,0.0027018010453934023,0.8756961377094445,0.0017935346374433369
device_0,0.875,1.5,0.15,drop,14.797918848098252,0.12297286626478839,31.109976778830752,0.21388233315258062,45.907895626929005,0.1424733341075198,0.8804452647287722,0.10475921735941691,5.62482986222634,0.1918184508377617,0.199348,0.0027018010453934023,0.8756961377094445,0.0017935346374433369
device_0,0.875,1.5,0.15,late,4.218847318501962,0.05264254335131794,18.862140868460422,0.10389048538907604,23.08098818696238,0.10811200160969399,0.9890552310885982,0.001252802572206095,3.312411846709023,0.10927920681084105,0.199348,0.0027018010453934023,0.8756961377094445,0.0017935346374433369
device_0,0.875,2.0,0.01,drop,0.9962328117752538,0.020191999507827317,1.9479736965616408,0.027455949050242904,2.9442065083368947,0.015099637958708412,0.9747625758224243,0.0018346459972814603,0.0015273520574314776,0.0002990977023928344,0.199348,0.0027018010453934023,0.8756961377094445,0.0017935346374433369
device_0,0.875,2.0,0.01,late,0.1142885540767202,0.008919989531608026,0.8124637623963853,0.008443238885229501,0.9267523164731056,0.004404667006327218,,,0.0009800320083114176,0.00018850434833055782,0.199348,0.0027018010453934023,0.8756961377094445,0.0017935346374433369
device_0,0.875,2.0,0.05,drop,4.9955800857822075,0.05184201344065415,9.154029723568632,0.0655441181013055,14.14960980935084,0.06908586056577973,0.9860173889299588,0.001396903765826705,0.05519632973683063,0.0016728513295914422,0.199348,0.0027018010453934023,0.8756961377094445,0.0017935346374433369
device_0,0.875,2.0,0.05,late,0.5800291310072334,0.02047582060766216,3.7128380436627175,0.031003305153897768,4.292867174669951,0.01927207176645335,0.9809904141321493,0.0012008955939614614,0.05119820069932043,0.0018430354203823607,0.199348,0.0027018010453934023,0.8756961377094445,0.0017935346374433369
device_0,0.875,2.0,0.1,drop,10.009038395909467,0.07135313282660392,17.70408673852469,0.11840988339504432,27.713125134434158,0.1337769033796544,0.9875661126514013,0.0008821360914357692,0.8640423854144468,0.0810432787784576,0.199348,0.0027018010453934023,0.8756961377094445,0.0017935346374433369
device_0,0.875,2.0,0.1,late,1.1441047076421964,0.020106199277732283,6.903511989643986,0.037032540265058436,8.047616697286184,0.030294950845446488,0.9827129686456401,0.0010859993677152491,1.2253829462272132,0.07774795649127454,0.199348,0.0027018010453934023,0.8756961377094445,0.0017935346374433369
device_0,0.875,2.0,0.15,drop,15.065206397651385,0.077387526148606,25.57834781907655,0.15587702471463258,40.643554216727935,0.15516149439068266,0.9844631760321982,0.002027076614420026,8.725591877997815,0.22450914439661288,0.199348,0.0027018010453934023,0.8756961377094445,0.0017935346374433369
device_0,0.875,2.0,0.15,late,1.7245713226718684,0.03818062430302242,9.066202608651524,0.02231349940293611,10.790773931323391,0.031863739473675566,0.988009313245677,0.0018708872461428775,3.968540180264422,0.04575260311581854,0.199348,0.0027018010453934023,0.8756961377094445,0.0017935346374433369
device_0,0.9375,1.1,0.15,drop,8.42924688146692,0.20489384089337348,15.379020789618654,0.4133691286914692,23.808267671085574,0.5799304125616555,0.5915495719323388,0.004414849647382824,4.196260305117964,0.4592968932721066,0.19798100000000002,0.005151958527265787,0.9371997944636256,0.0019415014014416074
device_0,0.9375,1.1,0.15,late,5.145752861749587,0.09277420354364747,11.774567600614768,0.3373736567118636,16.92032046236435,0.4108497466553235,0.6729603382513298,0.13897005792559555,3.0630535681789888,0.3017172593242948,0.19798100000000002,0.005151958527265787,0.9371997944636256,0.0019415014014416074
device_0,0.9375,1.2,0.1,drop,6.904532309621781,0.10353253301727372,15.489427237468544,0.42048195267568467,22.393959547090326,0.48823605900947553,0.5519313934437131,0.005209728727475605,0.9343217392679882,0.4953910363022895,0.19798100000000002,0.005151958527265787,0.9371997944636256,0.0019415014014416074
device_0,0.9375,1.2,0.1,late,3.8616486942200487,0.07600776221961636,11.758309291651234,0.27630511258865015,15.619957985871284,0.32519643803826936,0.855843751151004,0.0055441137066814935,1.161350551069169,0.3363591949173823,0.19798100000000002,0.005151958527265787,0.9371997944636256,0.0019415014014416074
device_0,0.9375,1.2,0.15,drop,12.062894196790673,0.14399508038198217,26.868026990819708,0.5571921582185083,38.93092118761038,0.6668031901599513,0.5117953640410571,0.004708306557165203,10.98119302318472,0.6090802474425867,0.19798100000000002,0.005151958527265787,0.9371997944636256,0.0019415014014416074
device_0,0.9375,1.2,0.15,late,6.721325303552338,0.058707816653171485,19.81457272793208,0.38432722316903206,26.535898031484418,0.4071498979591788,0.7821555547136549,0.006275091513535944,7.7990038644599124,0.37364810884348915,0.19798100000000002,0.005151958527265787,0.9371997944636256,0.0019415014014416074
device_0,0.9375,1.35,0.05,drop,4.193403942962834,0.07557585077127868,13.022958927814694,0.29031246563441687,17.216362870777527,0.27495761550998654,0.6717607816751405,0.00630186489030023,0.03440971837602144,0.001874425607529188,0.19798100000000002,0.005151958527265787,0.9371997944636256,0.0019415014014416074
device_0,0.9375,1.35,0.05,late,1.8730612225267393,0.034870369572554745,9.62795688470745,0.19505636007423097,11.50101810723419,0.17642373007299056,0.9478850023036026,0.003329725103610198,0.08132925265741016,0.00766617203695606,0.19798100000000002,0.005151958527265787,0.9371997944636256,0.0019415014014416074
device_0,0.9375,1.35,0.1,drop,9.173381842084892,0.0864476910884119,28.39921024075564,0.5161639456332123,37.57259208284053,0.5207851814266558,0.6230600471190426,0.14482736558757384,5.895666700467578,0.5386970178964201,0.19798100000000002,0.005151958527265787,0.9371997944636256,0.0019415014014416074
device_0,0.9375,1.35,0.1,late,4.136664890450875,0.10969801936412855,20.320132459577675,0.38164676786550317,24.456797350028552,0.2893098991134313,0.8484207233623347,0.00583328522924852,4.280631320275595,0.3295218930705031,0.19798100000000002,0.005151958527265787,0.9371997944636256,0.0019415014014416074
device_0,0.9375,1.35,0.15,drop,14.247476500549444,0.1504695857467071,36.82009562264696,0.21293453244042643,51.067572123196406,0.10318922806393178,0.7592536714685892,0.17433713041726837,12.09312706578259,0.09257998355262737,0.19798100000000002,0.005151958527265787,0.9371997944636256,0.0019415014014416074
device_0,0.9375,1.35,0.15,late,6.380575879705393,0.11470088510320224,25.914290644702543,0.05746571767888215,32.29486652440794,0.09989392576594057,0.9861376183297261,0.002060352425531064,8.23773722332357,0.07122715413232107,0.19798100000000002,0.005151958527265787,0.9371997944636256,0.0019415014014416074
device_0,0.9375,1.5,0.01,drop,0.8319925367138277,0.03162324784380033,3.612515944089006,0.06436719876400342,4.444508480802833,0.0910251681473454,0.9395217902802315,0.008913664248079656,0.0011591135784690212,0.00011333169921392872,0.19798100000000002,0.005151958527265787,0.9371997944636256,0.0019415014014416074
device_0,0.9375,1.5,0.01,late,0.23900008918305776,0.01279425401469684,2.4699733508958213,0.05137713897153044,2.7089734400788794,0.05586394095918681,0.8610417759722001,0.008494019545165432,0.001208701770431721,0.0002862004665165163,0.19798100000000002,0.005151958527265787,0.9371997944636256,0.0019415014014416074
device_0,0.9375,1.5,0.05,drop,4.790568999618398,0.05688769162491871,19.39306105001366,0.14710817674105514,24.183630049632058,0.12218121023812642,0.7303664886129774,0.1485161024494012,2.5269359301564114,0.06587053352639463,0.19798100000000002,0.005151958527265787,0.9371997944636256,0.0019415014014416074
device_0,0.9375,1.5,0.05,late,1.3822831675930183,0.043530319077905597,12.77044118910328,0.10175292353760841,14.1527243566963,0.08590166607194308,0.9202921207469805,0.02363027181820085,1.6810761645730257,0.03776423125702486,0.19798100000000002,0.005151958527265787,0.9371997944636256,0.0019415014014416074
device_0,0.9375,1.5,0.1,drop,9.805870555563487,0.0984992503223797,25.39596920577544,0.17204718209537193,35.201839761338924,0.149685292615444,0.9260436953279191,0.08206376198259109,2.9051337467082936,0.06952076744164351,0.19798100000000002,0.005151958527265787,0.9371997944636256,0.0019415014014416074
device_0,0.9375,1.5,0.1,late,2.8138803294564654,0.028093776053051283,16.062853995008968,0.07338622306808014,18.87673432446543,0.07827045411467844,0.9894071003406616,0.0013959248267266908,1.9347501670054754,0.043539509144988324,0.19798100000000002,0.005151958527265787,0.9371997944636256,0.0019415014014416074
device_0,0.9375,1.5,0.15,drop,14.89678115459861,0.13441596906512399,31.063127034196448,0.2389433016596146,45.959908188795055,0.22580290415207754,0.8946904629989663,0.0030441935003907832,6.173886685194187,0.30413555304301143,0.19798100000000002,0.005151958527265787,0.9371997944636256,0.0019415014014416074
device_0,0.9375,1.5,0.15,late,4.207415355121912,0.12016584426998582,18.865877923384907,0.12399550599260274,23.07329327850682,0.07308001815253484,0.9831472660951205,0.0034942235231805465,3.591277938716118,0.12682225488515572,0.19798100000000002,0.005151958527265787,0.9371997944636256,0.0019415014014416074
device_0,0.9375,2.0,0.01,drop,1.0081689050604135,0.018316163274383495,1.9428821229704376,0.03344830424732547,2.951051028030851,0.02823120488828083,0.9690529842803886,0.0036909842263101824,0.001587359842225231,0.00022656693691090401,0.19798100000000002,0.005151958527265787,0.9371997944636256,0.0019415014014416074
device_0,0.9375,2.0,0.01,late,0.118210111892774,0.00814539534039212,0.8105394198834208,0.014928822264478897,0.9287495317761948,0.009269756911492455,,,0.0010050467608023112,0.00017289720018476236,0.19798100000000002,0.005151958527265787,0.9371997944636256,0.0019415014014416074
device_0,0.9375,2.0,0.05,drop,4.995562853874901,0.06314070977945202,9.188215387597529,0.1276717460101905,14.18377824147243,0.13419196819174736,0.9840780529414511,0.0034544107698242605,0.05956108375032394,0.0028132910178303035,0.19798100000000002,0.005151958527265787,0.9371997944636256,0.0019415014014416074
device_0,0.9375,2.0,0.05,late,0.5633547120891662,0.02982365073839693,3.736738512755255,0.06173019544371547,4.300093224844422,0.03569685760177366,0.9746491657854941,0.0014523589095034538,0.05422010125225193,0.004035461523802081,0.19798100000000002,0.005151958527265787,0.9371997944636256,0.0019415014014416074
device_0,0.9375,2.0,0.1,drop,9.962169481996193,0.07551824684797488,17.818313322333285,0.2672762496467256,27.780482804329477,0.2595709139872488,0.982395931383105,0.0020990497446563877,1.205172739065716,0.3203845726887736,0.19798100000000002,0.005151958527265787,0.9371997944636256,0.0019415014014416074
device_0,0.9375,2.0,0.1,late,1.1557341677052595,0.038169861685015904,6.898390716473696,0.08380638565593067,8.054124884178956,0.04785989093644669,0.9809626205192592,0.002802233775009834,1.414700478650508,0.16065369324854864,0.19798100000000002,0.005151958527265787,0.9371997944636256,0.0019415014014416074
device_0,0.9375,2.0,0.15,drop,14.967445374496753,0.08608669168648607,25.765863611621278,0.3227313713729055,40.73330898611803,0.30323478929231057,0.9745585131742551,0.0036275330780082163,9.327145638532645,0.4234303245629729,0.19798100000000002,0.005151958527265787,0.9371997944636256,0.0019415014014416074
device_0,0.9375,2.0,0.15,late,1.7179714811020546,0.03657824367261395,9.053710894547034,0.027280089118404325,10.771682375649089,0.05280500239148238,0.985553288059933,0.0034570850815906573,4.132257970120641,0.07170797603474745,0.19798100000000002,0.005151958527265787,0.9371997944636256,0.0019415014014416074
device_0,0.975,1.1,0.15,drop,8.460277721461804,0.17718431733211182,15.473223453189686,0.4052766496295093,23.93350117465149,0.5699909041747507,0.6047440631595378,0.10130900147275526,4.53961050708695,0.43542122476044864,0.197423,0.003990519459363101,0.9748072636870072,0.0011797461631747918
device_0,0.975,1.1,0.15,late,5.154136845968727,0.10168416612606877,11.85558530106291,0.3189707642716111,17.009722147031635,0.40833499656571737,0.5803472679133996,0.08833905221445058,3.2946497826975643,0.2905715653876786,0.197423,0.003990519459363101,0.9748072636870072,0.0011797461631747918
device_0,0.975,1.2,0.1,drop,6.882170848437345,0.08815322660274465,15.610459512932675,0.3777219796429151,22.492630361370022,0.3941729820114766,0.4874967838945142,0.09709776272833914,1.3137884927758539,0.40108695582000836,0.197423,0.003990519459363101,0.9748072636870072,0.0011797461631747918
device_0,0.975,1.2,0.1,late,3.87681583747863,0.09584412154268244,11.818729537190258,0.25574525124415043,15.695545374668887,0.27399989820009635,0.6309049134704339,0.11827860724194562,1.4276618916645991,0.26170497392369424,0.197423,0.003990519459363101,0.9748072636870072,0.0011797461631747918
device_0,0.975,1.2,0.15,drop,12.12171775707603,0.12698768702671384,26.917040033021113,0.42524307617240026,39.038757790097144,0.5134027065492065,0.5129247327939457,0.12254348093432003,11.37094273912825,0.4799416577232647,0.197423,0.003990519459363101,0.9748072636870072,0.0011797461631747918
device_0,0.975,1.2,0.15,late,6.752638007229825,0.06799347297181886,19.865655381020016,0.3626383161104186,26.61829338824984,0.3356404749701444,0.6289995191721467,0.012445742844818343,8.070903465899017,0.29482606340501616,0.197423,0.003990519459363101,0.9748072636870072,0.0011797461631747918
device_0,0.975,1.35,0.05,drop,4.2255100350404495,0.07725676243386032,13.105371630544122,0.23200654951975286,17.33088166558457,0.2182372191404251,0.5679282364873324,0.12234996679098072,0.03577472000723619,0.0015853726230358794,0.197423,0.003990519459363101,0.9748072636870072,0.0011797461631747918
device_0,0.975,1.35,0.05,late,1.8655633980344075,0.055915779202348685,9.715317833329147,0.1561242566328071,11.580881231363554,0.14105562428726376,0.8369851395417249,0.016249184833458608,0.08700023519310936,0.008033039095343725,0.197423,0.003990519459363101,0.9748072636870072,0.0011797461631747918
device_0,0.975,1.35,0.1,drop,9.243759852959377,0.1326124832831102,28.448362590523118,0.4248419461774704,37.69212244348249,0.4371174360186484,0.528223974667136,0.13182562363676267,6.2305654523459575,0.5063257707620595,0.197423,0.003990519459363101,0.9748072636870072,0.0011797461631747918
device_0,0.975,1.35,0.1,late,4.1259253205082596,0.08799675395969771,20.41240857271304,0.2740045925906726,24.5383338932213,0.23773692147589057,0.7075262951813509,0.014661645770792285,4.499973356591758,0.3073980720282871,0.197423,0.003990519459363101,0.9748072636870072,0.0011797461631747918
device_0,0.975,1.35,0.15,drop,14.292971751400046,0.12197562935719318,36.784493302587045,0.18402515522553808,51.07746505398709,0.17591507691952618,0.6818580299013035,0.1781853901205452,12.370353476455055,0.11007494568998827,0.197423,0.003990519459363101,0.9748072636870072,0.0011797461631747918
device_0,0.975,1.35,0.15,late,6.333560024592447,0.051623632894108526,25.975312376715873,0.1360923169956319,32.30887240130832,0.16501358293041657,0.9675850052220465,0.00739920625398133,8.40895296441777,0.09061241085272358,0.197423,0.003990519459363101,0.9748072636870072,0.0011797461631747918
device_0,0.975,1.5,0.01,drop,0.827168838978302,0.04212707460367058,3.622100232035158,0.04687959815347931,4.44926907101346,0.05306244162723049,0.7960977044719455,0.015664051156084213,0.001186868772332627,0.00015289526527991043,0.197423,0.003990519459363101,0.9748072636870072,0.0011797461631747918
device_0,0.975,1.5,0.01,late,0.23769260186857283,0.020938397821740052,2.4749753575759277,0.03845370044236263,2.712667959444501,0.03208797566147733,0.7466437660582749,0.11491840763669764,0.0011187589202878915,0.00020820372690767252,0.197423,0.003990519459363101,0.9748072636870072,0.0011797461631747918
device_0,0.975,1.5,0.05,drop,4.890784824463033,0.10029325678798318,19.23304200022034,0.18248487255848292,24.123826824683373,0.1433783955488268,0.7304856952540567,0.1693973278456247,2.5575890004740898,0.09161492211871694,0.197423,0.003990519459363101,0.9748072636870072,0.0011797461631747918
device_0,0.975,1.5,0.05,late,1.3975699773430157,0.05778340920596428,12.716919391715347,0.10590621929103838,14.114489369058365,0.10544755561370524,0.8668170117219451,0.08283304164480737,1.7086693043570436,0.05363733054767303,0.197423,0.003990519459363101,0.9748072636870072,0.0011797461631747918
device_0,0.975,1.5,0.1,drop,9.813632268967794,0.09673660644776579,25.346562495055046,0.1761294073274523,35.16019476402285,0.1286636656183633,0.8259186629244732,0.15732943284399947,3.0060847754812894,0.09485018454802212,0.197423,0.003990519459363101,0.9748072636870072,0.0011797461631747918
device_0,0.975,1.5,0.1,late,2.812933654289586,0.07367491278600657,16.02679721261933,0.11078048526833312,18.839730866908916,0.10118501400358265,0.9818026917988826,0.006568952890715961,1.9606978284031917,0.06344513958767961,0.197423,0.003990519459363101,0.9748072636870072,0.0011797461631747918
device_0,0.975,1.5,0.15,drop,14.882993299891197,0.10972647924306228,31.052393598207242,0.19404889657716842,45.93538689809844,0.16795212889996916,0.8404870668256752,0.13242271031966954,6.452572274008832,0.2804009414826694,0.197423,0.003990519459363101,0.9748072636870072,0.0011797461631747918
device_0,0.975,1.5,0.15,late,4.215878418542855,0.06277461115909326,18.8283137175201,0.07737855523178067,23.044192136062954,0.0947519075477931,0.9787099748684458,0.005054001998732987,3.7196168679144206,0.1304530162638484,0.197423,0.003990519459363101,0.9748072636870072,0.0011797461631747918
device_0,0.975,2.0,0.01,drop,0.9986968235981843,0.019060590712927605,1.9546699261087312,0.02724782800247391,2.953366749706915,0.0237290162988881,0.9575950843820559,0.009504878068521952,0.0016597666441636905,0.0002860759625427426,0.197423,0.003990519459363101,0.9748072636870072,0.0011797461631747918
device_0,0.975,2.0,0.01,late,0.11593470061153568,0.010048550660212058,0.8137818358107418,0.013748859601672275,0.9297165364222775,0.0071276258431271266,,,0.0010914407049475374,0.00022510911298824512,0.197423,0.003990519459363101,0.9748072636870072,0.0011797461631747918
device_0,0.975,2.0,0.05,drop,4.9814534277831415,0.02851256263723504,9.213639578325656,0.10722112036691528,14.195093006108797,0.10686726901023684,0.9748040804446048,0.003828663894328281,0.061703092097552245,0.002753552616174078,0.197423,0.003990519459363101,0.9748072636870072,0.0011797461631747918
device_0,0.975,2.0,0.05,late,0.5641626631881523,0.023140543791072343,3.7402724002769845,0.050057869331965925,4.304435063465137,0.030895859651771145,0.972290256417975,0.001831128915969451,0.056969043324030966,0.002862714601864338,0.197423,0.003990519459363101,0.9748072636870072,0.0011797461631747918
device_0,0.975,2.0,0.1,drop,9.997120210523583,0.11308357082105884,17.80773641326818,0.23110191308770725,27.80485662379176,0.20293424340021168,0.9592613262480159,0.00837281342878801,1.462711029958374,0.2998142233070308,0.197423,0.003990519459363101,0.9748072636870072,0.0011797461631747918
device_0,0.975,2.0,0.1,late,1.1441301082243835,0.017789101430584493,6.9194525918486205,0.052166355729406866,8.063582700073004,0.04718564118530934,0.9752346192309309,0.002506807189265225,1.5208855554622498,0.12335189884104036,0.197423,0.003990519459363101,0.9748072636870072,0.0011797461631747918
device_0,0.975,2.0,0.15,drop,15.005555269615641,0.1149776807195303,25.750026834623377,0.2759982840223018,40.755582104239025,0.22474657711510515,0.9618091773161304,0.0045215077238243495,9.665662593937093,0.34680064561862345,0.197423,0.003990519459363101,0.9748072636870072,0.0011797461631747918
device_0,0.975,2.0,0.15,late,1.6980499456707823,0.022147778688184957,9.084412595250615,0.03813938196912421,10.782462540921395,0.028014235200880765,0.9718763023591404,0.010654086525578694,4.239765396310641,0.06935544117036026,0.197423,0.003990519459363101,0.9748072636870072,0.0011797461631747918
