device,rho,deadline_ratio,epsilon,skip_mode,policy,mean_energy_j_mean,mean_energy_j_std,violation_rate_mean,violation_rate_std,max_violation_run_mean,max_violation_run_std,burst_count_ge2_mean,burst_count_ge2_std,violation_state_bad_share_mean,violation_state_bad_share_std,boost_use_rate_mean,boost_use_rate_std,boost_use_rate_good_mean,boost_use_rate_good_std,boost_use_rate_bad_mean,boost_use_rate_bad_std,selected_v_mean,selected_v_std
device_0,0.0,1.1,0.15,drop,P0,0.11822924905985685,0.0007249781894648947,0.15,0.0,4.5,0.7071067811865476,203.0,8.48528137423857,0.5529999999999999,0.0032998316455372903,0.14375,0.0009192388155425185,0.028212580614412057,0.0015181480617496694,0.5938810883732792,0.002001585879641435,,
device_0,0.0,1.1,0.15,drop,P1,0.12880063724192004,0.0007550514505632004,0.07239999999999999,0.00042426406871192595,3.0,0.0,58.0,1.4142135623730951,1.0,0.0,0.1565,0.0009899494936611753,0.03097712598333427,0.0004525600142590268,0.6455311658936997,0.0024453280959935526,,
device_0,0.0,1.1,0.15,drop,P2,0.0987571078825813,0.0009205178772226826,0.15,0.0,4.5,0.7071067811865476,190.5,4.949747468305833,1.0,0.0,0.0789,0.0005656854249492346,0.03097712598333427,0.0004525600142590268,0.26560547906852766,0.0007627349020566205,,
device_0,0.0,1.1,0.15,drop,P2prime,0.09880540526242801,0.000916950896807745,0.15,0.0,3.0,0.0,58.0,1.4142135623730951,1.0,0.0,0.0789,0.0005656854249492346,0.03097712598333427,0.0004525600142590268,0.26560547906852766,0.0007627349020566205,,
device_0,0.0,1.1,0.15,drop,P3,0.09964439366693864,0.0009718245198120462,0.1503,0.0,3.5,0.7071067811865476,158.5,3.5355339059327378,0.9055222887558216,0.006586490310453514,0.0817,0.00042426406871193576,0.01702816300053612,0.0015151665056560243,0.3336618882382777,0.0041547017598249115,10.0,0.0
device_0,0.0,1.1,0.15,late,P0,0.13275634727951868,0.0011429407345850797,0.15,0.0,4.0,0.0,205.5,0.7071067811865476,0.5583333333333333,0.006128258770283365,0.1431,0.0008485281374238715,0.02840085699390371,0.00017014970111937157,0.5899653962650211,0.004074699343431451,,
device_0,0.0,1.1,0.15,late,P1,0.13992486933878556,0.0008014920729391512,0.07239999999999999,0.00042426406871192595,3.0,0.0,58.0,1.4142135623730951,1.0,0.0,0.1565,0.0009899494936611753,0.03097712598333427,0.0004525600142590268,0.6455311658936997,0.0024453280959935526,,
device_0,0.0,1.1,0.15,late,P2,0.11664059846846186,0.0009401796421204849,0.15,0.0,4.5,0.7071067811865476,192.0,9.899494936611665,0.8356666666666667,0.002357022603955213,0.0789,0.0005656854249492346,0.0,0.0,0.3862900797832305,0.0023683766192082907,,
device_0,0.0,1.1,0.15,late,P2prime,0.1169204346037209,0.0009458257003178676,0.15,0.0,3.0,0.0,58.0,1.4142135623730951,0.8616666666666667,0.004242640687119289,0.0789,0.0005656854249492346,0.004900989554877495,0.00035413516253846744,0.3671951031256502,0.0037729953155068016,,
device_0,0.0,1.1,0.15,late,P3,0.11850678547324874,0.0010532025009786072,0.15025,7.071067811864696e-05,3.0,0.0,166.0,1.4142135623730951,0.8642247240981862,0.006652580735387227,0.08460000000000001,0.0002828427124746222,0.012818191345275003,0.0007143004385247557,0.36426183972209625,0.0045326792779552035,10.0,0.0
device_0,0.0,1.2,0.1,drop,P0,0.11018469758006502,0.0007323592434164745,0.1,0.0,3.0,0.0,91.5,4.949747468305833,0.45,0.012727922061357866,0.14925,0.001626345596729047,0.0,0.0,0.7307266832286463,0.008721449863405308,,
device_0,0.0,1.2,0.1,drop,P1,0.118468878896957,0.00019659204978697453,0.032549999999999996,7.071067811864941e-05,3.0,0.0,12.5,2.1213203435596424,1.0,0.0,0.16105,7.071067811864696e-05,0.0,0.0,0.788494737528417,0.0004727261426302342,,
device_0,0.0,1.2,0.1,drop,P2,0.09210585281256226,0.00022140424223941052,0.1,0.0,4.0,0.0,96.0,9.899494936611665,1.0,0.0,0.0936,0.0,0.0,0.0,0.4582621810612387,0.00047594657888336256,,
device_0,0.0,1.2,0.1,drop,P2prime,0.09213285366114979,0.00022009551270187294,0.1,0.0,3.0,0.0,12.5,2.1213203435596424,1.0,0.0,0.0936,0.0,0.0,0.0,0.4582621810612387,0.00047594657888336256,,
device_0,0.0,1.2,0.1,drop,P3,0.0924036924693694,0.00024233362189453637,0.10025,0.00021213203435596541,3.0,0.0,56.0,1.4142135623730951,0.9940179342569782,0.0028087154583432,0.09395,7.071067811865187e-05,0.0,0.0,0.45997558849840503,0.00013152939644359358,10.0,0.0
device_0,0.0,1.2,0.1,late,P0,0.11916117730198778,4.6404598170373895e-05,0.1,0.0,3.5,0.7071067811865476,94.0,8.48528137423857,0.4495,0.006363961030678933,0.1495,0.0002828427124746271,0.0,0.0,0.7319458200816721,0.00062459513646188,,
device_0,0.0,1.2,0.1,late,P1,0.12398570268028593,0.00019016548401901807,0.032549999999999996,7.071067811864941e-05,3.0,0.0,12.5,2.1213203435596424,1.0,0.0,0.16105,7.071067811864696e-05,0.0,0.0,0.788494737528417,0.0004727261426302342,,
device_0,0.0,1.2,0.1,late,P2,0.1046735597293079,0.000217168961609846,0.1,0.0,4.0,0.0,93.0,7.0710678118654755,1.0,0.0,0.0936,0.0,0.0,0.0,0.4582621810612387,0.00047594657888336256,,
device_0,0.0,1.2,0.1,late,P2prime,0.10475535436190134,0.000214704338969684,0.1,0.0,3.0,0.0,12.5,2.1213203435596424,1.0,0.0,0.0936,0.0,0.0,0.0,0.4582621810612387,0.00047594657888336256,,
device_0,0.0,1.2,0.1,late,P3,0.10566002290183366,0.0001624446740474201,0.1002,0.00014142135623731355,3.0,0.0,54.0,9.899494936611665,0.9835354077627259,0.003505238978335265,0.09505,0.00021213203435597523,0.0,0.0,0.46536078876188813,0.0005552710086972041,10.0,0.0
device_0,0.0,1.2,0.15,drop,P0,0.10454556587601901,0.0006993053109334007,0.15,0.0,4.5,0.7071067811865476,192.0,18.384776310850235,0.349,0.0032998316455372313,0.1423,0.0007071067811865482,0.0,0.0,0.6966973999737285,0.0041855501491970155,,
device_0,0.0,1.2,0.15,drop,P1,0.118468878896957,0.00019659204978697453,0.032549999999999996,7.071067811864941e-05,3.0,0.0,12.5,2.1213203435596424,1.0,0.0,0.16105,7.071067811864696e-05,0.0,0.0,0.788494737528417,0.0004727261426302342,,
device_0,0.0,1.2,0.15,drop,P2,0.07279846787491093,0.00022279160464169784,0.15,0.0,4.5,0.7071067811865476,190.5,4.949747468305833,1.0,0.0,0.0436,0.0,0.0,0.0,0.21346400741741461,0.0002217016115311296,,
device_0,0.0,1.2,0.15,drop,P2prime,0.07288886710342736,0.00021642035415705716,0.15,0.0,3.0,0.0,12.5,2.1213203435596424,1.0,0.0,0.0436,0.0,0.0,0.0,0.21346400741741461,0.0002217016115311296,,
device_0,0.0,1.2,0.15,drop,P3,0.07469340981192915,0.00034447496037725417,0.15015,7.071067811864696e-05,4.0,0.0,158.0,4.242640687119285,0.9540452836147406,0.002847243142659182,0.050699999999999995,0.0004242640687119235,0.0,0.0,0.24822642674488063,0.0023349857801627173,10.0,0.0
device_0,0.0,1.2,0.15,late,P0,0.11539498985908189,1.658667164938577e-05,0.15,0.0,4.5,0.7071067811865476,195.5,3.5355339059327378,0.3596666666666667,0.007071067811865462,0.1407,0.0012727922061357927,0.0,0.0,0.688858824623592,0.0055160988116735345,,
device_0,0.0,1.2,0.15,late,P1,0.12398570268028593,0.00019016548401901807,0.032549999999999996,7.071067811864941e-05,3.0,0.0,12.5,2.1213203435596424,1.0,0.0,0.16105,7.071067811864696e-05,0.0,0.0,0.788494737528417,0.0004727261426302342,,
device_0,0.0,1.2,0.15,late,P2,0.0912472166397826,0.00021696370605498228,0.15,0.0,4.5,0.7071067811865476,180.5,4.949747468305833,1.0,0.0,0.0436,0.0,0.0,0.0,0.21346400741741461,0.0002217016115311296,,
device_0,0.0,1.2,0.15,late,P2prime,0.09159498751498663,0.00022153384857832858,0.15,0.0,3.0,0.0,12.5,2.1213203435596424,1.0,0.0,0.0436,0.0,0.0,0.0,0.21346400741741461,0.0002217016115311296,,
device_0,0.0,1.2,0.15,late,P3,0.09400130405316293,0.00018717464741077212,0.1501,0.00014142135623730373,3.5,0.7071067811865476,139.0,19.79898987322333,0.9217199289835775,0.002281698313016504,0.05555,7.071067811864941e-05,0.0,0.0,0.2719705911399481,6.373073848292875e-05,10.0,0.0
device_0,0.0,1.35,0.05,drop,P0,0.09217692807029346,0.0001247512352847118,0.05,0.0,2.5,0.7071067811865476,21.5,4.949747468305833,0.331,0.0014142135623730963,0.10865,0.0013435028842544445,0.0,0.0,0.5319430155395604,0.006025266732957561,,
device_0,0.0,1.35,0.05,drop,P1,0.09623531831116619,0.0002748004705063804,0.00865,0.0009192388155425111,1.0,0.0,0.0,0.0,1.0,0.0,0.1135,0.00014142135623731355,0.0,0.0,0.5556914946147997,0.00011525771853298299,,
device_0,0.0,1.35,0.05,drop,P2,0.07987806542857465,9.043642622076625e-05,0.05,0.0,3.0,0.0,31.0,2.8284271247461903,1.0,0.0,0.07215,0.0010606601717798223,0.0,0.0,0.35324106789293075,0.004826077970279667,,
device_0,0.0,1.35,0.05,drop,P2prime,0.07988621840408136,8.93317799649892e-05,0.05,0.0,1.0,0.0,0.0,0.0,1.0,0.0,0.07215,0.0010606601717798223,0.0,0.0,0.35324106789293075,0.004826077970279667,,
device_0,0.0,1.35,0.05,drop,P3,0.08009736979666174,8.440746068134226e-05,0.05,0.0,2.0,0.0,11.5,2.1213203435596424,0.998,0.0028284271247461927,0.07235,0.0010606601717798223,0.0,0.0,0.354220260587506,0.004825060990410268,10.0,0.0
device_0,0.0,1.35,0.05,late,P0,0.09602589302713394,1.5911100343407707e-05,0.05,0.0,3.0,0.0,19.5,3.5355339059327378,0.33999999999999997,0.016970562748477136,0.1088,0.0007071067811865482,0.0,0.0,0.5326790280655562,0.0029087319231542604,,
device_0,0.0,1.35,0.05,late,P1,0.09780372201275622,0.00010560423825307088,0.00865,0.0009192388155425111,1.0,0.0,0.0,0.0,1.0,0.0,0.1135,0.00014142135623731355,0.0,0.0,0.5556914946147997,0.00011525771853298299,,
device_0,0.0,1.35,0.05,late,P2,0.0866954105212488,0.0001227569386387609,0.05,0.0,3.0,0.0,17.5,0.7071067811865476,1.0,0.0,0.07215,0.0010606601717798223,0.0,0.0,0.35324106789293075,0.004826077970279667,,
device_0,0.0,1.35,0.05,late,P2prime,0.0867035377046714,0.00012400116590947303,0.05,0.0,1.0,0.0,0.0,0.0,1.0,0.0,0.07215,0.0010606601717798223,0.0,0.0,0.35324106789293075,0.004826077970279667,,
device_0,0.0,1.35,0.05,late,P3,0.08717304444999777,9.35857451868741e-05,0.05,0.0,2.0,0.0,10.0,2.8284271247461903,0.997,0.0014142135623730963,0.07250000000000001,0.0011313708498984741,0.0,0.0,0.35495447533009705,0.005170495152719437,10.0,0.0
device_0,0.0,1.35,0.1,drop,P0,0.08739902375738398,0.0002326310032053046,0.1,0.0,3.5,0.7071067811865476,90.5,10.606601717798213,0.2695,0.014849242404917511,0.10289999999999999,0.00042426406871192595,0.0,0.0,0.5037957200290331,0.0026004175260784055,,
device_0,0.0,1.35,0.1,drop,P1,0.09623531831116619,0.0002748004705063804,0.00865,0.0009192388155425111,1.0,0.0,0.0,0.0,1.0,0.0,0.1135,0.00014142135623731355,0.0,0.0,0.5556914946147997,0.00011525771853298299,,
device_0,0.0,1.35,0.1,drop,P2,0.06037962209678055,9.31089538888232e-05,0.1,0.0,4.0,0.0,96.0,9.899494936611665,1.0,0.0,0.02215,0.0010606601717798223,0.0,0.0,0.10844289424910661,0.005080322937631876,,
device_0,0.0,1.35,0.1,drop,P2prime,0.060418440085259234,9.244587205256369e-05,0.1,0.0,1.0,0.0,0.0,0.0,1.0,0.0,0.02215,0.0010606601717798223,0.0,0.0,0.10844289424910661,0.005080322937631876,,
device_0,0.0,1.35,0.1,drop,P3,0.061488853031041915,0.0008368344198272073,0.1,0.0,4.0,1.4142135623730951,80.5,3.5355339059327378,0.977,0.014142135623730963,0.026250000000000002,0.0040305086527633194,0.0,0.0,0.12850879379759933,0.019599744533181904,55.0,63.63961030678928
device_0,0.0,1.35,0.1,late,P0,0.0939064340099543,5.197497638261102e-05,0.1,0.0,4.0,0.0,99.5,4.949747468305833,0.263,0.008485281374238578,0.10345,0.0007778174593051951,0.0,0.0,0.5064854437073266,0.003282133031872087,,
device_0,0.0,1.35,0.1,late,P1,0.09780372201275622,0.00010560423825307088,0.00865,0.0009192388155425111,1.0,0.0,0.0,0.0,1.0,0.0,0.1135,0.00014142135623731355,0.0,0.0,0.5556914946147997,0.00011525771853298299,,
device_0,0.0,1.35,0.1,late,P2,0.07406177449806436,7.043316513837382e-05,0.1,0.0,4.0,0.0,88.5,0.7071067811865476,1.0,0.0,0.02215,0.0010606601717798223,0.0,0.0,0.10844289424910661,0.005080322937631876,,
device_0,0.0,1.35,0.1,late,P2prime,0.07422510031849969,7.374239059096058e-05,0.1,0.0,1.0,0.0,0.0,0.0,1.0,0.0,0.02215,0.0010606601717798223,0.0,0.0,0.10844289424910661,0.005080322937631876,,
device_0,0.0,1.35,0.1,late,P3,0.07444364197870315,8.00547873642103e-05,0.1,0.0,4.5,0.7071067811865476,83.5,7.7781745930520225,0.991,0.0028284271247461927,0.0232,0.0009899494936611692,0.0,0.0,0.11358383567396743,0.004728786896106201,100.0,0.0
device_0,0.0,1.35,0.15,drop,P0,0.08301279363230238,0.0003546606489101621,0.15,0.0,5.0,0.0,187.0,21.213203435596427,0.23633333333333334,0.01084230397819374,0.099,0.0014142135623730963,0.0,0.0,0.4846967882479618,0.0064205329088677845,,
device_0,0.0,1.35,0.15,drop,P1,0.09623531831116619,0.0002748004705063804,0.00865,0.0009192388155425111,1.0,0.0,0.0,0.0,1.0,0.0,0.1135,0.00014142135623731355,0.0,0.0,0.5556914946147997,0.00011525771853298299,,
device_0,0.0,1.35,0.15,drop,P2,0.04731063715912924,0.0001458662869921732,0.15,0.0,4.5,0.7071067811865476,190.5,4.949747468305833,1.0,0.0,0.0,0.0,0.0,0.0,0.0,0.0,,
device_0,0.0,1.35,0.15,drop,P2prime,0.05044196072626013,1.7225992194931892e-05,0.15,0.0,1.0,0.0,0.0,0.0,1.0,0.0,0.0135,0.0007071067811865482,0.0,0.0,0.06609370910042753,0.0033933228309275055,,
device_0,0.0,1.35,0.15,drop,P3,0.047777405047693934,0.00015518775793814035,0.15,0.0,8.0,2.8284271247461903,179.5,3.5355339059327378,0.956,0.0028284271247461927,0.0012499999999999998,7.07106781186547e-05,0.0,0.0,0.0061201341194361,0.0003525530213950657,100.0,0.0
device_0,0.0,1.35,0.15,late,P0,0.09197962871595153,0.00017994573112258238,0.15,0.0,4.0,0.0,182.5,6.363961030678928,0.22899999999999998,0.010842303978193722,0.09875,0.0013435028842544348,0.0,0.0,0.4834729771580832,0.006075607236493325,,
device_0,0.0,1.35,0.15,late,P1,0.09780372201275622,0.00010560423825307088,0.00865,0.0009192388155425111,1.0,0.0,0.0,0.0,1.0,0.0,0.1135,0.00014142135623731355,0.0,0.0,0.5556914946147997,0.00011525771853298299,,
device_0,0.0,1.35,0.15,late,P2,0.06634236243341565,9.482533863223652e-05,0.15,0.0,4.0,0.0,200.0,0.0,0.8206666666666667,0.008485281374238578,0.0,0.0,0.0,0.0,0.0,0.0,,
device_0,0.0,1.35,0.15,late,P2prime,0.06866783544601701,1.068760623989498e-06,0.15,0.0,1.0,0.0,0.0,0.0,0.8083333333333333,0.002357022603955213,0.0135,0.0007071067811865482,0.0,0.0,0.06609370910042753,0.0033933228309275055,,
device_0,0.0,1.35,0.15,late,P3,0.0667198928728803,0.00010125459431242987,0.15,0.0,4.5,0.7071067811865476,195.0,0.0,0.8463333333333334,0.00801387685344748,0.0008,0.0,0.0,0.0,0.003916770778301186,4.067919477635473e-06,100.0,0.0
device_0,0.0,1.5,0.01,drop,P0,0.07533014631945002,0.00024340982435093074,0.01,0.0,2.0,0.0,1.5,0.7071067811865476,0.36,0.05656854249492383,0.0433,0.0007071067811865482,0.0,0.0,0.21199701615895666,0.0036821451138396365,,
device_0,0.0,1.5,0.01,drop,P1,0.07585890215569549,0.0002622167044500491,0.0022500000000000003,0.0006363961030678928,1.0,0.0,0.0,0.0,1.0,0.0,0.0435,0.0005656854249492371,0.0,0.0,0.21297584929685096,0.002990768299286501,,
device_0,0.0,1.5,0.01,drop,P2,0.07273556247946553,8.123889350529818e-06,0.01,0.0,1.5,0.7071067811865476,0.5,0.7071067811865476,1.0,0.0,0.035750000000000004,7.071067811864941e-05,0.0,0.0,0.17503051437699374,0.00016441174555441835,,
device_0,0.0,1.5,0.01,drop,P2prime,0.07273556358293205,8.125449887852294e-06,0.01,0.0,1.0,0.0,0.0,0.0,1.0,0.0,0.035750000000000004,7.071067811864941e-05,0.0,0.0,0.17503051437699374,0.00016441174555441835,,
device_0,0.0,1.5,0.01,drop,P3,0.07282025915572289,3.85296557765927e-05,0.01,0.0,1.0,0.0,0.0,0.0,0.99,0.014142135623730963,0.0359,0.0,0.0,0.0,0.17576508867626572,0.00018254788655888907,10.0,0.0
device_0,0.0,1.5,0.01,late,P0,0.07610724035820152,7.397883697038134e-05,0.01,0.0,1.5,0.7071067811865476,0.5,0.7071067811865476,0.345,0.04949747468305835,0.0431,0.0002828427124746173,0.0,0.0,0.21101674479433838,0.0016039467507026513,,
device_0,0.0,1.5,0.01,late,P1,0.07627814396211358,0.0001432989869333684,0.0022500000000000003,0.0006363961030678928,1.0,0.0,0.0,0.0,1.0,0.0,0.0435,0.0005656854249492371,0.0,0.0,0.21297584929685096,0.002990768299286501,,
device_0,0.0,1.5,0.01,late,P2,0.07436572297743702,1.1323339631840328e-05,0.01,0.0,2.0,0.0,1.0,0.0,1.0,0.0,0.035750000000000004,7.071067811864941e-05,0.0,0.0,0.17503051437699374,0.00016441174555441835,,
device_0,0.0,1.5,0.01,late,P2prime,0.07436597075553844,1.1064166614549453e-05,0.01,0.0,1.0,0.0,0.0,0.0,1.0,0.0,0.035750000000000004,7.071067811864941e-05,0.0,0.0,0.17503051437699374,0.00016441174555441835,,
device_0,0.0,1.5,0.01,late,P3,0.07444748719203931,8.18644916257865e-06,0.01,0.0,1.0,0.0,0.0,0.0,0.995,0.007071067811865481,0.0358,0.0,0.0,0.0,0.17527549232897804,0.00018203939662417943,10.0,0.0
device_0,0.0,1.5,0.05,drop,P0,0.07238402672221181,0.00023283048833621303,0.05,0.0,3.0,0.0,26.5,3.5355339059327378,0.219,0.007071067811865481,0.0417,0.0007071067811865482,0.0,0.0,0.2041634746023543,0.0036740092748843603,,
device_0,0.0,1.5,0.05,drop,P1,0.07585890215569549,0.0002622167044500491,0.0022500000000000003,0.0006363961030678928,1.0,0.0,0.0,0.0,1.0,0.0,0.0435,0.0005656854249492371,0.0,0.0,0.21297584929685096,0.002990768299286501,,
device_0,0.0,1.5,0.05,drop,P2,0.05787088737793199,2.645428195240809e-05,0.05,0.0,3.0,0.0,31.0,2.8284271247461903,1.0,0.0,0.0,0.0,0.0,0.0,0.0,0.0,,
device_0,0.0,1.5,0.05,drop,P2prime,0.0584729002663036,0.00017047922759395602,0.05,0.0,1.0,0.0,0.0,0.0,1.0,0.0,0.00265,0.0006363961030678926,0.0,0.0,0.012975921208187153,0.003129247058171007,,
device_0,0.0,1.5,0.05,drop,P3,0.05842275990259986,0.00011496627324559658,0.05,0.0,5.0,0.0,31.0,5.656854249492381,0.984,0.008485281374238578,0.002,0.0007071067811865475,0.0,0.0,0.00979012916234799,0.003451799173418511,100.0,0.0
device_0,0.0,1.5,0.05,late,P0,0.07515734938776715,0.00014574482171566473,0.05,0.0,2.5,0.7071067811865476,23.5,0.7071067811865476,0.245,0.012727922061357866,0.04115,0.0006363961030678914,0.0,0.0,0.20147051491393173,0.0033250156830322143,,
device_0,0.0,1.5,0.05,late,P1,0.07627814396211358,0.0001432989869333684,0.0022500000000000003,0.0006363961030678928,1.0,0.0,0.0,0.0,1.0,0.0,0.0435,0.0005656854249492371,0.0,0.0,0.21297584929685096,0.002990768299286501,,
device_0,0.0,1.5,0.05,late,P2,0.06569951008918373,7.874782517207949e-06,0.05,0.0,3.0,0.0,28.5,6.363961030678928,0.947,0.007071067811865481,0.0,0.0,0.0,0.0,0.0,0.0,,
device_0,0.0,1.5,0.05,late,P2prime,0.06609224307552354,0.00010099153138708849,0.05,0.0,1.0,0.0,0.0,0.0,0.914,0.008485281374238578,0.00265,0.0006363961030678926,0.0,0.0,0.012975921208187153,0.003129247058171007,,
device_0,0.0,1.5,0.05,late,P3,0.06594702029276653,8.354673361341622e-05,0.05,0.0,3.5,0.7071067811865476,32.5,6.363961030678928,0.952,0.014142135623730963,0.0012000000000000001,0.000565685424949238,0.0,0.0,0.0058737179407278,0.0027634732984736267,100.0,0.0
device_0,0.0,1.5,0.1,drop,P0,0.06863929092865352,0.00039895969963075264,0.1,0.0,3.5,0.7071067811865476,85.5,6.363961030678928,0.2185,0.01626345596729061,0.04,0.0007071067811865482,0.0,0.0,0.19584033669846426,0.0036653649459943653,,
device_0,0.0,1.5,0.1,drop,P1,0.07585890215569549,0.0002622167044500491,0.0022500000000000003,0.0006363961030678928,1.0,0.0,0.0,0.0,1.0,0.0,0.0435,0.0005656854249492371,0.0,0.0,0.21297584929685096,0.002990768299286501,,
device_0,0.0,1.5,0.1,drop,P2,0.049572444046137885,2.3781754284356073e-05,0.1,0.0,4.0,0.0,96.0,9.899494936611665,1.0,0.0,0.0,0.0,0.0,0.0,0.0,0.0,,
device_0,0.0,1.5,0.1,drop,P2prime,0.05020488015108131,0.00016702318375794593,0.1,0.0,1.0,0.0,0.0,0.0,1.0,0.0,0.00265,0.0006363961030678926,0.0,0.0,0.012975921208187153,0.003129247058171007,,
device_0,0.0,1.5,0.1,drop,P3,0.049972058540710684,3.8171474248723894e-05,0.1,0.0,5.5,0.7071067811865476,76.0,2.8284271247461903,0.987,0.004242640687119289,0.0008,0.0,0.0,0.0,0.003916770778301186,4.067919477635473e-06,100.0,0.0
device_0,0.0,1.5,0.1,late,P0,0.07417869860435702,0.00024396105504582283,0.1,0.0,3.5,0.7071067811865476,105.0,5.656854249492381,0.216,0.004242640687119289,0.03945,0.000777817459305205,0.0,0.0,0.19314773656672268,0.004008765148564745,,
device_0,0.0,1.5,0.1,late,P1,0.07627814396211358,0.0001432989869333684,0.0022500000000000003,0.0006363961030678928,1.0,0.0,0.0,0.0,1.0,0.0,0.0435,0.0005656854249492371,0.0,0.0,0.21297584929685096,0.002990768299286501,,
device_0,0.0,1.5,0.1,late,P2,0.06210364717421907,1.3855157989054577e-05,0.1,0.0,3.5,0.7071067811865476,102.5,3.5355339059327378,0.7155,0.007778174593051991,0.0,0.0,0.0,0.0,0.0,0.0,,
device_0,0.0,1.5,0.1,late,P2prime,0.06257286341353438,0.00011303938121218573,0.1,0.0,1.0,0.0,0.0,0.0,0.6859999999999999,0.005656854249492346,0.00265,0.0006363961030678926,0.0,0.0,0.012975921208187153,0.003129247058171007,,
device_0,0.0,1.5,0.1,late,P3,0.06231899554422308,7.772067998850451e-06,0.1,0.0,3.5,0.7071067811865476,84.5,13.435028842544403,0.7515000000000001,0.006363961030678894,0.00035,7.071067811865478e-05,0.0,0.0,0.0017134074371662714,0.00034441718243979447,100.0,0.0
device_0,0.0,1.5,0.15,drop,P0,0.06461069564086208,2.179131988861461e-05,0.15,0.0,5.0,0.0,173.0,12.727922061357855,0.21066666666666667,0.004714045207910308,0.03655,0.00021213203435596788,0.0,0.0,0.17894692559861392,0.0008527376204993351,,
device_0,0.0,1.5,0.15,drop,P1,0.07585890215569549,0.0002622167044500491,0.0022500000000000003,0.0006363961030678928,1.0,0.0,0.0,0.0,1.0,0.0,0.0435,0.0005656854249492371,0.0,0.0,0.21297584929685096,0.002990768299286501,,
device_0,0.0,1.5,0.15,drop,P2,0.04146505910848658,2.5169116686665483e-05,0.15,0.0,4.5,0.7071067811865476,190.5,4.949747468305833,1.0,0.0,0.0,0.0,0.0,0.0,0.0,0.0,,
device_0,0.0,1.5,0.15,drop,P2prime,0.042165850905811694,0.0001632078342189971,0.15,0.0,1.0,0.0,0.0,0.0,1.0,0.0,0.00265,0.0006363961030678926,0.0,0.0,0.012975921208187153,0.003129247058171007,,
device_0,0.0,1.5,0.15,drop,P3,0.04187005525928983,4.1994250298811196e-05,0.15,0.0,8.0,2.8284271247461903,166.5,3.5355339059327378,0.9753333333333334,0.0018856180831641153,0.0005,0.0,0.0,0.0,0.0024479817364382412,2.542449673522324e-06,100.0,0.0
device_0,0.0,1.5,0.15,late,P0,0.07290876914415811,0.0004982482524115578,0.15,0.0,5.0,0.0,199.0,1.4142135623730951,0.21200000000000002,0.016970562748477126,0.036199999999999996,0.001414213562373089,0.0,0.0,0.1772374732849386,0.007108011300588211,,
device_0,0.0,1.5,0.15,late,P1,0.07627814396211358,0.0001432989869333684,0.0022500000000000003,0.0006363961030678928,1.0,0.0,0.0,0.0,1.0,0.0,0.0435,0.0005656854249492371,0.0,0.0,0.21297584929685096,0.002990768299286501,,
device_0,0.0,1.5,0.15,late,P2,0.05889966110793282,3.0904033701712917e-05,0.15,0.0,5.0,1.4142135623730951,205.5,4.949747468305833,0.6653333333333333,0.0009428090415821165,0.0,0.0,0.0,0.0,0.0,0.0,,
device_0,0.0,1.5,0.15,late,P2prime,0.0596137557981861,0.00011660029332091392,0.15,0.0,1.0,0.0,0.0,0.0,0.7296666666666667,0.005185449728701288,0.00265,0.0006363961030678926,0.0,0.0,0.012975921208187153,0.003129247058171007,,
device_0,0.0,1.5,0.15,late,P3,0.059261685821713386,2.924519138407238e-05,0.15,0.0,4.5,0.7071067811865476,185.0,5.656854249492381,0.727,0.0032998316455371724,0.0003,0.0,0.0,0.0,0.0014687890418629446,1.5254698041133023e-06,100.0,0.0
device_0,0.0,2.0,0.01,drop,P0,0.060965260065817595,1.719816804520426e-05,0.01,0.0,2.0,0.0,1.5,0.7071067811865476,0.22,0.014142135623730963,0.0,0.0,0.0,0.0,0.0,0.0,,
device_0,0.0,2.0,0.01,drop,P1,0.06159484714839379,1.7966629327557098e-05,0.0,0.0,0.0,0.0,0.0,0.0,,,0.0,0.0,0.0,0.0,0.0,0.0,,
device_0,0.0,2.0,0.01,drop,P2,0.05978826566574577,2.5344258831953283e-05,0.01,0.0,1.5,0.7071067811865476,0.5,0.7071067811865476,1.0,0.0,0.0,0.0,0.0,0.0,0.0,0.0,,
device_0,0.0,2.0,0.01,drop,P2prime,0.059788266769212284,2.5345819369261034e-05,0.01,0.0,1.0,0.0,0.0,0.0,1.0,0.0,0.0,0.0,0.0,0.0,0.0,0.0,,
device_0,0.0,2.0,0.01,drop,P3,0.05989714460404596,2.8641952234590986e-05,0.01,0.0,2.0,1.4142135623730951,2.0,2.8284271247461903,0.975,0.021213203435596444,0.0,0.0,0.0,0.0,0.0,0.0,55.0,63.63961030678928
device_0,0.0,2.0,0.01,late,P0,0.061532770355982105,2.655967813095714e-06,0.01,0.0,1.5,0.7071067811865476,0.5,0.7071067811865476,0.16999999999999998,0.028284271247461894,0.0,0.0,0.0,0.0,0.0,0.0,,
device_0,0.0,2.0,0.01,late,P1,0.06159484714839379,1.7966629327557098e-05,0.0,0.0,0.0,0.0,0.0,0.0,,,0.0,0.0,0.0,0.0,0.0,0.0,,
device_0,0.0,2.0,0.01,late,P2,0.061029712842697245,1.758203774239702e-05,0.01,0.0,1.5,0.7071067811865476,1.0,1.4142135623730951,1.0,0.0,0.0,0.0,0.0,0.0,0.0,0.0,,
device_0,0.0,2.0,0.01,late,P2prime,0.06102982006561698,1.7430401635114487e-05,0.01,0.0,1.0,0.0,0.0,0.0,1.0,0.0,0.0,0.0,0.0,0.0,0.0,0.0,,
device_0,0.0,2.0,0.01,late,P3,0.06106075244242595,1.8361243798494226e-05,0.01,0.0,1.5,0.7071067811865476,0.5,0.7071067811865476,1.0,0.0,0.0,0.0,0.0,0.0,0.0,0.0,100.0,0.0
device_0,0.0,2.0,0.05,drop,P0,0.05860361378502728,0.00015898867860846005,0.05,0.0,2.0,0.0,23.5,6.363961030678928,0.19,0.028284271247461888,0.0,0.0,0.0,0.0,0.0,0.0,,
device_0,0.0,2.0,0.05,drop,P1,0.06159484714839379,1.7966629327557098e-05,0.0,0.0,0.0,0.0,0.0,0.0,,,0.0,0.0,0.0,0.0,0.0,0.0,,
device_0,0.0,2.0,0.05,drop,P2,0.05293159056421222,2.783545953523165e-05,0.05,0.0,3.0,0.0,31.0,2.8284271247461903,1.0,0.0,0.0,0.0,0.0,0.0,0.0,0.0,,
device_0,0.0,2.0,0.05,drop,P2prime,0.052939743539718934,2.8940105791003813e-05,0.05,0.0,1.0,0.0,0.0,0.0,1.0,0.0,0.0,0.0,0.0,0.0,0.0,0.0,,
device_0,0.0,2.0,0.05,drop,P3,0.05311039192202485,5.11046453158376e-05,0.05,0.0,4.5,0.7071067811865476,16.0,2.8284271247461903,0.989,0.004242640687119289,0.0,0.0,0.0,0.0,0.0,0.0,100.0,0.0
device_0,0.0,2.0,0.05,late,P0,0.061232246804454445,6.011911165142154e-05,0.05,0.0,3.0,0.0,25.0,1.4142135623730951,0.20600000000000002,0.008485281374238549,0.0,0.0,0.0,0.0,0.0,0.0,,
device_0,0.0,2.0,0.05,late,P1,0.06159484714839379,1.7966629327557098e-05,0.0,0.0,0.0,0.0,0.0,0.0,,,0.0,0.0,0.0,0.0,0.0,0.0,,
device_0,0.0,2.0,0.05,late,P2,0.05896661561415869,2.1650063843414284e-05,0.05,0.0,3.0,0.0,23.5,4.949747468305833,1.0,0.0,0.0,0.0,0.0,0.0,0.0,0.0,,
device_0,0.0,2.0,0.05,late,P2prime,0.0589728473526316,1.9712779901620248e-05,0.05,0.0,1.0,0.0,0.0,0.0,1.0,0.0,0.0,0.0,0.0,0.0,0.0,0.0,,
device_0,0.0,2.0,0.05,late,P3,0.05903702932545274,1.5866095375993036e-05,0.05,0.0,3.0,0.0,26.0,1.4142135623730951,1.0,0.0,0.0,0.0,0.0,0.0,0.0,0.0,1000.0,0.0
device_0,0.0,2.0,0.1,drop,P0,0.05550627853915643,0.0002475306824248992,0.1,0.0,3.5,0.7071067811865476,95.0,7.0710678118654755,0.1985,0.01909188309203677,0.0,0.0,0.0,0.0,0.0,0.0,,
device_0,0.0,2.0,0.1,drop,P1,0.06159484714839379,1.7966629327557098e-05,0.0,0.0,0.0,0.0,0.0,0.0,,,0.0,0.0,0.0,0.0,0.0,0.0,,
device_0,0.0,2.0,0.1,drop,P2,0.044633147232418124,2.5162931867186992e-05,0.1,0.0,4.0,0.0,96.0,9.899494936611665,1.0,0.0,0.0,0.0,0.0,0.0,0.0,0.0,,
device_0,0.0,2.0,0.1,drop,P2prime,0.04467196522089681,2.582601370343913e-05,0.1,0.0,1.0,0.0,0.0,0.0,1.0,0.0,0.0,0.0,0.0,0.0,0.0,0.0,,
device_0,0.0,2.0,0.1,drop,P3,0.04489558413103625,5.569536887538136e-05,0.1,0.0,5.0,1.4142135623730951,76.0,11.313708498984761,0.994,0.0014142135623730963,0.0,0.0,0.0,0.0,0.0,0.0,100.0,0.0
device_0,0.0,2.0,0.1,late,P0,0.060884747473623345,0.00012770821968413048,0.1,0.0,3.0,0.0,95.0,8.48528137423857,0.20550000000000002,0.028991378028648443,0.0,0.0,0.0,0.0,0.0,0.0,,
device_0,0.0,2.0,0.1,late,P1,0.06159484714839379,1.7966629327557098e-05,0.0,0.0,0.0,0.0,0.0,0.0,,,0.0,0.0,0.0,0.0,0.0,0.0,,
device_0,0.0,2.0,0.1,late,P2,0.05664779471904283,3.214501033367926e-05,0.1,0.0,3.0,0.0,91.0,1.4142135623730951,1.0,0.0,0.0,0.0,0.0,0.0,0.0,0.0,,
device_0,0.0,2.0,0.1,late,P2prime,0.0567018283894751,3.279715789109816e-05,0.1,0.0,1.0,0.0,0.0,0.0,1.0,0.0,0.0,0.0,0.0,0.0,0.0,0.0,,
device_0,0.0,2.0,0.1,late,P3,0.056734730931715965,1.899468773074059e-05,0.1,0.0,3.5,0.7071067811865476,94.5,3.5355339059327378,1.0,0.0,0.0,0.0,0.0,0.0,0.0,0.0,1000.0,0.0
device_0,0.0,2.0,0.15,drop,P0,0.05234795778678303,2.6076560804010015e-06,0.15,0.0,4.5,0.7071067811865476,182.0,15.556349186104045,0.20133333333333334,0.004714045207910308,0.0,0.0,0.0,0.0,0.0,0.0,,
device_0,0.0,2.0,0.15,drop,P1,0.06159484714839379,1.7966629327557098e-05,0.0,0.0,0.0,0.0,0.0,0.0,,,0.0,0.0,0.0,0.0,0.0,0.0,,
device_0,0.0,2.0,0.15,drop,P2,0.0366979820167254,3.418069862043456e-05,0.15,0.0,4.5,0.7071067811865476,190.5,4.949747468305833,1.0,0.0,0.0,0.0,0.0,0.0,0.0,0.0,,
device_0,0.0,2.0,0.15,drop,P2prime,0.03703425976687188,1.5898139199009655e-05,0.15,0.0,1.0,0.0,0.0,0.0,1.0,0.0,0.0,0.0,0.0,0.0,0.0,0.0,,
device_0,0.0,2.0,0.15,drop,P3,0.03707004247386843,5.8417907095690946e-05,0.15,0.0,6.5,0.7071067811865476,182.5,3.5355339059327378,0.9943333333333333,0.000471404520791019,0.0,0.0,0.0,0.0,0.0,0.0,100.0,0.0
device_0,0.0,2.0,0.15,late,P0,0.060494351336419394,6.147466648537973e-05,0.15,0.0,5.5,0.7071067811865476,188.0,2.8284271247461903,0.20266666666666666,0.009428090415820645,0.0,0.0,0.0,0.0,0.0,0.0,,
device_0,0.0,2.0,0.15,late,P1,0.06159484714839379,1.7966629327557098e-05,0.0,0.0,0.0,0.0,0.0,0.0,,,0.0,0.0,0.0,0.0,0.0,0.0,,
device_0,0.0,2.0,0.15,late,P2,0.05489943965259182,5.16348050464853e-05,0.15,0.0,4.0,0.0,185.5,12.020815280171307,1.0,0.0,0.0,0.0,0.0,0.0,0.0,0.0,,
device_0,0.0,2.0,0.15,late,P2prime,0.05533055656756902,7.015440313500928e-05,0.15,0.0,1.0,0.0,0.0,0.0,1.0,0.0,0.0,0.0,0.0,0.0,0.0,0.0,,
device_0,0.0,2.0,0.15,late,P3,0.054992410269673976,1.7228782383966985e-05,0.15,0.0,4.0,0.0,186.5,9.192388155425117,1.0,0.0,0.0,0.0,0.0,0.0,0.0,0.0,1000.0,0.0
device_0,0.75,1.1,0.15,drop,P0,0.11824425051650736,0.00028880728353526035,0.15,0.0,6.5,0.7071067811865476,248.5,16.263455967290593,0.5736666666666667,0.007071067811865481,0.1424,0.0032526911934581135,0.028149659594544525,0.0012206802140292238,0.582391613094016,0.011737075663188616,,
device_0,0.75,1.1,0.15,drop,P1,0.12883524228122772,0.0006678035265166239,0.07505,0.0006363961030678865,6.0,1.4142135623730951,149.5,6.363961030678928,1.0,0.0,0.15560000000000002,0.001979898987322321,0.030921907483995162,0.0006749171015364346,0.6358353943028712,0.002659480363184392,,
device_0,0.75,1.1,0.15,drop,P2,0.09980401818173049,0.0004260528006509543,0.15,0.0,13.5,2.1213203435596424,359.5,3.5355339059327378,1.0,0.0,0.08065,0.002616295090390232,0.030921907483995162,0.0006749171015364346,0.2721073123136416,0.011487676540611244,,
device_0,0.75,1.1,0.15,drop,P2prime,0.1021936227403217,0.0005442214473313097,0.15,0.0,6.0,1.4142135623730951,149.5,6.363961030678928,0.7926666666666666,0.010370899457402771,0.08940000000000001,0.00212132034355963,0.002772247889450636,0.0005457631124927917,0.4230832983298142,0.001556996391417328,,
device_0,0.75,1.1,0.15,drop,P3,0.10644776566524763,0.00046627333506127073,0.15039999999999998,0.00014142135623732336,6.5,0.7071067811865476,290.5,2.1213203435596424,0.7260637086845136,0.000257582725003023,0.1078,0.0025455844122715702,0.013728344426323164,0.0006562934373762133,0.47009953870698573,0.0076767647143127764,10.0,0.0
device_0,0.75,1.1,0.15,late,P0,0.13311364932610487,0.0010289861099569047,0.15,0.0,7.0,0.0,253.5,23.33452377915607,0.579,0.024984439601924716,0.14179999999999998,0.001272792206135773,0.028402312449521787,0.0008633751199481012,0.5786936404099461,0.011534626175168462,,
device_0,0.75,1.1,0.15,late,P1,0.1404002928487521,0.0005903284060669215,0.07505,0.0006363961030678865,6.0,1.4142135623730951,149.5,6.363961030678928,1.0,0.0,0.15560000000000002,0.001979898987322321,0.030921907483995162,0.0006749171015364346,0.6358353943028712,0.002659480363184392,,
device_0,0.75,1.1,0.15,late,P2,0.11786490513572451,0.00045085658114229625,0.15,0.0,14.0,1.4142135623730951,328.0,2.8284271247461903,0.8363333333333334,0.004242640687119289,0.08065,0.002616295090390232,0.0,0.0,0.39126345124025474,0.006519339680829773,,
device_0,0.75,1.1,0.15,late,P2prime,0.11999689266381888,0.0004856246279390441,0.15,0.0,6.0,1.4142135623730951,149.5,6.363961030678928,0.7876666666666667,0.00801387685344748,0.08940000000000001,0.00212132034355963,0.0018266242925751791,9.6551357688463e-05,0.4267092234116094,0.0032152175268447135,,
device_0,0.75,1.1,0.15,late,P3,0.12436749072551177,0.0007034644530141579,0.15039999999999998,0.00014142135623732336,6.0,1.4142135623730951,282.0,1.4142135623730951,0.6851694175325982,0.007348297471657836,0.11265,0.0012020815280171357,0.01209011500940737,0.0010192753833037685,0.4999837539720361,0.0020587914217565077,10.0,0.0
device_0,0.75,1.2,0.1,drop,P0,0.11016178201560406,0.00024241983275855318,0.1,0.0,4.5,0.7071067811865476,105.5,13.435028842544403,0.4725,0.0007071067811865482,0.1491,0.0009899494936611458,0.0,0.0,0.7234874241616578,0.006614903830602383,,
device_0,0.75,1.2,0.1,drop,P1,0.11811663766498581,2.0465636371840496e-05,0.0358,0.0007071067811865482,3.5,0.7071067811865476,38.5,4.949747468305833,1.0,0.0,0.1599,0.0016970562748477136,0.0,0.0,0.7758686209618025,0.004010697505265629,,
device_0,0.75,1.2,0.1,drop,P2,0.09301495810068075,0.00030119967918665146,0.1,0.0,8.0,1.4142135623730951,235.5,6.363961030678928,1.0,0.0,0.09570000000000001,0.0009899494936611605,0.0,0.0,0.46435762734531427,0.002525290982144786,,
device_0,0.75,1.2,0.1,drop,P2prime,0.0931509911930626,0.0003013273684855018,0.1,0.0,3.5,0.7071067811865476,38.5,4.949747468305833,1.0,0.0,0.09570000000000001,0.0009899494936611605,0.0,0.0,0.46435762734531427,0.002525290982144786,,
device_0,0.75,1.2,0.1,drop,P3,0.09733658430484743,0.0003543334564729296,0.10035,0.0003535533905932741,5.5,0.7071067811865476,197.5,7.7781745930520225,0.8266157301942589,0.005026256387482576,0.1129,0.0009899494936611753,0.0,0.0,0.5478226555333501,0.003842544558801539,10.0,0.0
device_0,0.75,1.2,0.1,late,P0,0.11953026968910568,0.0003128067514071353,0.1,0.0,5.0,0.0,105.0,26.870057685088806,0.47350000000000003,0.00777817459305201,0.14889999999999998,0.0019798989873223405,0.0,0.0,0.7224789931794937,0.001795740277783163,,
device_0,0.75,1.2,0.1,late,P1,0.12416182702891335,0.00012718896313056302,0.0358,0.0007071067811865482,3.5,0.7071067811865476,38.5,4.949747468305833,1.0,0.0,0.1599,0.0016970562748477136,0.0,0.0,0.7758686209618025,0.004010697505265629,,
device_0,0.75,1.2,0.1,late,P2,0.1057359895989396,0.00032672370871637867,0.1,0.0,7.0,1.4142135623730951,232.0,1.4142135623730951,1.0,0.0,0.09570000000000001,0.0009899494936611605,0.0,0.0,0.46435762734531427,0.002525290982144786,,
device_0,0.75,1.2,0.1,late,P2prime,0.10622583741093528,0.00029621667102832484,0.1,0.0,3.5,0.7071067811865476,38.5,4.949747468305833,1.0,0.0,0.09570000000000001,0.0009899494936611605,0.0,0.0,0.46435762734531427,0.002525290982144786,,
device_0,0.75,1.2,0.1,late,P3,0.1105859104550728,0.0003116826849295551,0.1003,0.0002828427124746271,4.0,0.0,187.0,1.4142135623730951,0.7701974642273149,0.0056968906332642375,0.1186,0.0012727922061357827,0.0,0.0,0.5754717469801224,0.0029065486528404502,10.0,0.0
device_0,0.75,1.2,0.15,drop,P0,0.10400640475764117,0.0004347659294131233,0.15,0.0,5.0,0.0,208.5,9.192388155425117,0.372,0.004714045207910347,0.14125,0.0009192388155425185,0.0,0.0,0.6853970811773991,0.006356847328603169,,
device_0,0.75,1.2,0.15,drop,P1,0.11811663766498581,2.0465636371840496e-05,0.0358,0.0007071067811865482,3.5,0.7071067811865476,38.5,4.949747468305833,1.0,0.0,0.1599,0.0016970562748477136,0.0,0.0,0.7758686209618025,0.004010697505265629,,
device_0,0.75,1.2,0.15,drop,P2,0.07369444132476918,0.0003045896498164696,0.15,0.0,13.5,2.1213203435596424,359.5,3.5355339059327378,1.0,0.0,0.0457,0.0009899494936611655,0.0,0.0,0.22172673144986144,0.001303934531392292,,
device_0,0.75,1.2,0.15,drop,P2prime,0.08356444363813734,0.00042985715387569383,0.15,0.0,3.5,0.7071067811865476,38.5,4.949747468305833,0.741,0.012727922061357866,0.087,0.00042426406871193576,0.0,0.0,0.42216151283012404,0.00460406097179803,,
device_0,0.75,1.2,0.15,drop,P3,0.0853906706879059,0.000282758982644385,0.15025,0.00021213203435597035,6.0,0.0,281.0,2.8284271247461903,0.6881883708733185,0.0028541065664432234,0.09285,0.0012020815280171357,0.0,0.0,0.45051954326529153,0.0012776294169949596,10.0,0.0
device_0,0.75,1.2,0.15,late,P0,0.1157618392049557,0.0004517268046938803,0.15,0.0,6.5,2.1213203435596424,200.0,12.727922061357855,0.379,0.007071067811865481,0.1405,0.00042426406871193083,0.0,0.0,0.6817765714382584,0.008701332271282652,,
device_0,0.75,1.2,0.15,late,P1,0.12416182702891335,0.00012718896313056302,0.0358,0.0007071067811865482,3.5,0.7071067811865476,38.5,4.949747468305833,1.0,0.0,0.1599,0.0016970562748477136,0.0,0.0,0.7758686209618025,0.004010697505265629,,
device_0,0.75,1.2,0.15,late,P2,0.09229049157365675,0.00031418227535908767,0.15,0.0,13.5,2.1213203435596424,369.0,2.8284271247461903,1.0,0.0,0.0457,0.0009899494936611655,0.0,0.0,0.22172673144986144,0.001303934531392292,,
device_0,0.75,1.2,0.15,late,P2prime,0.0998081886560303,0.00038270110096779765,0.15,0.0,3.5,0.7071067811865476,38.5,4.949747468305833,0.7246666666666667,0.003771236166328309,0.087,0.00042426406871193576,0.0,0.0,0.42216151283012404,0.00460406097179803,,
device_0,0.75,1.2,0.15,late,P3,0.10270323407283236,8.893473258111377e-05,0.14939999999999998,0.00014142135623730373,5.0,0.0,267.0,1.4142135623730951,0.6385500227370986,0.008861505703696404,0.10045,0.002333452377915605,0.0,0.0,0.4873561167001633,0.003630438762964764,10.0,0.0
device_0,0.75,1.35,0.05,drop,P0,0.09373458720946419,0.00017318573410964294,0.05,0.0,2.5,0.7071067811865476,23.5,3.5355339059327378,0.33399999999999996,0.03676955262170049,0.1124,0.0,0.0,0.0,0.545434253972978,0.008608098954431414,,
device_0,0.75,1.35,0.05,drop,P1,0.0977929028047106,5.218810575585026e-05,0.00875,0.0007778174593052006,2.0,0.0,3.5,0.7071067811865476,1.0,0.0,0.11725,0.00021213203435597523,0.0,0.0,0.568961327860855,0.007950138118366295,,
device_0,0.75,1.35,0.05,drop,P2,0.08146313768350479,0.00036513536557462504,0.05,0.0,4.0,0.0,73.0,11.313708498984761,1.0,0.0,0.07600000000000001,0.0009899494936611605,0.0,0.0,0.36876105436250584,0.0010165761298111726,,
device_0,0.75,1.35,0.05,drop,P2prime,0.0814853243688349,0.0003700211319866525,0.05,0.0,2.0,0.0,3.5,0.7071067811865476,1.0,0.0,0.07600000000000001,0.0009899494936611605,0.0,0.0,0.36876105436250584,0.0010165761298111726,,
device_0,0.75,1.35,0.05,drop,P3,0.08252189585302641,0.0002641464372302278,0.05015,7.071067811865677e-05,3.0,0.0,73.0,4.242640687119285,0.9401714499288276,0.011364226167410344,0.0796,0.0007071067811865482,0.0,0.0,0.38624130955228775,0.0026648079812902,10.0,0.0
device_0,0.75,1.35,0.05,late,P0,0.09763282043694171,8.700559914527372e-06,0.05,0.0,2.5,0.7071067811865476,22.0,2.8284271247461903,0.33699999999999997,0.015556349186104039,0.11285,0.0004949747468305827,0.0,0.0,0.5476368857353282,0.011044485309435735,,
device_0,0.75,1.35,0.05,late,P1,0.09937764201840685,0.00018981378131918163,0.00875,0.0007778174593052006,2.0,0.0,3.5,0.7071067811865476,1.0,0.0,0.11725,0.00021213203435597523,0.0,0.0,0.568961327860855,0.007950138118366295,,
device_0,0.75,1.35,0.05,late,P2,0.0882973812306432,0.0003948495011510795,0.05,0.0,4.0,0.0,78.0,9.899494936611665,1.0,0.0,0.07600000000000001,0.0009899494936611605,0.0,0.0,0.36876105436250584,0.0010165761298111726,,
device_0,0.75,1.35,0.05,late,P2prime,0.08835398489455218,0.00039102696800542364,0.05,0.0,2.0,0.0,3.5,0.7071067811865476,1.0,0.0,0.07600000000000001,0.0009899494936611605,0.0,0.0,0.36876105436250584,0.0010165761298111726,,
device_0,0.75,1.35,0.05,late,P3,0.08987612656816195,0.00027829271144546956,0.050100000000000006,0.0001414213562373062,3.0,0.0,60.5,6.363961030678928,0.8862191235059761,0.005966741683478502,0.08215,0.0004949747468305876,0.0,0.0,0.39862360825693777,0.0038894941933588557,10.0,0.0
device_0,0.75,1.35,0.1,drop,P0,0.08869427414601457,0.00023239929060906995,0.1,0.0,3.5,0.7071067811865476,90.5,7.7781745930520225,0.269,0.0014142135623730963,0.10615,0.0007778174593052098,0.0,0.0,0.5150756076014459,0.004354994825352276,,
device_0,0.75,1.35,0.1,drop,P1,0.0977929028047106,5.218810575585026e-05,0.00875,0.0007778174593052006,2.0,0.0,3.5,0.7071067811865476,1.0,0.0,0.11725,0.00021213203435597523,0.0,0.0,0.568961327860855,0.007950138118366295,,
device_0,0.75,1.35,0.1,drop,P2,0.06194955370339756,0.00036100381126859726,0.1,0.0,8.0,1.4142135623730951,235.5,6.363961030678928,1.0,0.0,0.026000000000000002,0.0009899494936611668,0.0,0.0,0.12613015846705306,0.0028126493837258956,,
device_0,0.75,1.35,0.1,drop,P2prime,0.06577975492758995,0.00018198827570782433,0.1,0.0,2.0,0.0,3.5,0.7071067811865476,1.0,0.0,0.042300000000000004,0.0001414213562373062,0.0,0.0,0.20526032258489846,0.0025532609772002043,,
device_0,0.75,1.35,0.1,drop,P3,0.06962329275556536,8.232703245955699e-05,0.1001,0.00014142135623730864,4.5,0.7071067811865476,179.5,3.5355339059327378,0.7652285429141716,0.008808489863044361,0.054849999999999996,0.0007778174593051976,0.0,0.0,0.2661958771819122,0.007975111328237082,10.0,0.0
device_0,0.75,1.35,0.1,late,P0,0.09520084981900934,9.770127570456028e-05,0.1,0.0,4.5,0.7071067811865476,97.5,6.363961030678928,0.267,0.007071067811865481,0.10605,0.0006363961030678964,0.0,0.0,0.5146444992362011,0.011209974446846873,,
device_0,0.75,1.35,0.1,late,P1,0.09937764201840685,0.00018981378131918163,0.00875,0.0007778174593052006,2.0,0.0,3.5,0.7071067811865476,1.0,0.0,0.11725,0.00021213203435597523,0.0,0.0,0.568961327860855,0.007950138118366295,,
device_0,0.75,1.35,0.1,late,P2,0.07564421930882513,0.0003548527016296325,0.1,0.0,7.5,2.1213203435596424,241.0,4.242640687119285,1.0,0.0,0.026000000000000002,0.0009899494936611668,0.0,0.0,0.12613015846705306,0.0028126493837258956,,
device_0,0.75,1.35,0.1,late,P2prime,0.07863721914308676,0.00021817004273292026,0.1,0.0,2.0,0.0,3.5,0.7071067811865476,0.837,0.008485281374238578,0.042300000000000004,0.0001414213562373062,0.0,0.0,0.20526032258489846,0.0025532609772002043,,
device_0,0.75,1.35,0.1,late,P3,0.07642783022692134,0.0003315124835110195,0.10025,7.071067811866168e-05,7.5,0.7071067811865476,234.5,3.5355339059327378,0.9700748055235491,2.110753909489592e-05,0.02895,0.0007778174593052001,0.0,0.0,0.14045350433886672,0.0015573293675489371,100.0,0.0
device_0,0.75,1.35,0.15,drop,P0,0.08384665629231627,0.00019644002547728286,0.15,0.0,5.0,0.0,192.5,21.920310216782973,0.24466666666666667,0.0028284271247461927,0.1005,0.0002828427124746124,0.0,0.0,0.48767727006455086,0.0063242156677052,,
device_0,0.75,1.35,0.15,drop,P1,0.0977929028047106,5.218810575585026e-05,0.00875,0.0007778174593052006,2.0,0.0,3.5,0.7071067811865476,1.0,0.0,0.11725,0.00021213203435597523,0.0,0.0,0.568961327860855,0.007950138118366295,,
device_0,0.75,1.35,0.15,drop,P2,0.04800503692748599,0.00013586515405869203,0.15,0.0,13.5,2.1213203435596424,359.5,3.5355339059327378,1.0,0.0,0.0,0.0,0.0,0.0,0.0,0.0,,
device_0,0.75,1.35,0.15,drop,P2prime,0.05830092525935085,0.00024721496441988856,0.15,0.0,2.0,0.0,3.5,0.7071067811865476,0.732,0.008485281374238578,0.042300000000000004,0.0001414213562373062,0.0,0.0,0.20526032258489846,0.0025532609772002043,,
device_0,0.75,1.35,0.15,drop,P3,0.06008675947286164,6.1068386430053315e-06,0.15005000000000002,7.071067811865677e-05,5.0,0.0,268.5,14.849242404917497,0.6367863646457916,0.0058261327549596195,0.039999999999999994,0.0008485281374238544,0.0,0.0,0.19413720877229002,0.007180963254342663,10.0,0.0
device_0,0.75,1.35,0.15,late,P0,0.09309016263306641,0.0006029418108194365,0.15,0.0,3.5,0.7071067811865476,186.0,5.656854249492381,0.24666666666666667,0.0028284271247461927,0.1009,0.0014142135623730963,0.0,0.0,0.4895749944904775,0.0008647390137961255,,
device_0,0.75,1.35,0.15,late,P1,0.09937764201840685,0.00018981378131918163,0.00875,0.0007778174593052006,2.0,0.0,3.5,0.7071067811865476,1.0,0.0,0.11725,0.00021213203435597523,0.0,0.0,0.568961327860855,0.007950138118366295,,
device_0,0.75,1.35,0.15,late,P2,0.06735794103558912,0.00020217173631855386,0.15,0.0,12.5,0.7071067811865476,324.0,7.0710678118654755,0.8443333333333334,0.010842303978193673,0.0,0.0,0.0,0.0,0.0,0.0,,
device_0,0.75,1.35,0.15,late,P2prime,0.0746764726288548,0.0002626989579628247,0.15,0.0,2.0,0.0,3.5,0.7071067811865476,0.6056666666666667,0.01555634918610406,0.042300000000000004,0.0001414213562373062,0.0,0.0,0.20526032258489846,0.0025532609772002043,,
device_0,0.75,1.35,0.15,late,P3,0.06856160312916867,0.0003661125679599706,0.1502,0.0,11.0,2.8284271247461903,326.0,5.656854249492381,0.8255659121171771,0.008473982730597733,0.005549999999999999,0.0009192388155425121,0.0,0.0,0.02689682971714017,0.004035670715136474,100.0,0.0
device_0,0.75,1.5,0.01,drop,P0,0.07630447859771974,0.0001411971286103757,0.01,0.0,2.0,0.0,1.0,0.0,0.395,0.021213203435596427,0.046,0.0005656854249492346,0.0,0.0,0.2232420855944351,0.006267942701462783,,
device_0,0.75,1.5,0.01,drop,P1,0.07696903537704826,0.00012825547059446384,0.00215,7.071067811865494e-05,1.0,0.0,0.0,0.0,1.0,0.0,0.04645,0.0006363961030678914,0.0,0.0,0.2254284713288215,0.006645537634710715,,
device_0,0.75,1.5,0.01,drop,P2,0.07380593309226344,9.875120453354058e-05,0.01,0.0,2.0,0.0,4.5,0.7071067811865476,1.0,0.0,0.0386,0.0007071067811865482,0.0,0.0,0.1873381283445627,0.006387481132711461,,
device_0,0.75,1.5,0.01,drop,P2prime,0.07380677338962162,9.841574647985219e-05,0.01,0.0,1.0,0.0,0.0,0.0,1.0,0.0,0.0386,0.0007071067811865482,0.0,0.0,0.1873381283445627,0.006387481132711461,,
device_0,0.75,1.5,0.01,drop,P3,0.07390195784171408,0.0001446995680403415,0.01005,7.071067811865432e-05,2.0,0.0,1.0,0.0,0.985049504950495,0.007141078384260189,0.0388,0.0005656854249492419,0.0,0.0,0.18830323658548992,0.005716534227513462,10.0,0.0
device_0,0.75,1.5,0.01,late,P0,0.07719548608804408,7.978102295055216e-05,0.01,0.0,1.5,0.7071067811865476,0.5,0.7071067811865476,0.39,0.014142135623730963,0.04615,0.0007778174593051976,0.0,0.0,0.2239781012961034,0.007308826088881662,,
device_0,0.75,1.5,0.01,late,P1,0.07736976439196948,0.00011489687777580813,0.00215,7.071067811865494e-05,1.0,0.0,0.0,0.0,1.0,0.0,0.04645,0.0006363961030678914,0.0,0.0,0.2254284713288215,0.006645537634710715,,
device_0,0.75,1.5,0.01,late,P2,0.07543145947694446,9.502301406027448e-05,0.01,0.0,2.0,0.0,3.0,1.4142135623730951,1.0,0.0,0.0386,0.0007071067811865482,0.0,0.0,0.1873381283445627,0.006387481132711461,,
device_0,0.75,1.5,0.01,late,P2prime,0.0754318478843981,9.492107784620857e-05,0.01,0.0,1.0,0.0,0.0,0.0,1.0,0.0,0.0386,0.0007071067811865482,0.0,0.0,0.1873381283445627,0.006387481132711461,,
device_0,0.75,1.5,0.01,late,P3,0.07553048930896761,0.00011169252236366239,0.01005,7.071067811865432e-05,1.5,0.7071067811865476,1.0,1.4142135623730951,0.985049504950495,0.007141078384260189,0.03875,0.0006363961030678914,0.0,0.0,0.18806331336092175,0.006055836905625998,10.0,0.0
device_0,0.75,1.5,0.05,drop,P0,0.0733716035140879,1.18169767559215e-05,0.05,0.0,3.0,0.0,25.5,2.1213203435596424,0.228,0.0,0.0445,0.0009899494936611655,0.0,0.0,0.2159794047455354,0.008211857357813173,,
device_0,0.75,1.5,0.05,drop,P1,0.07696903537704826,0.00012825547059446384,0.00215,7.071067811865494e-05,1.0,0.0,0.0,0.0,1.0,0.0,0.04645,0.0006363961030678914,0.0,0.0,0.2254284713288215,0.006645537634710715,,
device_0,0.75,1.5,0.05,drop,P2,0.058290460057067436,0.00025854007823407626,0.05,0.0,4.0,0.0,73.0,11.313708498984761,1.0,0.0,0.0,0.0,0.0,0.0,0.0,0.0,,
device_0,0.75,1.5,0.05,drop,P2prime,0.05988470590890039,0.0004529070904616907,0.05,0.0,1.0,0.0,0.0,0.0,1.0,0.0,0.007,0.0008485281374238568,0.0,0.0,0.03393583336943562,0.0035814912716178133,,
device_0,0.75,1.5,0.05,drop,P3,0.06159497663342873,2.3937876826778964e-05,0.05,0.0,4.0,0.0,59.0,15.556349186104045,0.886,0.01131370849898477,0.01295,0.0009192388155425111,0.0,0.0,0.06287660176417736,0.005452484155145191,10.0,0.0
device_0,0.75,1.5,0.05,late,P0,0.07645408351713112,9.180628235003678e-05,0.05,0.0,2.5,0.7071067811865476,25.0,0.0,0.216,0.0028284271247461927,0.044700000000000004,0.0004242640687119284,0.0,0.0,0.2169282669584987,0.005482119030858656,,
device_0,0.75,1.5,0.05,late,P1,0.07736976439196948,0.00011489687777580813,0.00215,7.071067811865494e-05,1.0,0.0,0.0,0.0,1.0,0.0,0.04645,0.0006363961030678914,0.0,0.0,0.2254284713288215,0.006645537634710715,,
device_0,0.75,1.5,0.05,late,P2,0.06634719183263021,0.0002053289954954959,0.05,0.0,4.0,0.0,69.0,9.899494936611665,0.98,0.005656854249492385,0.0,0.0,0.0,0.0,0.0,0.0,,
device_0,0.75,1.5,0.05,late,P2prime,0.06739169463905173,0.00033103030410582283,0.05,0.0,1.0,0.0,0.0,0.0,0.902,0.01131370849898477,0.007,0.0008485281374238568,0.0,0.0,0.03393583336943562,0.0035814912716178133,,
device_0,0.75,1.5,0.05,late,P3,0.06697893538963731,0.00019502761087048117,0.05005,7.071067811864941e-05,3.5,0.7071067811865476,68.5,13.435028842544403,0.930067864271457,0.0029244016978412857,0.00385,7.071067811865478e-05,0.0,0.0,0.018685286655277182,0.0006379822681684405,100.0,0.0
device_0,0.75,1.5,0.1,drop,P0,0.0691847384804929,0.00010731349475652402,0.1,0.0,3.5,0.7071067811865476,87.5,9.192388155425117,0.23099999999999998,0.008485281374238568,0.0416,0.0004242640687119235,0.0,0.0,0.20188515141298063,0.005244707049019356,,
device_0,0.75,1.5,0.1,drop,P1,0.07696903537704826,0.00012825547059446384,0.00215,7.071067811865494e-05,1.0,0.0,0.0,0.0,1.0,0.0,0.04645,0.0006363961030678914,0.0,0.0,0.2254284713288215,0.006645537634710715,,
device_0,0.75,1.5,0.1,drop,P2,0.0499768760769602,0.00025440852392804843,0.1,0.0,8.0,1.4142135623730951,235.5,6.363961030678928,1.0,0.0,0.0,0.0,0.0,0.0,0.0,0.0,,
device_0,0.75,1.5,0.1,drop,P2prime,0.05172540437049264,0.0004552360331134356,0.1,0.0,1.0,0.0,0.0,0.0,1.0,0.0,0.007,0.0008485281374238568,0.0,0.0,0.03393583336943562,0.0035814912716178133,,
device_0,0.75,1.5,0.1,drop,P3,0.052284479777051696,0.0020301455076351636,0.1,0.0,6.5,3.5355339059327378,168.0,60.81118318204309,0.8075,0.18596908345206192,0.0033499999999999997,0.0030405591591021546,0.0,0.0,0.016372699892069867,0.015011229965328592,55.0,63.63961030678928
device_0,0.75,1.5,0.1,late,P0,0.07515940637116761,4.492676570148044e-06,0.1,0.0,3.5,0.7071067811865476,104.0,5.656854249492381,0.2235,0.006363961030678933,0.04195,0.0009192388155425087,0.0,0.0,0.20360252138354,0.007673434952996713,,
device_0,0.75,1.5,0.1,late,P1,0.07736976439196948,0.00011489687777580813,0.00215,7.071067811865494e-05,1.0,0.0,0.0,0.0,1.0,0.0,0.04645,0.0006363961030678914,0.0,0.0,0.2254284713288215,0.006645537634710715,,
device_0,0.75,1.5,0.1,late,P2,0.06270890617863373,0.0001987868604027793,0.1,0.0,5.0,1.4142135623730951,160.0,8.48528137423857,0.7505,0.004949747468305877,0.0,0.0,0.0,0.0,0.0,0.0,,
device_0,0.75,1.5,0.1,late,P2prime,0.06393819208131174,0.0003372211035604477,0.1,0.0,1.0,0.0,0.0,0.0,0.612,0.005656854249492385,0.007,0.0008485281374238568,0.0,0.0,0.03393583336943562,0.0035814912716178133,,
device_0,0.75,1.5,0.1,late,P3,0.06303191414678283,0.0002518946306242131,0.10005,7.071067811864696e-05,6.5,0.7071067811865476,152.0,12.727922061357855,0.7231378621378621,0.0016091800674755048,0.00055,0.0003535533905932738,0.0,0.0,0.002655401498213408,0.0016735380374815112,100.0,0.0
device_0,0.75,1.5,0.15,drop,P0,0.06547061967295001,0.0001372413577618196,0.15,0.0,5.0,0.0,174.5,14.849242404917497,0.21733333333333332,0.01131370849898476,0.039349999999999996,0.0007778174593051976,0.0,0.0,0.19098029945432182,0.006788051419040603,,
device_0,0.75,1.5,0.15,drop,P1,0.07696903537704826,0.00012825547059446384,0.00215,7.071067811865494e-05,1.0,0.0,0.0,0.0,1.0,0.0,0.04645,0.0006363961030678914,0.0,0.0,0.2254284713288215,0.006645537634710715,,
device_0,0.75,1.5,0.15,drop,P2,0.04185635930104864,0.00025101855329824754,0.15,0.0,13.5,2.1213203435596424,359.5,3.5355339059327378,1.0,0.0,0.0,0.0,0.0,0.0,0.0,0.0,,
device_0,0.75,1.5,0.15,drop,P2prime,0.045079144939605104,0.00044086431221738293,0.15,0.0,1.0,0.0,0.0,0.0,0.7266666666666666,0.00377123616632827,0.007,0.0008485281374238568,0.0,0.0,0.03393583336943562,0.0035814912716178133,,
device_0,0.75,1.5,0.15,drop,P3,0.045837312867781095,0.0037717689096914537,0.15,0.0,9.0,7.0710678118654755,248.0,55.154328932550705,0.712,0.2291025971044414,0.00205,0.0017677669529663688,0.0,0.0,0.01001555851489643,0.008735295836707117,55.0,63.63961030678928
device_0,0.75,1.5,0.15,late,P0,0.07399051567636449,4.067340358835843e-05,0.15,0.0,5.5,0.7071067811865476,198.5,3.5355339059327378,0.21700000000000003,0.00801387685344753,0.03945,0.0004949747468305803,0.0,0.0,0.19145473056080348,0.005423182255563364,,
device_0,0.75,1.5,0.15,late,P1,0.07736976439196948,0.00011489687777580813,0.00215,7.071067811865494e-05,1.0,0.0,0.0,0.0,1.0,0.0,0.04645,0.0006363961030678914,0.0,0.0,0.2254284713288215,0.006645537634710715,,
device_0,0.75,1.5,0.15,late,P2,0.05945704392887575,0.00018579041723882313,0.15,0.0,10.0,1.4142135623730951,263.5,10.606601717798213,0.6566666666666666,0.0028284271247461927,0.0,0.0,0.0,0.0,0.0,0.0,,
device_0,0.75,1.5,0.15,late,P2prime,0.061321264686185165,0.00041152494046154493,0.15,0.0,1.0,0.0,0.0,0.0,0.6836666666666666,0.008013876853447559,0.007,0.0008485281374238568,0.0,0.0,0.03393583336943562,0.0035814912716178133,,
device_0,0.75,1.5,0.15,late,P3,0.060036671570285,0.0001983626405432123,0.15005000000000002,7.071067811867641e-05,15.5,0.7071067811865476,269.5,10.606601717798213,0.6884370419720186,0.0006180706841550705,0.00215,7.071067811865494e-05,0.0,0.0,0.010430420852177156,0.00017847520654398888,1000.0,0.0
device_0,0.75,2.0,0.01,drop,P0,0.061443640825578766,0.00011048294164427901,0.01,0.0,2.0,0.0,1.5,0.7071067811865476,0.17,0.042426406871192854,0.0,0.0,0.0,0.0,0.0,0.0,,
device_0,0.75,2.0,0.01,drop,P1,0.06203733033765608,0.00017006596324708646,0.0,0.0,0.0,0.0,0.0,0.0,,,0.0,0.0,0.0,0.0,0.0,0.0,,
device_0,0.75,2.0,0.01,drop,P2,0.060231899037950024,0.00016975948190340408,0.01,0.0,2.0,0.0,4.5,0.7071067811865476,1.0,0.0,0.0,0.0,0.0,0.0,0.0,0.0,,
device_0,0.75,2.0,0.01,drop,P2prime,0.06023273933530822,0.0001694240238497206,0.01,0.0,1.0,0.0,0.0,0.0,1.0,0.0,0.0,0.0,0.0,0.0,0.0,0.0,,
device_0,0.75,2.0,0.01,drop,P3,0.060354024738045006,0.00018815275918526484,0.01,0.0,5.5,2.1213203435596424,5.0,0.0,0.9450000000000001,0.021213203435596406,0.0,0.0,0.0,0.0,0.0,0.0,100.0,0.0
device_0,0.75,2.0,0.01,late,P0,0.06198293689945768,0.00016663004075430596,0.01,0.0,1.5,0.7071067811865476,0.5,0.7071067811865476,0.16,0.014142135623730963,0.0,0.0,0.0,0.0,0.0,0.0,,
device_0,0.75,2.0,0.01,late,P1,0.06203733033765608,0.00017006596324708646,0.0,0.0,0.0,0.0,0.0,0.0,,,0.0,0.0,0.0,0.0,0.0,0.0,,
device_0,0.75,2.0,0.01,late,P2,0.061468900200682845,0.00016660653700721034,0.01,0.0,2.0,0.0,3.5,0.7071067811865476,1.0,0.0,0.0,0.0,0.0,0.0,0.0,0.0,,
device_0,0.75,2.0,0.01,late,P2prime,0.06146948057399791,0.00016667333784994425,0.01,0.0,1.0,0.0,0.0,0.0,1.0,0.0,0.0,0.0,0.0,0.0,0.0,0.0,,
device_0,0.75,2.0,0.01,late,P3,0.06150098943932024,0.0001725638958231873,0.01,0.0,4.0,0.0,1.5,0.7071067811865476,1.0,0.0,0.0,0.0,0.0,0.0,0.0,0.0,100.0,0.0
device_0,0.75,2.0,0.05,drop,P0,0.058855158210545475,0.00011136413891524953,0.05,0.0,2.0,0.0,23.5,6.363961030678928,0.219,0.012727922061357866,0.0,0.0,0.0,0.0,0.0,0.0,,
device_0,0.75,2.0,0.05,drop,P1,0.06203733033765608,0.00017006596324708646,0.0,0.0,0.0,0.0,0.0,0.0,,,0.0,0.0,0.0,0.0,0.0,0.0,,
device_0,0.75,2.0,0.05,drop,P2,0.053362826002754035,0.00017115643661814192,0.05,0.0,4.0,0.0,73.0,11.313708498984761,1.0,0.0,0.0,0.0,0.0,0.0,0.0,0.0,,
device_0,0.75,2.0,0.05,drop,P2prime,0.053388483562036605,0.00017603456008022765,0.05,0.0,1.0,0.0,0.0,0.0,1.0,0.0,0.0,0.0,0.0,0.0,0.0,0.0,,
device_0,0.75,2.0,0.05,drop,P3,0.053635596476014506,0.0001961634634766942,0.05,0.0,5.5,2.1213203435596424,81.0,2.8284271247461903,0.986,0.005656854249492385,0.0,0.0,0.0,0.0,0.0,0.0,100.0,0.0
device_0,0.75,2.0,0.05,late,P0,0.061702081063906136,0.00014418298364943705,0.05,0.0,3.0,0.0,25.0,1.4142135623730951,0.197,0.004242640687119289,0.0,0.0,0.0,0.0,0.0,0.0,,
device_0,0.75,2.0,0.05,late,P1,0.06203733033765608,0.00017006596324708646,0.0,0.0,0.0,0.0,0.0,0.0,,,0.0,0.0,0.0,0.0,0.0,0.0,,
device_0,0.75,2.0,0.05,late,P2,0.05939543031556155,0.00015680685546917207,0.05,0.0,4.5,0.7071067811865476,81.0,1.4142135623730951,1.0,0.0,0.0,0.0,0.0,0.0,0.0,0.0,,
device_0,0.75,2.0,0.05,late,P2prime,0.059423001036103706,0.0001554438295424776,0.05,0.0,1.0,0.0,0.0,0.0,1.0,0.0,0.0,0.0,0.0,0.0,0.0,0.0,,
device_0,0.75,2.0,0.05,late,P3,0.05949281062710108,0.00016576408583523748,0.05,0.0,6.0,1.4142135623730951,88.5,0.7071067811865476,1.0,0.0,0.0,0.0,0.0,0.0,0.0,0.0,1000.0,0.0
device_0,0.75,2.0,0.1,drop,P0,0.055727145557384374,0.0004960400003955656,0.1,0.0,3.5,0.7071067811865476,95.0,7.0710678118654755,0.21500000000000002,0.024041630560342628,0.0,0.0,0.0,0.0,0.0,0.0,,
device_0,0.75,2.0,0.1,drop,P1,0.06203733033765608,0.00017006596324708646,0.0,0.0,0.0,0.0,0.0,0.0,,,0.0,0.0,0.0,0.0,0.0,0.0,,
device_0,0.75,2.0,0.1,drop,P2,0.0450492420226468,0.00016702488231211166,0.1,0.0,8.0,1.4142135623730951,235.5,6.363961030678928,1.0,0.0,0.0,0.0,0.0,0.0,0.0,0.0,,
device_0,0.75,2.0,0.1,drop,P2prime,0.04536963447820592,0.00016709848974249996,0.1,0.0,1.0,0.0,0.0,0.0,1.0,0.0,0.0,0.0,0.0,0.0,0.0,0.0,,
device_0,0.75,2.0,0.1,drop,P3,0.04563883053580259,0.00014259477511146694,0.1,0.0,9.5,0.7071067811865476,212.5,4.949747468305833,0.9864999999999999,0.0007071067811865089,0.0,0.0,0.0,0.0,0.0,0.0,100.0,0.0
device_0,0.75,2.0,0.1,late,P0,0.06134063970879669,0.00013111257938016227,0.1,0.0,3.0,0.0,95.0,8.48528137423857,0.202,0.008485281374238549,0.0,0.0,0.0,0.0,0.0,0.0,,
device_0,0.75,2.0,0.1,late,P1,0.06203733033765608,0.00017006596324708646,0.0,0.0,0.0,0.0,0.0,0.0,,,0.0,0.0,0.0,0.0,0.0,0.0,,
device_0,0.75,2.0,0.1,late,P2,0.05707876372329449,0.00014223549420808954,0.1,0.0,8.5,3.5355339059327378,236.0,8.48528137423857,1.0,0.0,0.0,0.0,0.0,0.0,0.0,0.0,,
device_0,0.75,2.0,0.1,late,P2prime,0.05755772301786972,0.0001507302109113349,0.1,0.0,1.0,0.0,0.0,0.0,1.0,0.0,0.0,0.0,0.0,0.0,0.0,0.0,,
device_0,0.75,2.0,0.1,late,P3,0.05723354824835593,0.00015145857004278954,0.1,0.0,12.0,1.4142135623730951,250.5,10.606601717798213,1.0,0.0,0.0,0.0,0.0,0.0,0.0,0.0,1000.0,0.0
device_0,0.75,2.0,0.15,drop,P0,0.05261048727281372,0.00017363790583361176,0.15,0.0,4.5,0.7071067811865476,182.0,15.556349186104045,0.21166666666666667,0.0032998316455372114,0.0,0.0,0.0,0.0,0.0,0.0,,
device_0,0.75,2.0,0.15,drop,P1,0.06203733033765608,0.00017006596324708646,0.0,0.0,0.0,0.0,0.0,0.0,,,0.0,0.0,0.0,0.0,0.0,0.0,,
device_0,0.75,2.0,0.15,drop,P2,0.037070304923557756,0.00014162811782945863,0.15,0.0,13.5,2.1213203435596424,359.5,3.5355339059327378,1.0,0.0,0.0,0.0,0.0,0.0,0.0,0.0,,
device_0,0.75,2.0,0.15,drop,P2prime,0.041417175887290714,0.00011613870582814637,0.15,0.0,1.0,0.0,0.0,0.0,0.7623333333333333,0.011785113019775868,0.0,0.0,0.0,0.0,0.0,0.0,,
device_0,0.75,2.0,0.15,drop,P3,0.03827895742200219,0.00021268551835776947,0.15,0.0,37.0,5.656854249492381,308.5,3.5355339059327378,0.9536666666666667,0.002357022603955213,0.0,0.0,0.0,0.0,0.0,0.0,1000.0,0.0
device_0,0.75,2.0,0.15,late,P0,0.06096524943097793,0.00019567053768557247,0.15,0.0,5.5,0.7071067811865476,188.0,2.8284271247461903,0.203,0.0032998316455372214,0.0,0.0,0.0,0.0,0.0,0.0,,
device_0,0.75,2.0,0.15,late,P1,0.06203733033765608,0.00017006596324708646,0.0,0.0,0.0,0.0,0.0,0.0,,,0.0,0.0,0.0,0.0,0.0,0.0,,
device_0,0.75,2.0,0.15,late,P2,0.055331002176272334,0.00012742869085815325,0.15,0.0,17.0,0.0,366.0,2.8284271247461903,1.0,0.0,0.0,0.0,0.0,0.0,0.0,0.0,,
device_0,0.75,2.0,0.15,late,P2prime,0.05751031252016644,0.000140199277218988,0.1058,0.0002828427124746124,1.0,0.0,0.0,0.0,1.0,0.0,0.0,0.0,0.0,0.0,0.0,0.0,,
device_0,0.75,2.0,0.15,late,P3,0.055870010975184126,5.3560955704564345e-05,0.15,0.0,21.5,6.363961030678928,328.0,12.727922061357855,1.0,0.0,0.0,0.0,0.0,0.0,0.0,0.0,10000.0,0.0
device_0,0.975,1.1,0.15,drop,P0,0.11762166200643986,0.0011009868211054894,0.15,0.0,8.5,0.7071067811865476,253.5,2.1213203435596424,0.5613333333333334,0.024513035081133616,0.14129999999999998,0.004808326112068533,0.02738813661710858,0.0028828549261507358,0.5867273127090495,0.005139440280836926,,
device_0,0.975,1.1,0.15,drop,P1,0.12807911817652712,0.0007959291855502566,0.07345,0.0036062445840513878,7.0,0.0,165.0,16.97056274847714,1.0,0.0,0.15410000000000001,0.004525483399593887,0.029960851222533467,0.002459420623624943,0.6395213418515561,0.0064416909730155725,,
device_0,0.975,1.1,0.15,drop,P2,0.09842559654421221,0.0021754450141051093,0.15,0.0,20.0,0.0,302.5,20.506096654409877,1.0,0.0,0.07755000000000001,0.008131727983645289,0.029960851222533467,0.002459420623624943,0.26326342835318217,0.023016999665372354,,
device_0,0.975,1.1,0.15,drop,P2prime,0.10350616446682517,0.000837853092258532,0.15,0.0,7.0,0.0,165.0,16.97056274847714,0.7103333333333333,0.029698484809834984,0.09775,0.002333452377915605,0.0007556380219931622,0.0005388332533432028,0.4770132402810088,0.005530217786266806,,
device_0,0.975,1.1,0.15,drop,P3,0.10930486027574587,0.00518866646014516,0.15065,0.0009192388155424988,19.0,16.97056274847714,189.0,43.840620433565945,0.595352500550782,0.08671132528668073,0.1227,0.021354624791833737,0.01087550678672174,0.0031948826265634786,0.5587168558962072,0.07522876170630298,55.0,63.63961030678928
device_0,0.975,1.1,0.15,late,P0,0.13223499154889218,0.0017061195871891737,0.15,0.0,8.5,2.1213203435596424,246.0,9.899494936611665,0.5656666666666667,0.021213203435596444,0.14055,0.0045961940777125634,0.027259003310405178,0.001993832471650965,0.583496811453306,0.0026085932954088105,,
device_0,0.975,1.1,0.15,late,P1,0.13932830971662744,0.0013457569982376863,0.07345,0.0036062445840513878,7.0,0.0,165.0,16.97056274847714,1.0,0.0,0.15410000000000001,0.004525483399593887,0.029960851222533467,0.002459420623624943,0.6395213418515561,0.0064416909730155725,,
device_0,0.975,1.1,0.15,late,P2,0.116449492595178,0.0022523836538343887,0.15,0.0,15.0,0.0,309.0,5.656854249492381,0.841,0.01178511301977579,0.07755000000000001,0.008131727983645289,0.0,0.0,0.38026891427380993,0.028039820481238032,,
device_0,0.975,1.1,0.15,late,P2prime,0.12045615647005237,0.0013148446748342847,0.15,0.0,7.0,0.0,165.0,16.97056274847714,0.7103333333333333,0.029698484809834984,0.09775,0.002333452377915605,0.0007556380219931622,0.0005388332533432028,0.4770132402810088,0.005530217786266806,,
device_0,0.975,1.1,0.15,late,P3,0.12550873905503712,0.004328479065606843,0.15055000000000002,0.000777817459305205,16.5,13.435028842544403,201.0,31.11269837220809,0.5770611074343701,0.06826723655225139,0.12505,0.01930401512639274,0.010313568724783678,0.003989583054969938,0.57267542793653,0.061601674926639496,55.0,63.63961030678928
device_0,0.975,1.2,0.1,drop,P0,0.11047406593628425,0.0020212004956935816,0.1,0.0,4.5,0.7071067811865476,120.5,6.363961030678928,0.4555,0.020506096654409837,0.15015,0.0031819805153394665,0.0,0.0,0.7372291760702754,0.007411473892249967,,
device_0,0.975,1.2,0.1,drop,P1,0.11894847607054201,0.0018891617330222276,0.033,0.0015556349186104026,3.5,0.7071067811865476,43.5,7.7781745930520225,1.0,0.0,0.16205,0.004030508652763309,0.0,0.0,0.7956118421814058,0.005069877792959307,,
device_0,0.975,1.2,0.1,drop,P2,0.09275421689544527,0.002479534807672942,0.1,0.0,9.0,1.4142135623730951,255.0,5.656854249492381,1.0,0.0,0.09505,0.005586143571373733,0.0,0.0,0.4664168200178235,0.012851669635380994,,
device_0,0.975,1.2,0.1,drop,P2prime,0.09357066452593923,0.0016158363772997173,0.1,0.0,3.5,0.7071067811865476,43.5,7.7781745930520225,0.979,0.029698484809835023,0.09770000000000001,0.0018384776310850222,0.0,0.0,0.4797200328692291,0.00596191440221289,,
device_0,0.975,1.2,0.1,drop,P3,0.10333481389322904,0.00727433277542984,0.10025,0.0003535533905932741,16.5,17.67766952966369,82.5,2.1213203435596424,0.5679253731343283,0.1952670099330373,0.13829999999999998,0.0251730014102411,0.0,0.0,0.6773397625082462,0.10241746468880362,55.0,63.63961030678928
device_0,0.975,1.2,0.1,late,P0,0.11960972860286836,0.002471533020732926,0.1,0.0,4.0,0.0,109.5,6.363961030678928,0.4515,0.010606601717798222,0.15084999999999998,0.005020458146424513,0.0,0.0,0.7405262259412289,0.0015109381558113053,,
device_0,0.975,1.2,0.1,late,P1,0.12450929935546459,0.0021346545460157727,0.033,0.0015556349186104026,3.5,0.7071067811865476,43.5,7.7781745930520225,1.0,0.0,0.16205,0.004030508652763309,0.0,0.0,0.7956118421814058,0.005069877792959307,,
device_0,0.975,1.2,0.1,late,P2,0.1053586218510741,0.00253041735034454,0.1,0.0,12.0,2.8284271247461903,239.0,12.727922061357855,1.0,0.0,0.09505,0.005586143571373733,0.0,0.0,0.4664168200178235,0.012851669635380994,,
device_0,0.975,1.2,0.1,late,P2prime,0.10659145769133867,0.0019020891392731087,0.1,0.0,3.5,0.7071067811865476,43.5,7.7781745930520225,0.9735,0.03747665940288701,0.09770000000000001,0.0018384776310850222,0.0,0.0,0.4797200328692291,0.00596191440221289,,
device_0,0.975,1.2,0.1,late,P3,0.11434901394560029,0.005753869171542227,0.1001,0.00014142135623730864,12.5,12.020815280171307,85.0,9.899494936611665,0.5310928143712574,0.17523122239164832,0.14195,0.02312239174480011,0.0,0.0,0.6954243486915963,0.0917856567989275,55.0,63.63961030678928
device_0,0.975,1.2,0.15,drop,P0,0.10420723962787312,0.001720947443670595,0.15,0.0,5.5,0.7071067811865476,210.0,5.656854249492381,0.3616666666666667,0.017441967269268156,0.14179999999999998,0.003394112549695437,0.0,0.0,0.6962012314387231,0.005088291392691651,,
device_0,0.975,1.2,0.15,drop,P1,0.11894847607054201,0.0018891617330222276,0.033,0.0015556349186104026,3.5,0.7071067811865476,43.5,7.7781745930520225,1.0,0.0,0.16205,0.004030508652763309,0.0,0.0,0.7956118421814058,0.005069877792959307,,
device_0,0.975,1.2,0.15,drop,P2,0.07343348078719153,0.002461388643417787,0.15,0.0,20.0,0.0,302.5,20.506096654409877,1.0,0.0,0.04505,0.005586143571373728,0.0,0.0,0.2208379628022175,0.020524002857171784,,
device_0,0.975,1.2,0.15,drop,P2prime,0.08595842688492242,0.0015554966031565095,0.15,0.0,3.5,0.7071067811865476,43.5,7.7781745930520225,0.659,0.024984439601924636,0.09755,0.0016263455967290568,0.0,0.0,0.4789995717741282,0.006980800254066723,,
device_0,0.975,1.2,0.15,drop,P3,0.09407446717916801,0.00904374005625018,0.15015,0.0002121320343559507,16.5,17.67766952966369,119.5,3.5355339059327378,0.4390119760479042,0.16638885914986445,0.12940000000000002,0.030547012947258836,0.0,0.0,0.6332144138513709,0.13017801224076847,55.0,63.63961030678928
device_0,0.975,1.2,0.15,late,P0,0.11614808209324412,0.0020248144053267862,0.15,0.0,5.0,0.0,205.0,2.8284271247461903,0.357,0.013670731102939905,0.14229999999999998,0.003394112549695437,0.0,0.0,0.6986570200108793,0.005165014724909486,,
device_0,0.975,1.2,0.15,late,P1,0.12450929935546459,0.0021346545460157727,0.033,0.0015556349186104026,3.5,0.7071067811865476,43.5,7.7781745930520225,1.0,0.0,0.16205,0.004030508652763309,0.0,0.0,0.7956118421814058,0.005069877792959307,,
device_0,0.975,1.2,0.15,late,P2,0.09196076729995437,0.0025042899471599605,0.15,0.0,24.0,2.8284271247461903,299.0,22.627416997969522,1.0,0.0,0.04505,0.005586143571373728,0.0,0.0,0.2208379628022175,0.020524002857171784,,
device_0,0.975,1.2,0.15,late,P2prime,0.1013419242546788,0.001881624942737463,0.15,0.0,3.5,0.7071067811865476,43.5,7.7781745930520225,0.6499999999999999,0.02639865316429781,0.09755,0.0016263455967290568,0.0,0.0,0.4789995717741282,0.006980800254066723,,
device_0,0.975,1.2,0.15,late,P3,0.10466836406073077,0.0017507711529296313,0.15045,0.0006363961030679012,23.5,0.7071067811865476,163.0,16.97056274847714,0.5237090788601724,0.025044419501190313,0.11624999999999999,0.001484924240491758,0.0,0.0,0.5708569146904621,0.010544854780029181,100.0,0.0
device_0,0.975,1.35,0.05,drop,P0,0.0931315540853985,0.002209258658478676,0.05,0.0,3.0,0.0,22.5,3.5355339059327378,0.339,0.0014142135623730963,0.1121,0.004949747468305822,0.0,0.0,0.5502080367579829,0.00710969545219285,,
device_0,0.975,1.35,0.05,drop,P1,0.09747268535407964,0.0022443873129454747,0.0081,0.00028284271247461793,2.5,0.7071067811865476,2.5,0.7071067811865476,1.0,0.0,0.11755,0.005020458146424484,0.0,0.0,0.5769707070356354,0.006620712081523997,,
device_0,0.975,1.35,0.05,drop,P2,0.08089963323205096,0.002124003243777475,0.05,0.0,5.0,0.0,91.5,3.5355339059327378,1.0,0.0,0.07565,0.004737615433949871,0.0,0.0,0.3711973253243522,0.01166092351935907,,
device_0,0.975,1.35,0.05,drop,P2prime,0.08093153442691361,0.0021231301921485206,0.05,0.0,2.5,0.7071067811865476,2.5,0.7071067811865476,1.0,0.0,0.07565,0.004737615433949871,0.0,0.0,0.3711973253243522,0.01166092351935907,,
device_0,0.975,1.35,0.05,drop,P3,0.08602859921160841,0.005682998971799229,0.05015,0.00021213203435596054,8.5,6.363961030678928,55.0,31.11269837220809,0.6316938369781312,0.2776188381229506,0.0952,0.01810193359837561,0.0,0.0,0.46619330347325905,0.07430092087534766,55.0,63.63961030678928
device_0,0.975,1.35,0.05,late,P0,0.09682284617135481,0.0023804455344950326,0.05,0.0,2.5,0.7071067811865476,23.0,4.242640687119285,0.353,0.007071067811865481,0.11195,0.006010407640085654,0.0,0.0,0.5493899228036063,0.012342226709454117,,
device_0,0.975,1.35,0.05,late,P1,0.09893896036437266,0.002195413142282341,0.0081,0.00028284271247461793,2.5,0.7071067811865476,2.5,0.7071067811865476,1.0,0.0,0.11755,0.005020458146424484,0.0,0.0,0.5769707070356354,0.006620712081523997,,
device_0,0.975,1.35,0.05,late,P2,0.08769026484951854,0.0021331795507830206,0.05,0.0,4.5,0.7071067811865476,96.5,2.1213203435596424,1.0,0.0,0.07565,0.004737615433949871,0.0,0.0,0.3711973253243522,0.01166092351935907,,
device_0,0.975,1.35,0.05,late,P2prime,0.08777334785423212,0.002123166679618842,0.05,0.0,2.5,0.7071067811865476,2.5,0.7071067811865476,1.0,0.0,0.07565,0.004737615433949871,0.0,0.0,0.3711973253243522,0.01166092351935907,,
device_0,0.975,1.35,0.05,late,P3,0.0919044194103795,0.004572859090207189,0.0499,0.00014142135623731355,7.5,6.363961030678928,52.0,36.76955262170047,0.5827791164658634,0.2732555940276881,0.0969,0.01824335495461292,0.0,0.0,0.47453213430089236,0.07473466344681959,55.0,63.63961030678928
device_0,0.975,1.35,0.1,drop,P0,0.0880432807087895,0.0021454966108834664,0.1,0.0,3.5,0.7071067811865476,88.0,12.727922061357855,0.2745,0.004949747468305837,0.10594999999999999,0.004737615433949871,0.0,0.0,0.5200181127970094,0.007011489586953817,,
device_0,0.975,1.35,0.1,drop,P1,0.09747268535407964,0.0022443873129454747,0.0081,0.00028284271247461793,2.5,0.7071067811865476,2.5,0.7071067811865476,1.0,0.0,0.11755,0.005020458146424484,0.0,0.0,0.5769707070356354,0.006620712081523997,,
device_0,0.975,1.35,0.1,drop,P2,0.061393072924422795,0.0021066984150492586,0.1,0.0,9.0,1.4142135623730951,255.0,5.656854249492381,1.0,0.0,0.02565,0.0047376154339498705,0.0,0.0,0.12561846810874622,0.01933325674114986,,
device_0,0.975,1.35,0.1,drop,P2prime,0.06687342678024308,0.001344026921926257,0.1,0.0,2.5,0.7071067811865476,2.5,0.7071067811865476,0.9415,0.028991378028648394,0.0489,0.0014142135623730963,0.0,0.0,0.24006761917988959,0.0005575228807834548,,
device_0,0.975,1.35,0.1,drop,P3,0.07578539898410391,0.008717611158115639,0.1001,0.00014142135623730864,8.5,6.363961030678928,107.0,45.254833995939045,0.48767864271457084,0.23521391918535506,0.0791,0.026728636328851498,0.0,0.0,0.38645504207029846,0.11914212813454463,55.0,63.63961030678928
device_0,0.975,1.35,0.1,late,P0,0.09504041963448437,0.0022702801387626767,0.1,0.0,4.0,0.0,94.0,2.8284271247461903,0.2575,0.004949747468305837,0.1073,0.005798275605729684,0.0,0.0,0.5265673645591009,0.012013850847561501,,
device_0,0.975,1.35,0.1,late,P1,0.09893896036437266,0.002195413142282341,0.0081,0.00028284271247461793,2.5,0.7071067811865476,2.5,0.7071067811865476,1.0,0.0,0.11755,0.005020458146424484,0.0,0.0,0.5769707070356354,0.006620712081523997,,
device_0,0.975,1.35,0.1,late,P2,0.07501530366228798,0.0021099988193017797,0.1,0.0,8.5,0.7071067811865476,245.0,12.727922061357855,1.0,0.0,0.02565,0.0047376154339498705,0.0,0.0,0.12561846810874622,0.01933325674114986,,
device_0,0.975,1.35,0.1,late,P2prime,0.0791406864818906,0.0015925119239200384,0.1,0.0,2.5,0.7071067811865476,2.5,0.7071067811865476,0.7715000000000001,0.03323401871576773,0.0489,0.0014142135623730963,0.0,0.0,0.24006761917988959,0.0005575228807834548,,
device_0,0.975,1.35,0.1,late,P3,0.08244944907198737,0.0013964198569763279,0.10025,0.0003535533905932741,11.0,1.4142135623730951,148.5,16.263455967290593,0.5999452736318407,0.03103530360013795,0.06625,0.0012020815280171357,0.0,0.0,0.3252997581102508,0.0042617253602640695,100.0,0.0
device_0,0.975,1.35,0.15,drop,P0,0.08354780287846929,0.001740384695184681,0.15,0.0,5.0,0.0,192.5,20.506096654409877,0.24466666666666664,0.01131370849898476,0.10125,0.004030508652763313,0.0,0.0,0.4969879518072289,0.004259679404738271,,
device_0,0.975,1.35,0.15,drop,P1,0.09747268535407964,0.0022443873129454747,0.0081,0.00028284271247461793,2.5,0.7071067811865476,2.5,0.7071067811865476,1.0,0.0,0.11755,0.005020458146424484,0.0,0.0,0.5769707070356354,0.006620712081523997,,
device_0,0.975,1.35,0.15,drop,P2,0.047526736816169035,0.0010273263935893435,0.15,0.0,20.0,0.0,302.5,20.506096654409877,1.0,0.0,0.0,0.0,0.0,0.0,0.0,0.0,,
device_0,0.975,1.35,0.15,drop,P2prime,0.05986809767106399,0.001186258057548685,0.15,0.0,2.5,0.7071067811865476,2.5,0.7071067811865476,0.6426666666666667,0.02074179891480535,0.0489,0.0014142135623730963,0.0,0.0,0.24006761917988959,0.0005575228807834548,,
device_0,0.975,1.35,0.15,drop,P3,0.06766215398282323,0.01033191648021617,0.15005000000000002,7.071067811865677e-05,10.5,7.7781745930520225,164.5,57.27564927611035,0.40723939595825004,0.17738094732728438,0.0689,0.027577164466275356,0.0,0.0,0.33629185329213107,0.12487489551786664,55.0,63.63961030678928
device_0,0.975,1.35,0.15,late,P0,0.09246829195291245,0.0021276391091969425,0.15,0.0,4.0,0.0,191.5,6.363961030678928,0.23833333333333334,0.004242640687119289,0.10015,0.005161879502661798,0.0,0.0,0.4914984144069071,0.009985285943719988,,
device_0,0.975,1.35,0.15,late,P1,0.09893896036437266,0.002195413142282341,0.0081,0.00028284271247461793,2.5,0.7071067811865476,2.5,0.7071067811865476,1.0,0.0,0.11755,0.005020458146424484,0.0,0.0,0.5769707070356354,0.006620712081523997,,
device_0,0.975,1.35,0.15,late,P2,0.06676938329822625,0.0013911810354614877,0.15,0.0,12.0,0.0,306.5,3.5355339059327378,0.8453333333333333,0.03016988933062612,0.0,0.0,0.0,0.0,0.0,0.0,,
device_0,0.975,1.35,0.15,late,P2prime,0.0753629664660922,0.001481525072962099,0.15,0.0,2.5,0.7071067811865476,2.5,0.7071067811865476,0.5449999999999999,0.02309882151876064,0.0489,0.0014142135623730963,0.0,0.0,0.24006761917988959,0.0005575228807834548,,
device_0,0.975,1.35,0.15,late,P3,0.07625761975143708,0.0006870506395979588,0.14955000000000002,0.000777817459305205,14.0,2.8284271247461903,235.0,25.45584412271571,0.5087487536273357,0.04274497784299402,0.0525,0.002404163056034262,0.0,0.0,0.25804225547724036,0.01986418220009776,100.0,0.0
device_0,0.975,1.5,0.01,drop,P0,0.07552535082938718,0.001888190709454118,0.01,0.0,2.0,0.0,1.5,0.7071067811865476,0.33499999999999996,0.021213203435596385,0.0442,0.003959797974644665,0.0,0.0,0.2167879008830712,0.012666510660295104,,
device_0,0.975,1.5,0.01,drop,P1,0.07618470244039229,0.0018272511862161623,0.0015500000000000002,7.07106781186547e-05,1.0,0.0,0.0,0.0,1.0,0.0,0.0446,0.003818376618407358,0.0,0.0,0.21876338205849333,0.011910530093508002,,
device_0,0.975,1.5,0.01,drop,P2,0.07277944347210481,0.0018556824188191063,0.01,0.0,2.5,0.7071067811865476,4.5,0.7071067811865476,1.0,0.0,0.03615,0.0038890872965260076,0.0,0.0,0.1772551300302073,0.013554455358497041,,
device_0,0.975,1.5,0.01,drop,P2prime,0.07278050422995808,0.0018559306335525013,0.01,0.0,1.0,0.0,0.0,0.0,1.0,0.0,0.03615,0.0038890872965260076,0.0,0.0,0.1772551300302073,0.013554455358497041,,
device_0,0.975,1.5,0.01,drop,P3,0.07361824904481486,0.0018269697837516705,0.01005,7.071067811865432e-05,2.5,0.7071067811865476,10.0,1.4142135623730951,0.7662376237623763,0.019462939125728752,0.03925,0.0037476659402887014,0.0,0.0,0.19249186949527214,0.01238416879773321,10.0,0.0
device_0,0.975,1.5,0.01,late,P0,0.07628513270679274,0.0018161601055492692,0.01,0.0,1.5,0.7071067811865476,0.5,0.7071067811865476,0.33,0.014142135623730963,0.0442,0.003676955262170047,0.0,0.0,0.2168096015184658,0.011277306858269543,,
device_0,0.975,1.5,0.01,late,P1,0.0764736841130518,0.001840647942514303,0.0015500000000000002,7.07106781186547e-05,1.0,0.0,0.0,0.0,1.0,0.0,0.0446,0.003818376618407358,0.0,0.0,0.21876338205849333,0.011910530093508002,,
device_0,0.975,1.5,0.01,late,P2,0.07439092456298177,0.001853817217197309,0.01,0.0,2.0,0.0,5.5,0.7071067811865476,1.0,0.0,0.03615,0.0038890872965260076,0.0,0.0,0.1772551300302073,0.013554455358497041,,
device_0,0.975,1.5,0.01,late,P2prime,0.07439174828942109,0.0018534904601337618,0.01,0.0,1.0,0.0,0.0,0.0,1.0,0.0,0.03615,0.0038890872965260076,0.0,0.0,0.1772551300302073,0.013554455358497041,,
device_0,0.975,1.5,0.01,late,P3,0.0751055259083284,0.0018057284208898388,0.01005,7.071067811865432e-05,2.0,0.0,7.5,0.7071067811865476,0.6417326732673267,0.016592505657545734,0.03995,0.003606244584051395,0.0,0.0,0.19594082381398795,0.011582154231615358,10.0,0.0
device_0,0.975,1.5,0.05,drop,P0,0.07244267062847032,0.0019127833374872687,0.05,0.0,3.0,0.0,25.5,2.1213203435596424,0.233,0.0014142135623730963,0.042499999999999996,0.004242640687119287,0.0,0.0,0.208416519102346,0.014316573791861598,,
device_0,0.975,1.5,0.05,drop,P1,0.07618470244039229,0.0018272511862161623,0.0015500000000000002,7.07106781186547e-05,1.0,0.0,0.0,0.0,1.0,0.0,0.0446,0.003818376618407358,0.0,0.0,0.21876338205849333,0.011910530093508002,,
device_0,0.975,1.5,0.05,drop,P2,0.057829556980730126,0.0009772784490805115,0.05,0.0,5.0,0.0,91.5,3.5355339059327378,1.0,0.0,0.0,0.0,0.0,0.0,0.0,0.0,,
device_0,0.975,1.5,0.05,drop,P2prime,0.059791592428542255,0.0012296255984125472,0.05,0.0,1.0,0.0,0.0,0.0,1.0,0.0,0.0086,0.0011313708498984765,0.0,0.0,0.0421527608995058,0.004237173893954319,,
device_0,0.975,1.5,0.05,drop,P3,0.06396700191539834,0.005427564050446435,0.05,0.0,7.5,6.363961030678928,41.5,31.81980515339464,0.5880000000000001,0.2771858582251267,0.02165,0.014778531726798843,0.0,0.0,0.1052017869749893,0.0692637783708013,55.0,63.63961030678928
device_0,0.975,1.5,0.05,late,P0,0.07534050754458779,0.0018541695022391246,0.05,0.0,2.5,0.7071067811865476,26.0,0.0,0.23399999999999999,0.014142135623730954,0.04235,0.004171930009000632,0.0,0.0,0.2076852076895478,0.01399228984102057,,
device_0,0.975,1.5,0.05,late,P1,0.0764736841130518,0.001840647942514303,0.0015500000000000002,7.07106781186547e-05,1.0,0.0,0.0,0.0,1.0,0.0,0.0446,0.003818376618407358,0.0,0.0,0.21876338205849333,0.011910530093508002,,
device_0,0.975,1.5,0.05,late,P2,0.06566527865978801,0.0012370117415281684,0.05,0.0,5.0,0.0,85.5,7.7781745930520225,0.9390000000000001,0.05515432893255064,0.0,0.0,0.0,0.0,0.0,0.0,,
device_0,0.975,1.5,0.05,late,P2prime,0.06698125670638355,0.001379745336055891,0.05,0.0,1.0,0.0,0.0,0.0,0.892,0.0,0.0086,0.0011313708498984765,0.0,0.0,0.0421527608995058,0.004237173893954319,,
device_0,0.975,1.5,0.05,late,P3,0.06805901669769149,0.001327538384340825,0.05005,7.071067811865432e-05,5.5,2.1213203435596424,61.0,8.48528137423857,0.6742974051896208,0.040018574199128486,0.01435,0.0009192388155425111,0.0,0.0,0.07041060495584645,0.002312952721929192,100.0,0.0
device_0,0.975,1.5,0.1,drop,P0,0.06851621854732792,0.0018637444979708582,0.1,0.0,3.5,0.7071067811865476,85.5,7.7781745930520225,0.2255,0.0007071067811865482,0.04005,0.004030508652763321,0.0,0.0,0.19639943057532724,0.013650615268210157,,
device_0,0.975,1.5,0.1,drop,P1,0.07618470244039229,0.0018272511862161623,0.0015500000000000002,7.07106781186547e-05,1.0,0.0,0.0,0.0,1.0,0.0,0.0446,0.003818376618407358,0.0,0.0,0.21876338205849333,0.011910530093508002,,
device_0,0.975,1.5,0.1,drop,P2,0.04952299667310195,0.0009599736203522878,0.1,0.0,9.0,1.4142135623730951,255.0,5.656854249492381,1.0,0.0,0.0,0.0,0.0,0.0,0.0,0.0,,
device_0,0.975,1.5,0.1,drop,P2prime,0.05173650854418761,0.0011781301287567092,0.1,0.0,1.0,0.0,0.0,0.0,0.952,0.012727922061357866,0.0086,0.0011313708498984765,0.0,0.0,0.0421527608995058,0.004237173893954319,,
device_0,0.975,1.5,0.1,drop,P3,0.052873341350180916,0.00025172552842625724,0.1,0.0,15.0,1.4142135623730951,115.5,14.849242404917497,0.5974999999999999,0.03889087296526019,0.00405,0.0017677669529663688,0.0,0.0,0.02002751640568036,0.009303982753624948,100.0,0.0
device_0,0.975,1.5,0.1,late,P0,0.07436198545681386,0.0018534663128324394,0.1,0.0,3.5,0.7071067811865476,104.5,7.7781745930520225,0.219,0.009899494936611674,0.04055,0.004030508652763321,0.0,0.0,0.1988552191474833,0.013573891935992245,,
device_0,0.975,1.5,0.1,late,P1,0.0764736841130518,0.001840647942514303,0.0015500000000000002,7.07106781186547e-05,1.0,0.0,0.0,0.0,1.0,0.0,0.0446,0.003818376618407358,0.0,0.0,0.21876338205849333,0.011910530093508002,,
device_0,0.975,1.5,0.1,late,P2,0.06209450531752059,0.001163663522278323,0.1,0.0,6.5,0.7071067811865476,173.5,4.949747468305833,0.696,0.042426406871192854,0.0,0.0,0.0,0.0,0.0,0.0,,
device_0,0.975,1.5,0.1,late,P2prime,0.06360740677933252,0.001342868821295259,0.1,0.0,1.0,0.0,0.0,0.0,0.5615,0.017677669529663625,0.0086,0.0011313708498984765,0.0,0.0,0.0421527608995058,0.004237173893954319,,
device_0,0.975,1.5,0.1,late,P3,0.06262661754147811,0.0014343853154857448,0.10005,7.071067811864696e-05,38.0,2.8284271247461903,150.0,19.79898987322333,0.6701643356643356,0.001646619287658215,0.0016,0.002262741699796952,0.0,0.0,0.007684918347742555,0.010868115753107359,1000.0,0.0
device_0,0.975,1.5,0.15,drop,P0,0.06450362311949423,0.0012882606974970365,0.15,0.0,5.0,0.0,173.0,12.727922061357855,0.21966666666666668,0.01555634918610403,0.03735,0.003040559159102153,0.0,0.0,0.18321412450956565,0.00920270795509731,,
device_0,0.975,1.5,0.15,drop,P1,0.07618470244039229,0.0018272511862161623,0.0015500000000000002,7.07106781186547e-05,1.0,0.0,0.0,0.0,1.0,0.0,0.0446,0.003818376618407358,0.0,0.0,0.21876338205849333,0.011910530093508002,,
device_0,0.975,1.5,0.15,drop,P2,0.0414022605648482,0.0009418274560971407,0.15,0.0,20.0,0.0,302.5,20.506096654409877,1.0,0.0,0.0,0.0,0.0,0.0,0.0,0.0,,
device_0,0.975,1.5,0.15,drop,P2prime,0.04596458863090269,0.0007454880126188474,0.15,0.0,1.0,0.0,0.0,0.0,0.6443333333333333,0.02027039439401433,0.0086,0.0011313708498984765,0.0,0.0,0.0421527608995058,0.004237173893954319,,
device_0,0.975,1.5,0.15,drop,P3,0.047797689398089885,0.0005027309751110404,0.15,0.0,16.5,0.7071067811865476,169.0,8.48528137423857,0.47533333333333333,0.029227080289043965,0.0009,0.00014142135623730954,0.0,0.0,0.004409569112183605,0.0005564999030205581,100.0,0.0
device_0,0.975,1.5,0.15,late,P0,0.07323920244221499,0.0016636546418998688,0.15,0.0,5.0,0.0,200.0,0.0,0.213,0.0032998316455372114,0.03825,0.0033234018715767705,0.0,0.0,0.18761284330405192,0.01045380975913067,,
device_0,0.975,1.5,0.15,late,P1,0.0764736841130518,0.001840647942514303,0.0015500000000000002,7.07106781186547e-05,1.0,0.0,0.0,0.0,1.0,0.0,0.0446,0.003818376618407358,0.0,0.0,0.21876338205849333,0.011910530093508002,,
device_0,0.975,1.5,0.15,late,P2,0.05893439932363283,0.0010790917086868298,0.15,0.0,10.0,2.8284271247461903,289.0,4.242640687119285,0.6703333333333333,0.01555634918610406,0.0,0.0,0.0,0.0,0.0,0.0,,
device_0,0.975,1.5,0.15,late,P2prime,0.06163690259932782,0.0010221284982724454,0.14185,0.0045961940777125634,1.0,0.0,0.0,0.0,0.6732767768260532,0.0018758097255067302,0.0086,0.0011313708498984765,0.0,0.0,0.0421527608995058,0.004237173893954319,,
device_0,0.975,1.5,0.15,late,P3,0.062373126542042426,0.0012731049301069758,0.1507,0.0,133.0,9.899494936611665,141.5,31.81980515339464,0.7571333775713338,0.009384297029682073,0.0144,0.0011313708498984765,0.0,0.0,0.0706399083365161,0.0033471832402265866,10000.0,0.0
device_0,0.975,2.0,0.01,drop,P0,0.061174759853928395,0.0006907027161806559,0.01,0.0,2.0,0.0,1.5,0.7071067811865476,0.195,0.04949747468305833,0.0,0.0,0.0,0.0,0.0,0.0,,
device_0,0.975,2.0,0.01,drop,P1,0.06178357386001882,0.0007757607909917132,0.0,0.0,0.0,0.0,0.0,0.0,,,0.0,0.0,0.0,0.0,0.0,0.0,,
device_0,0.975,2.0,0.01,drop,P2,0.05998213321907181,0.0007749560753979215,0.01,0.0,2.5,0.7071067811865476,4.5,0.7071067811865476,1.0,0.0,0.0,0.0,0.0,0.0,0.0,0.0,,
device_0,0.975,2.0,0.01,drop,P2prime,0.05998319397692509,0.0007752042901313238,0.01,0.0,1.0,0.0,0.0,0.0,1.0,0.0,0.0,0.0,0.0,0.0,0.0,0.0,,
device_0,0.975,2.0,0.01,drop,P3,0.06013328962679726,0.0008541480842070471,0.01,0.0,11.0,1.4142135623730951,15.0,2.8284271247461903,0.95,0.0707106781186547,0.0,0.0,0.0,0.0,0.0,0.0,100.0,0.0
device_0,0.975,2.0,0.01,late,P0,0.06172246672105057,0.0007946556815465344,0.01,0.0,1.5,0.7071067811865476,0.5,0.7071067811865476,0.18,0.042426406871192854,0.0,0.0,0.0,0.0,0.0,0.0,,
device_0,0.975,2.0,0.01,late,P1,0.06178357386001882,0.0007757607909917132,0.0,0.0,0.0,0.0,0.0,0.0,,,0.0,0.0,0.0,0.0,0.0,0.0,,
device_0,0.975,2.0,0.01,late,P2,0.061219669155453245,0.0007732574918647174,0.01,0.0,2.0,0.0,5.0,1.4142135623730951,1.0,0.0,0.0,0.0,0.0,0.0,0.0,0.0,,
device_0,0.975,2.0,0.01,late,P2prime,0.06122020389229638,0.0007727413753470999,0.01,0.0,1.0,0.0,0.0,0.0,1.0,0.0,0.0,0.0,0.0,0.0,0.0,0.0,,
device_0,0.975,2.0,0.01,late,P3,0.06130156123836593,0.0007552905901873279,0.01,0.0,8.0,1.4142135623730951,15.5,0.7071067811865476,1.0,0.0,0.0,0.0,0.0,0.0,0.0,0.0,1000.0,0.0
device_0,0.975,2.0,0.05,drop,P0,0.05869780057957104,0.0006147620930106422,0.05,0.0,2.0,0.0,23.5,6.363961030678928,0.20900000000000002,0.0268700576850888,0.0,0.0,0.0,0.0,0.0,0.0,,
device_0,0.975,2.0,0.05,drop,P1,0.06178357386001882,0.0007757607909917132,0.0,0.0,0.0,0.0,0.0,0.0,,,0.0,0.0,0.0,0.0,0.0,0.0,,
device_0,0.975,2.0,0.05,drop,P2,0.05312984672769713,0.000767707660081156,0.05,0.0,5.0,0.0,91.5,3.5355339059327378,1.0,0.0,0.0,0.0,0.0,0.0,0.0,0.0,,
device_0,0.975,2.0,0.05,drop,P2prime,0.05316457965555986,0.0007668784954258924,0.05,0.0,1.0,0.0,0.0,0.0,1.0,0.0,0.0,0.0,0.0,0.0,0.0,0.0,,
device_0,0.975,2.0,0.05,drop,P3,0.05433626827898502,0.0007247125803041811,0.05,0.0,35.5,12.020815280171307,60.0,4.242640687119285,0.849,0.004242640687119289,0.0,0.0,0.0,0.0,0.0,0.0,1000.0,0.0
device_0,0.975,2.0,0.05,late,P0,0.061455031118668915,0.0007724937665903521,0.05,0.0,3.0,0.0,25.0,1.4142135623730951,0.178,0.0028284271247461927,0.0,0.0,0.0,0.0,0.0,0.0,,
device_0,0.975,2.0,0.05,late,P1,0.06178357386001882,0.0007757607909917132,0.0,0.0,0.0,0.0,0.0,0.0,,,0.0,0.0,0.0,0.0,0.0,0.0,,
device_0,0.975,2.0,0.05,late,P2,0.059168655081453525,0.0007643417061375226,0.05,0.0,6.0,1.4142135623730951,88.5,0.7071067811865476,1.0,0.0,0.0,0.0,0.0,0.0,0.0,0.0,,
device_0,0.975,2.0,0.05,late,P2prime,0.05920182668717267,0.0007644624844411125,0.05,0.0,1.0,0.0,0.0,0.0,1.0,0.0,0.0,0.0,0.0,0.0,0.0,0.0,,
device_0,0.975,2.0,0.05,late,P3,0.05953228314605008,0.0005042515492711517,0.05,0.0,15.5,2.1213203435596424,90.5,10.606601717798213,1.0,0.0,0.0,0.0,0.0,0.0,0.0,0.0,5500.0,6363.961030678927
device_0,0.975,2.0,0.1,drop,P0,0.05562016771466611,0.001092883516194335,0.1,0.0,3.5,0.7071067811865476,95.0,7.0710678118654755,0.2015,0.027577164466275367,0.0,0.0,0.0,0.0,0.0,0.0,,
device_0,0.975,2.0,0.1,drop,P1,0.06178357386001882,0.0007757607909917132,0.0,0.0,0.0,0.0,0.0,0.0,,,0.0,0.0,0.0,0.0,0.0,0.0,,
device_0,0.975,2.0,0.1,drop,P2,0.044823286420068956,0.0007504028313529348,0.1,0.0,9.0,1.4142135623730951,255.0,5.656854249492381,1.0,0.0,0.0,0.0,0.0,0.0,0.0,0.0,,
device_0,0.975,2.0,0.1,drop,P2prime,0.04548749524776111,0.00055956275728574,0.1,0.0,1.0,0.0,0.0,0.0,0.9944999999999999,0.007778174593052069,0.0,0.0,0.0,0.0,0.0,0.0,,
device_0,0.975,2.0,0.1,drop,P3,0.04671040146702324,0.00046714548546713625,0.1,0.0,48.0,1.4142135623730951,112.5,27.577164466275352,0.878,0.02545584412271573,0.0,0.0,0.0,0.0,0.0,0.0,1000.0,0.0
device_0,0.975,2.0,0.1,late,P0,0.06104512403105998,0.0007775667578826603,0.1,0.0,3.0,0.0,95.0,8.48528137423857,0.2025,0.004949747468305807,0.0,0.0,0.0,0.0,0.0,0.0,,
device_0,0.975,2.0,0.1,late,P1,0.06178357386001882,0.0007757607909917132,0.0,0.0,0.0,0.0,0.0,0.0,,,0.0,0.0,0.0,0.0,0.0,0.0,,
device_0,0.975,2.0,0.1,late,P2,0.056873795289438464,0.0007627878625406458,0.1,0.0,11.5,2.1213203435596424,246.5,3.5355339059327378,1.0,0.0,0.0,0.0,0.0,0.0,0.0,0.0,,
device_0,0.975,2.0,0.1,late,P2prime,0.05766177277638737,0.0006547390956060319,0.0948,0.003394112549695427,1.0,0.0,0.0,0.0,1.0,0.0,0.0,0.0,0.0,0.0,0.0,0.0,,
device_0,0.975,2.0,0.1,late,P3,0.057480051511808024,0.0006972142835932878,0.1,0.0,28.0,1.4142135623730951,179.5,17.67766952966369,1.0,0.0,0.0,0.0,0.0,0.0,0.0,0.0,10000.0,0.0
device_0,0.975,2.0,0.15,drop,P0,0.05260688339563879,0.0006209576975187254,0.15,0.0,4.5,0.7071067811865476,182.0,15.556349186104045,0.19933333333333333,0.01131370849898477,0.0,0.0,0.0,0.0,0.0,0.0,,
device_0,0.975,2.0,0.15,drop,P1,0.06178357386001882,0.0007757607909917132,0.0,0.0,0.0,0.0,0.0,0.0,,,0.0,0.0,0.0,0.0,0.0,0.0,,
device_0,0.975,2.0,0.15,drop,P2,0.03684901783410169,0.0006826962806308315,0.15,0.0,20.0,0.0,302.5,20.506096654409877,1.0,0.0,0.0,0.0,0.0,0.0,0.0,0.0,,
device_0,0.975,2.0,0.15,drop,P2prime,0.042484198139677576,0.00042111709008908575,0.15,0.0,1.0,0.0,0.0,0.0,0.6766666666666666,0.02262741699796954,0.0,0.0,0.0,0.0,0.0,0.0,,
device_0,0.975,2.0,0.15,drop,P3,0.04042801643225302,0.00024909842127629445,0.15,0.0,68.5,0.7071067811865476,138.5,19.091883092036785,0.8166666666666667,0.06505382386916239,0.0,0.0,0.0,0.0,0.0,0.0,1000.0,0.0
device_0,0.975,2.0,0.15,late,P0,0.060813556554939266,0.0008633991982104343,0.15,0.0,5.5,0.7071067811865476,188.0,2.8284271247461903,0.18766666666666668,0.01178511301977579,0.0,0.0,0.0,0.0,0.0,0.0,,
device_0,0.975,2.0,0.15,late,P1,0.06178357386001882,0.0007757607909917132,0.0,0.0,0.0,0.0,0.0,0.0,,,0.0,0.0,0.0,0.0,0.0,0.0,,
device_0,0.975,2.0,0.15,late,P2,0.055129362239644784,0.0007316541298544796,0.15,0.0,22.5,4.949747468305833,299.5,9.192388155425117,1.0,0.0,0.0,0.0,0.0,0.0,0.0,0.0,,
device_0,0.975,2.0,0.15,late,P2prime,0.05766177277638737,0.0006547390956060319,0.0948,0.003394112549695427,1.0,0.0,0.0,0.0,1.0,0.0,0.0,0.0,0.0,0.0,0.0,0.0,,
device_0,0.975,2.0,0.15,late,P3,0.05547420899456633,0.0009009332480217863,0.15,0.0,33.5,0.7071067811865476,234.5,13.435028842544403,1.0,0.0,0.0,0.0,0.0,0.0,0.0,0.0,10000.0,0.0
