device,rho,seed,deadline_ratio,deadline_ms,epsilon,skip_mode,r_good_mbps,r_bad_mbps,rate_ratio,pi_bad_observed,lag1_autocorr,forced_count,discretionary_budget,sha256
device_0,0.0,1701,1.1,39.6495,0.15,drop,40.0,12.0,3.3333333333333335,0.2041,-0.005175586574489375,727,773,cae4f64d0c8a816346048e005e00bd105b0a4ffdc61b5863b0a6e65b090ddd04
device_0,0.0,1701,1.1,39.6495,0.15,late,40.0,12.0,3.3333333333333335,0.2041,-0.005175586574489375,727,773,03a3d0be39092bc87cda5546c915a68dce16de037e2da6f2b1ce806cdc037487
device_0,0.0,1701,1.2,43.254,0.1,drop,40.0,12.0,3.3333333333333335,0.2041,-0.005175586574489375,326,674,553cb4cb7ffe48d390880223d460e9db9ba5e17febee8472dd46288a6a9d34e5
device_0,0.0,1701,1.2,43.254,0.1,late,40.0,12.0,3.3333333333333335,0.2041,-0.005175586574489375,326,674,6de385de7367e590e695b9a8289ff0207ae21169d36c296622e2edf8e487829c
device_0,0.0,1701,1.2,43.254,0.15,drop,40.0,12.0,3.3333333333333335,0.2041,-0.005175586574489375,326,1174,45faf5ffeb714be3d5fa9768187ba6f899689a5a5b8bff5f453886a8fbc00432
device_0,0.0,1701,1.2,43.254,0.15,late,40.0,12.0,3.3333333333333335,0.2041,-0.005175586574489375,326,1174,ea2aea08f811ede12f6763878b5435cba9b1d7c638616c410ee11bd74897d217
device_0,0.0,1701,1.35,48.66075000000001,0.05,drop,40.0,12.0,3.3333333333333335,0.2041,-0.005175586574489375,80,420,8b03ac3ebed1c7110d31cf8c00e49b845a6dd05799117d165c59c17f65e9b9d7
device_0,0.0,1701,1.35,48.66075000000001,0.05,late,40.0,12.0,3.3333333333333335,0.2041,-0.005175586574489375,80,420,97010bd4fa0fbd3c9e89d5caac026ff6880257a38acc5c583634338f93f6f950
device_0,0.0,1701,1.35,48.66075000000001,0.1,drop,40.0,12.0,3.3333333333333335,0.2041,-0.005175586574489375,80,920,33796dba56b72e8314d2216f94b02af8f79ca26fd08b8abdeda62506bf3a29f7
device_0,0.0,1701,1.35,48.66075000000001,0.1,late,40.0,12.0,3.3333333333333335,0.2041,-0.005175586574489375,80,920,7a685b72a2112a55e624c27d0c0c908227bc5b4ce1d2bc19d264b440c9ba522a
device_0,0.0,1701,1.35,48.66075000000001,0.15,drop,40.0,12.0,3.3333333333333335,0.2041,-0.005175586574489375,80,1420,f5821a45dc21af7686fbc50d83da9e24564bf0af07be7c23ecd5977b29a21161
device_0,0.0,1701,1.35,48.66075000000001,0.15,late,40.0,12.0,3.3333333333333335,0.2041,-0.005175586574489375,80,1420,2e9807d16d66fce863ceace88256159e276a0d8574a9cc8a1280bfda0881b3a7
device_0,0.0,1701,1.5,54.0675,0.01,drop,40.0,12.0,3.3333333333333335,0.2041,-0.005175586574489375,18,82,8f516b054452e18dc22e5479182307a3952b42b2591418ede610ab312d3d963b
device_0,0.0,1701,1.5,54.0675,0.01,late,40.0,12.0,3.3333333333333335,0.2041,-0.005175586574489375,18,82,a66d91c5e6c4c12c84abbbdbe2148c6402ca3e0112963bc30754b78790dd38ac
device_0,0.0,1701,1.5,54.0675,0.05,drop,40.0,12.0,3.3333333333333335,0.2041,-0.005175586574489375,18,482,ed1e2c7e41cadbe5e22d223f33df35044518b0d160e2e8be7f22cf3b62428d62
device_0,0.0,1701,1.5,54.0675,0.05,late,40.0,12.0,3.3333333333333335,0.2041,-0.005175586574489375,18,482,6eb94e43f8ce81fa3d9a4792dde0fac66414be0133b9d4fe210c51fb00fd3a7a
device_0,0.0,1701,1.5,54.0675,0.1,drop,40.0,12.0,3.3333333333333335,0.2041,-0.005175586574489375,18,982,4fd5ead77fd69408c7ae1ce36789f5ee9da64f980cc55c688e593668674d5aa5
device_0,0.0,1701,1.5,54.0675,0.1,late,40.0,12.0,3.3333333333333335,0.2041,-0.005175586574489375,18,982,829404f3f6098ac5faadf1d32e7e4c95903e7f3cddfe8c1b4791fc9d9c1b2173
device_0,0.0,1701,1.5,54.0675,0.15,drop,40.0,12.0,3.3333333333333335,0.2041,-0.005175586574489375,18,1482,3f6906b3adaef7245cb5bf5f879e12e77a85866081e085bc331c0efa313b02dc
device_0,0.0,1701,1.5,54.0675,0.15,late,40.0,12.0,3.3333333333333335,0.2041,-0.005175586574489375,18,1482,c1996a0e9f0ffa58b2b1fbac255abcc97f21d2f291c7769fb022416455e8e6db
device_0,0.0,1701,2.0,72.09,0.01,drop,40.0,12.0,3.3333333333333335,0.2041,-0.005175586574489375,0,100,01223134f062c687b4c32a3f29aa28eddfd757da55d03b051c34545a4f0e51cc
device_0,0.0,1701,2.0,72.09,0.01,late,40.0,12.0,3.3333333333333335,0.2041,-0.005175586574489375,0,100,c7df409c39a6180e552389bd6a27438de32b3be4664ad63d128b29a1d9ffc0cc
device_0,0.0,1701,2.0,72.09,0.05,drop,40.0,12.0,3.3333333333333335,0.2041,-0.005175586574489375,0,500,8fa0feb87d42bc95d0ff9e2f8a961ff465789483615d08317e189affeb2f5e57
device_0,0.0,1701,2.0,72.09,0.05,late,40.0,12.0,3.3333333333333335,0.2041,-0.005175586574489375,0,500,9b920bd4105a604a9ef89bcec83b67354e199456e1ea47d78aaf10ff8b23272c
device_0,0.0,1701,2.0,72.09,0.1,drop,40.0,12.0,3.3333333333333335,0.2041,-0.005175586574489375,0,1000,4797409da42f2a23441c9bf9e94215f2725f6fec002d3a69690e259f99ba5c70
device_0,0.0,1701,2.0,72.09,0.1,late,40.0,12.0,3.3333333333333335,0.2041,-0.005175586574489375,0,1000,7e58b66da85346bc14463563f5eef108059e5d327fdd8cd2d28750eddf4dced8
device_0,0.0,1701,2.0,72.09,0.15,drop,40.0,12.0,3.3333333333333335,0.2041,-0.005175586574489375,0,1500,6c11f63361d70f76992eecee5daa0a3fd85230fcbe276f29e5f3effa736f3278
device_0,0.0,1701,2.0,72.09,0.15,late,40.0,12.0,3.3333333333333335,0.2041,-0.005175586574489375,0,1500,2bc80280a5be59c3e808744285ea020032c50f6d7582e189c18a6f8aa8cbac3e
device_0,0.0,1702,1.1,39.6495,0.15,drop,40.0,12.0,3.3333333333333335,0.2044,-0.0003880774600071656,721,779,203678f8c10d69b8b60e67fae67a5000a8fbc42023e527a77febbb58df2ba742
device_0,0.0,1702,1.1,39.6495,0.15,late,40.0,12.0,3.3333333333333335,0.2044,-0.0003880774600071656,721,779,a2cd100a1a32698961a89c49391b447e1b0ce6fdcb660bb2bcccd19e9a504a6b
device_0,0.0,1702,1.2,43.254,0.1,drop,40.0,12.0,3.3333333333333335,0.2044,-0.0003880774600071656,325,675,4fd05ae447158c5bc961861aad72ddb979648e4506d53e5f15797250f238efbe
device_0,0.0,1702,1.2,43.254,0.1,late,40.0,12.0,3.3333333333333335,0.2044,-0.0003880774600071656,325,675,00f852d32ba361d6f6fbc98d2fb2b6815ca864cfe6736215f26adb2089fffaa2
device_0,0.0,1702,1.2,43.254,0.15,drop,40.0,12.0,3.3333333333333335,0.2044,-0.0003880774600071656,325,1175,f7902eb417ed6a6cd4719a83f9392389997f70f8e29bbe056da4b79bc4156a8a
device_0,0.0,1702,1.2,43.254,0.15,late,40.0,12.0,3.3333333333333335,0.2044,-0.0003880774600071656,325,1175,97f6581403c6e0584d743960b41a619e112f506d848c7339af7701ce8a164b03
device_0,0.0,1702,1.35,48.66075000000001,0.05,drop,40.0,12.0,3.3333333333333335,0.2044,-0.0003880774600071656,93,407,909f0c8ab9d3bc232202ffe153246a86cc230924809392311b274fb298db74f3
device_0,0.0,1702,1.35,48.66075000000001,0.05,late,40.0,12.0,3.3333333333333335,0.2044,-0.0003880774600071656,93,407,5a87c0f921977731fcece639a75ab80c7e74341651061455ebb197b0d4cf7ca4
device_0,0.0,1702,1.35,48.66075000000001,0.1,drop,40.0,12.0,3.3333333333333335,0.2044,-0.0003880774600071656,93,907,655b2193377e64ec6cb3d6ec8cec302f05a2e136676038436c9cebeeedc6d290
device_0,0.0,1702,1.35,48.66075000000001,0.1,late,40.0,12.0,3.3333333333333335,0.2044,-0.0003880774600071656,93,907,2080a451a28d8e89525da96656998c51f77e10afd4758edca44f1e87faafb71c
device_0,0.0,1702,1.35,48.66075000000001,0.15,drop,40.0,12.0,3.3333333333333335,0.2044,-0.0003880774600071656,93,1407,b8c637ea2af112a4d90d15df7ef8589806207ccc5e3642d76e6f121b5c88a6c1
device_0,0.0,1702,1.35,48.66075000000001,0.15,late,40.0,12.0,3.3333333333333335,0.2044,-0.0003880774600071656,93,1407,35f7827a194208d8509c40da39b28959f49298a0fdbbbb1504c71f708900c539
device_0,0.0,1702,1.5,54.0675,0.01,drop,40.0,12.0,3.3333333333333335,0.2044,-0.0003880774600071656,27,73,e8c55634df5f593bdf8b59083a2c82df9d10a8b1581bd2224d567af54da24922
device_0,0.0,1702,1.5,54.0675,0.01,late,40.0,12.0,3.3333333333333335,0.2044,-0.0003880774600071656,27,73,a13de2ec4ecb50ff34ed29408fa4bb062288071fde9d336f261187ea253594ab
device_0,0.0,1702,1.5,54.0675,0.05,drop,40.0,12.0,3.3333333333333335,0.2044,-0.0003880774600071656,27,473,50a3b211fe55631ac45ce865f2569828c542aa5225844bae37b0b9f899a2cb2d
device_0,0.0,1702,1.5,54.0675,0.05,late,40.0,12.0,3.3333333333333335,0.2044,-0.0003880774600071656,27,473,d7767529493a7f99011d01ff0759b10340e7ac51c309242943377e824f3fefde
device_0,0.0,1702,1.5,54.0675,0.1,drop,40.0,12.0,3.3333333333333335,0.2044,-0.0003880774600071656,27,973,e0933c2e6126f8f09a5b1c96619ae648acfe1fbaa6ecdb93cf69eca9f24b4e63
device_0,0.0,1702,1.5,54.0675,0.1,late,40.0,12.0,3.3333333333333335,0.2044,-0.0003880774600071656,27,973,1fef5341031a0d1cd6df14904234fe3d248881ddc1a96094bf4ad015982974b3
device_0,0.0,1702,1.5,54.0675,0.15,drop,40.0,12.0,3.3333333333333335,0.2044,-0.0003880774600071656,27,1473,cca900e8f1f9472710d5da9bbc5160242d2020c716efd26f5d6d7f4f8f83faa8
device_0,0.0,1702,1.5,54.0675,0.15,late,40.0,12.0,3.3333333333333335,0.2044,-0.0003880774600071656,27,1473,e0ef0cc5e4afa27c49c8fcc9b78894dadfa7075bd649bddfa7eaa4d122106b2f
device_0,0.0,1702,2.0,72.09,0.01,drop,40.0,12.0,3.3333333333333335,0.2044,-0.0003880774600071656,0,100,f6d1bcbcc6a08db9f54e9b7c74ee361bb39d6d6e6054c192409d346c1a0b039a
device_0,0.0,1702,2.0,72.09,0.01,late,40.0,12.0,3.3333333333333335,0.2044,-0.0003880774600071656,0,100,91c82e3a2635c9106a35019b451b505082790225e982f984bd2b12cf903e3aa9
device_0,0.0,1702,2.0,72.09,0.05,drop,40.0,12.0,3.3333333333333335,0.2044,-0.0003880774600071656,0,500,4eef4da470f34d7e0b8038a0798d1299ab0be9a8f7842e13f0da36e28096d8a3
device_0,0.0,1702,2.0,72.09,0.05,late,40.0,12.0,3.3333333333333335,0.2044,-0.0003880774600071656,0,500,1afcaa98d2afad0e0da6be1e721b15c452d1cd4ab29b7f8685475d621dcfcf65
device_0,0.0,1702,2.0,72.09,0.1,drop,40.0,12.0,3.3333333333333335,0.2044,-0.0003880774600071656,0,1000,45efa69779bd2e4ca7ae51dbbf2be2c63e9dbdd1b16c60830da579b3ac537d4c
device_0,0.0,1702,2.0,72.09,0.1,late,40.0,12.0,3.3333333333333335,0.2044,-0.0003880774600071656,0,1000,cffc0b0ebd17f6e4e4c873c2dd995f1368454da2339f990f3bcaf80a0596394b
device_0,0.0,1702,2.0,72.09,0.15,drop,40.0,12.0,3.3333333333333335,0.2044,-0.0003880774600071656,0,1500,57ee40696e9e7db2f3ce61313ee9c47a8393227bb0307a0712453c50be02a146
device_0,0.0,1702,2.0,72.09,0.15,late,40.0,12.0,3.3333333333333335,0.2044,-0.0003880774600071656,0,1500,99d8e3ede8993fa28694c5adf0d9811e56fc24f145507b10b23d8da0d2c6ba5e
device_0,0.75,1701,1.1,39.6495,0.15,drop,40.0,12.0,3.3333333333333335,0.2038,0.7377209806197738,746,754,06bd8c335e6701f4859fa558470a3deddf535bf3bc2beb30a7df7c2454330d66
device_0,0.75,1701,1.1,39.6495,0.15,late,40.0,12.0,3.3333333333333335,0.2038,0.7377209806197738,746,754,5ec167377627747ff2ff0d1e4ec76cad3cff1f28b251498fc616b8d8eb09e9e8
device_0,0.75,1701,1.2,43.254,0.1,drop,40.0,12.0,3.3333333333333335,0.2038,0.7377209806197738,363,637,32efb073ad456fbd4500337f1a221f3977baec150a84d0fe4e58f148f1927f48
device_0,0.75,1701,1.2,43.254,0.1,late,40.0,12.0,3.3333333333333335,0.2038,0.7377209806197738,363,637,0130d9149dfa7ad15e0b707e6495639c0942a1b5ee1beb46431ba0292a0c8f3b
device_0,0.75,1701,1.2,43.254,0.15,drop,40.0,12.0,3.3333333333333335,0.2038,0.7377209806197738,363,1137,06e4c01574a5f352e0313ade3a624d2d05f088abdc6164fbf55b8ed961160c71
device_0,0.75,1701,1.2,43.254,0.15,late,40.0,12.0,3.3333333333333335,0.2038,0.7377209806197738,363,1137,6fa4ace9a68fca5fa236fa3edea0a5b3c5138cc7ef21db8d025ac3a8549ee0f4
device_0,0.75,1701,1.35,48.66075000000001,0.05,drop,40.0,12.0,3.3333333333333335,0.2038,0.7377209806197738,82,418,03880c26a6da1e10fd3713874c5525084db337cdca918788513a25a58635d9e6
device_0,0.75,1701,1.35,48.66075000000001,0.05,late,40.0,12.0,3.3333333333333335,0.2038,0.7377209806197738,82,418,ecac57da41394409c63857cfa961efb4eecbbeb45c98aeabdf7c8062d15b4c90
device_0,0.75,1701,1.35,48.66075000000001,0.1,drop,40.0,12.0,3.3333333333333335,0.2038,0.7377209806197738,82,918,495a6f84085879620ae8b57cd3491e541dd1a137cbaa2efee77e93e29d034010
device_0,0.75,1701,1.35,48.66075000000001,0.1,late,40.0,12.0,3.3333333333333335,0.2038,0.7377209806197738,82,918,7f2779d93ebac67f1e28cd80c071012b82cfe423f00f02043cb7a47b5428be5e
device_0,0.75,1701,1.35,48.66075000000001,0.15,drop,40.0,12.0,3.3333333333333335,0.2038,0.7377209806197738,82,1418,844d296ca88a198aff4566159538881d02f3d09f71eda15c47280be2add0240a
device_0,0.75,1701,1.35,48.66075000000001,0.15,late,40.0,12.0,3.3333333333333335,0.2038,0.7377209806197738,82,1418,ef905ed1bbb26542e19bcf7be0fb42d0431f2dcbcdf5fb4ab568b7ab63b673db
device_0,0.75,1701,1.5,54.0675,0.01,drop,40.0,12.0,3.3333333333333335,0.2038,0.7377209806197738,22,78,187b12cee9b27b273a6ce9489959d901cb8d9dd8861815d670ed2252821bbf40
device_0,0.75,1701,1.5,54.0675,0.01,late,40.0,12.0,3.3333333333333335,0.2038,0.7377209806197738,22,78,1cc5b4505e7b008942b9760d2dc8aa5471bf1932d1d090029fcd5739aa30c53c
device_0,0.75,1701,1.5,54.0675,0.05,drop,40.0,12.0,3.3333333333333335,0.2038,0.7377209806197738,22,478,f5d0b298a96d5b6f6c9a99539e088fefee78a6c0c93fb6df7590763067f9ce1f
device_0,0.75,1701,1.5,54.0675,0.05,late,40.0,12.0,3.3333333333333335,0.2038,0.7377209806197738,22,478,e33c1d70bea1c6c0a85c6eb7b3f491439852ac79857653d734b57020240329df
device_0,0.75,1701,1.5,54.0675,0.1,drop,40.0,12.0,3.3333333333333335,0.2038,0.7377209806197738,22,978,988381c5ad9db37a024ce80306f16baef5ebc86f29d342534aaa23efdb7640bd
device_0,0.75,1701,1.5,54.0675,0.1,late,40.0,12.0,3.3333333333333335,0.2038,0.7377209806197738,22,978,ef428faad284e7b62a4c8315353a9abec45ef35a17b4908eb99ff1e7e7846ac7
device_0,0.75,1701,1.5,54.0675,0.15,drop,40.0,12.0,3.3333333333333335,0.2038,0.7377209806197738,22,1478,72b385ef448293d7419322bb13087c3ca3824910f7683bc339529832dd83aa9c
device_0,0.75,1701,1.5,54.0675,0.15,late,40.0,12.0,3.3333333333333335,0.2038,0.7377209806197738,22,1478,bbb5256ab736ceac1daf39b9de8f70416c0d2f6adfb244af58825852256fd7f0
device_0,0.75,1701,2.0,72.09,0.01,drop,40.0,12.0,3.3333333333333335,0.2038,0.7377209806197738,0,100,02175ed14f03b49be29ddeca30d8e022166a31a1c8202aade78eb7eade2ab49d
device_0,0.75,1701,2.0,72.09,0.01,late,40.0,12.0,3.3333333333333335,0.2038,0.7377209806197738,0,100,fa4d6ec4923ef9c90e860be3037eb788bbe14ee9a87c8d14a0e9d8bba6d54009
device_0,0.75,1701,2.0,72.09,0.05,drop,40.0,12.0,3.3333333333333335,0.2038,0.7377209806197738,0,500,1a09a8edde73cbe99ca7d0d5eabf322da1cd29f66252e4ddce24f7d9a7130354
device_0,0.75,1701,2.0,72.09,0.05,late,40.0,12.0,3.3333333333333335,0.2038,0.7377209806197738,0,500,ee69636cf66857dc2ee760b991359392c7e9acfa21071d36ef26b09788cb1e88
device_0,0.75,1701,2.0,72.09,0.1,drop,40.0,12.0,3.3333333333333335,0.2038,0.7377209806197738,0,1000,bf3721499d3e63b6295c1e699f1ebc1c62fe81000c9e5d383ca3d7d40bbcd0ec
device_0,0.75,1701,2.0,72.09,0.1,late,40.0,12.0,3.3333333333333335,0.2038,0.7377209806197738,0,1000,60ce8e7cc5c1e8e79abece8d2a10757900a3d6d69c56566b3db56946a6ebed2b
device_0,0.75,1701,2.0,72.09,0.15,drop,40.0,12.0,3.3333333333333335,0.2038,0.7377209806197738,0,1500,4f4ab1296deec4bcc79e2d6a1639902ba9659f2012dc661cf229115b6b82b9fc
device_0,0.75,1701,2.0,72.09,0.15,late,40.0,12.0,3.3333333333333335,0.2038,0.7377209806197738,0,1500,5aff27d740d9077ef3cc0f61a61bd752d48640b9c560ce25eb3a8ff31093df8f
device_0,0.75,1702,1.1,39.6495,0.15,drop,40.0,12.0,3.3333333333333335,0.2084,0.7526749545009777,755,745,58e84352990e8b7f9a32cc90d57e650e3f5e557e12851c855d94d7e3f101a13b
device_0,0.75,1702,1.1,39.6495,0.15,late,40.0,12.0,3.3333333333333335,0.2084,0.7526749545009777,755,745,5c5b43d05ab1a55b150dc5ad2fee856fed2145049f139567dc3fc82f525ce77d
device_0,0.75,1702,1.2,43.254,0.1,drop,40.0,12.0,3.3333333333333335,0.2084,0.7526749545009777,353,647,b15b3c9f228421fae826d7093f7740085550836bd559901057f702973315d4cc
device_0,0.75,1702,1.2,43.254,0.1,late,40.0,12.0,3.3333333333333335,0.2084,0.7526749545009777,353,647,31692f3ae69d7f31192d608bae6df1d30ad0d977d82a5a75002c5b84eb9c004b
device_0,0.75,1702,1.2,43.254,0.15,drop,40.0,12.0,3.3333333333333335,0.2084,0.7526749545009777,353,1147,7f5aa88be258ed6e2eca42fee6adc1a04d26d20ded793afbad260db94191b6c2
device_0,0.75,1702,1.2,43.254,0.15,late,40.0,12.0,3.3333333333333335,0.2084,0.7526749545009777,353,1147,a5119a2efd3724450bbbafa65c20f40cacd4771733df3a65c435d4153d0a1286
device_0,0.75,1702,1.35,48.66075000000001,0.05,drop,40.0,12.0,3.3333333333333335,0.2084,0.7526749545009777,93,407,426205dc8c77502b35b157295fe0d943e522b141fa5381779eaa0a2da4529447
device_0,0.75,1702,1.35,48.66075000000001,0.05,late,40.0,12.0,3.3333333333333335,0.2084,0.7526749545009777,93,407,4c9c12aa75404454854b396cdcb151da84c6b6946a7710881d8c8bf01f776da6
device_0,0.75,1702,1.35,48.66075000000001,0.1,drop,40.0,12.0,3.3333333333333335,0.2084,0.7526749545009777,93,907,bdfd57454dd75142495944272374115f4eb5898d6df0787e33bd1e2476fbf931
device_0,0.75,1702,1.35,48.66075000000001,0.1,late,40.0,12.0,3.3333333333333335,0.2084,0.7526749545009777,93,907,d95307d8c3c87457cf5000603090233689c0a1e4888da67eebbaefe0c0ca3e7a
device_0,0.75,1702,1.35,48.66075000000001,0.15,drop,40.0,12.0,3.3333333333333335,0.2084,0.7526749545009777,93,1407,93c886b678482fa6259d289888e474304f77441523ddeb16bfb58726232c1f93
device_0,0.75,1702,1.35,48.66075000000001,0.15,late,40.0,12.0,3.3333333333333335,0.2084,0.7526749545009777,93,1407,2339a2511e01e3f5a280d7f3cf8401c2a9d06bb8cd33f18e0ab2ee13e20bd7d8
device_0,0.75,1702,1.5,54.0675,0.01,drop,40.0,12.0,3.3333333333333335,0.2084,0.7526749545009777,21,79,6edd8b5f9db148fbea6a0a7d15b356c540f7099aae13e9aa6ee6ecdce336ca8b
device_0,0.75,1702,1.5,54.0675,0.01,late,40.0,12.0,3.3333333333333335,0.2084,0.7526749545009777,21,79,3f48003455bf1c8074d7a1694f9228954d51311694c828149f7b746e9d304223
device_0,0.75,1702,1.5,54.0675,0.05,drop,40.0,12.0,3.3333333333333335,0.2084,0.7526749545009777,21,479,0c171cd09daf45a8a38f9ca6c5cac6055263c7705661458b13a6dc593350ee14
device_0,0.75,1702,1.5,54.0675,0.05,late,40.0,12.0,3.3333333333333335,0.2084,0.7526749545009777,21,479,8a24fd2e9bec8808a67898033298660f46e86456cca1cdc493872469b34f88a8
device_0,0.75,1702,1.5,54.0675,0.1,drop,40.0,12.0,3.3333333333333335,0.2084,0.7526749545009777,21,979,aa2d53a56310475406839e5a83365d827fcb6c164ff4f5688753441e2a6b591b
device_0,0.75,1702,1.5,54.0675,0.1,late,40.0,12.0,3.3333333333333335,0.2084,0.7526749545009777,21,979,26da53083171232480c44a44e6073372777c6082906ba856ea35c349e3dd966a
device_0,0.75,1702,1.5,54.0675,0.15,drop,40.0,12.0,3.3333333333333335,0.2084,0.7526749545009777,21,1479,75f2c14b88767b67cc8c2331213bddfa716f533756150d4fa32b90b68e5f9794
device_0,0.75,1702,1.5,54.0675,0.15,late,40.0,12.0,3.3333333333333335,0.2084,0.7526749545009777,21,1479,33a43bc92fdc72639a651a02a79ce91f1e8160f0dbee12b5f31bfd375744e1a2
device_0,0.75,1702,2.0,72.09,0.01,drop,40.0,12.0,3.3333333333333335,0.2084,0.7526749545009777,0,100,752ccfea921c2c082b32d7e6b2c6cb5c29768c46f0ba68912349c33c7f5aee0a
device_0,0.75,1702,2.0,72.09,0.01,late,40.0,12.0,3.3333333333333335,0.2084,0.7526749545009777,0,100,fb4e2257ef514d62f19979aa3e8ea0ba42f251bb1fc15db4262cd637017bef4e
device_0,0.75,1702,2.0,72.09,0.05,drop,40.0,12.0,3.3333333333333335,0.2084,0.7526749545009777,0,500,98341e1042fa0b027d9ff69683e0207beda7a5b9204816e9ba93457f226e5dd9
device_0,0.75,1702,2.0,72.09,0.05,late,40.0,12.0,3.3333333333333335,0.2084,0.7526749545009777,0,500,aea77c9ff95b6ce158fc1886e338824d2d3d9e597fe342bcfb207cd62cb2e6ef
device_0,0.75,1702,2.0,72.09,0.1,drop,40.0,12.0,3.3333333333333335,0.2084,0.7526749545009777,0,1000,179cdea0fe3fcac3f0db99654e0a25d9d25053244a82f479116ea8548f1feb6d
device_0,0.75,1702,2.0,72.09,0.1,late,40.0,12.0,3.3333333333333335,0.2084,0.7526749545009777,0,1000,b4d6bedf078b8ff258cde6fe1d308d871f583dfa1cd9b54cdc3390b1b2d66d07
device_0,0.75,1702,2.0,72.09,0.15,drop,40.0,12.0,3.3333333333333335,0.2084,0.7526749545009777,0,1500,81a9ab3aff1ae286735982c8ce8e9d4073794afca90188b3288311ee7cbbb7a1
device_0,0.75,1702,2.0,72.09,0.15,late,40.0,12.0,3.3333333333333335,0.2084,0.7526749545009777,0,1500,567825b013cc4500758b73e23043c08b9fcc203f0d6fa133ad4d3ade2c676180
device_0,0.975,1701,1.1,39.6495,0.15,drop,40.0,12.0,3.3333333333333335,0.1992,0.9789949792069076,709,791,81d770bfe57872f71fb38527787ff62cda0d8b871c16f5d1954054a85b1e9c56
device_0,0.975,1701,1.1,39.6495,0.15,late,40.0,12.0,3.3333333333333335,0.1992,0.9789949792069076,709,791,8f57f1a180fd15e0a3507ad15c30e45a65b300f9263b6cc0232f6a9ce330a4f6
device_0,0.975,1701,1.2,43.254,0.1,drop,40.0,12.0,3.3333333333333335,0.1992,0.9789949792069076,319,681,fb92f2588f3bb7394440fcfefc701e32903c0642bf9a122b324bf3318afbe3eb
device_0,0.975,1701,1.2,43.254,0.1,late,40.0,12.0,3.3333333333333335,0.1992,0.9789949792069076,319,681,aecbad861e5d51a40102524ef0b6ec44896a0f5c445ef28b5639c4cca7d5c040
device_0,0.975,1701,1.2,43.254,0.15,drop,40.0,12.0,3.3333333333333335,0.1992,0.9789949792069076,319,1181,70093cf02f7fb77978bcd9933fbf9c12c0fb83d3b16ae517dfd9b916b36f6537
device_0,0.975,1701,1.2,43.254,0.15,late,40.0,12.0,3.3333333333333335,0.1992,0.9789949792069076,319,1181,c8b958d5c8b49fb07fa85e7f4e0b1cb6e13b0fb71ac5fce238090131c501c8c9
device_0,0.975,1701,1.35,48.66075000000001,0.05,drop,40.0,12.0,3.3333333333333335,0.1992,0.9789949792069076,83,417,937f5a2518948bf881da5e583923c279919d9c8d3f8652399939caef0e6422ff
device_0,0.975,1701,1.35,48.66075000000001,0.05,late,40.0,12.0,3.3333333333333335,0.1992,0.9789949792069076,83,417,8df335612f3427df2ad231d6a88fcc3dd1188a1d0ec9ac2f8e87e5b6fd455b70
device_0,0.975,1701,1.35,48.66075000000001,0.1,drop,40.0,12.0,3.3333333333333335,0.1992,0.9789949792069076,83,917,4529718e0d008ce0f333e80fccd0287e05a78478e7fa12f23c4b2a18bd05c00a
device_0,0.975,1701,1.35,48.66075000000001,0.1,late,40.0,12.0,3.3333333333333335,0.1992,0.9789949792069076,83,917,0dcae6571d7f033d8841a097908fefed7cc04557dac3fb33c3d295a2cb5d1b72
device_0,0.975,1701,1.35,48.66075000000001,0.15,drop,40.0,12.0,3.3333333333333335,0.1992,0.9789949792069076,83,1417,53068a0dbaa08754c93b1b3506683aff2fa6cbb27d547b33159d544078d56c91
device_0,0.975,1701,1.35,48.66075000000001,0.15,late,40.0,12.0,3.3333333333333335,0.1992,0.9789949792069076,83,1417,e71c829b28a514b7b46e146c322abcdee006e8b9440395ff0bd74141f3e037b0
device_0,0.975,1701,1.5,54.0675,0.01,drop,40.0,12.0,3.3333333333333335,0.1992,0.9789949792069076,15,85,ac20714048ce06b9e6d5b99bba4300a8816bf07ecd084df7578c08da03a78307
device_0,0.975,1701,1.5,54.0675,0.01,late,40.0,12.0,3.3333333333333335,0.1992,0.9789949792069076,15,85,fc1f89f97d598f6e74863207258d9bffc8c2e697489a1e587f1e3b159668ff9c
device_0,0.975,1701,1.5,54.0675,0.05,drop,40.0,12.0,3.3333333333333335,0.1992,0.9789949792069076,15,485,4834a14f887705eeb482eb0468e98cd0734a464c0970ffd30918e2cc8988b8a6
device_0,0.975,1701,1.5,54.0675,0.05,late,40.0,12.0,3.3333333333333335,0.1992,0.9789949792069076,15,485,f177b0e5e7b4e3a342b0052fc75d86cc707d38f23ac33e3a1fcb3c4ad459d8dd
device_0,0.975,1701,1.5,54.0675,0.1,drop,40.0,12.0,3.3333333333333335,0.1992,0.9789949792069076,15,985,6a55231c1cd5bf660981216393f2337e28106603eb112a327f275ffad842b323
device_0,0.975,1701,1.5,54.0675,0.1,late,40.0,12.0,3.3333333333333335,0.1992,0.9789949792069076,15,985,8d774eb1c5ecc27cbbc77142567069f09e0c32ce276e8b6e6d82933419318147
device_0,0.975,1701,1.5,54.0675,0.15,drop,40.0,12.0,3.3333333333333335,0.1992,0.9789949792069076,15,1485,b8b62cc1b22aee247243d338aba914a14ed3158e832c212230b223a071f0e445
device_0,0.975,1701,1.5,54.0675,0.15,late,40.0,12.0,3.3333333333333335,0.1992,0.9789949792069076,15,1485,a6b22c4c7958c6bfe6454382f24c7b5679315e1ecb70ba73dda9f404e4363b5c
device_0,0.975,1701,2.0,72.09,0.01,drop,40.0,12.0,3.3333333333333335,0.1992,0.9789949792069076,0,100,504e193474e9a432463c1edf71809e89aaa6db06aa5bf457a3410f52fedcd1af
device_0,0.975,1701,2.0,72.09,0.01,late,40.0,12.0,3.3333333333333335,0.1992,0.9789949792069076,0,100,9f984249e18363a3cb18f6a8d2fd4299f89a2f913d5dee73d4a520f8a04936ff
device_0,0.975,1701,2.0,72.09,0.05,drop,40.0,12.0,3.3333333333333335,0.1992,0.9789949792069076,0,500,17886f6f89f5834bcd6d816a5ee2a2749a085c74dbbb6d1aa519a5fc01feda01
device_0,0.975,1701,2.0,72.09,0.05,late,40.0,12.0,3.3333333333333335,0.1992,0.9789949792069076,0,500,257841eaa3f10247811866e780865c98e7a7af090ae264cf91a5ec03d0d48ecc
device_0,0.975,1701,2.0,72.09,0.1,drop,40.0,12.0,3.3333333333333335,0.1992,0.9789949792069076,0,1000,5431fb35789aa612317eaee13ae2bf5f0c9f1e6a1e073aade39c500874c60497
device_0,0.975,1701,2.0,72.09,0.1,late,40.0,12.0,3.3333333333333335,0.1992,0.9789949792069076,0,1000,dcc65f7a7dbff44e545a0ad9fda232ae02c2f3ee9dd036b04f96023608be26e3
device_0,0.975,1701,2.0,72.09,0.15,drop,40.0,12.0,3.3333333333333335,0.1992,0.9789949792069076,0,1500,c8a9f0c77950a01b97eec996ab17f6319c6b2330409862f5ea1d6789ebd14b99
device_0,0.975,1701,2.0,72.09,0.15,late,40.0,12.0,3.3333333333333335,0.1992,0.9789949792069076,0,1500,b053d61cfec34362a54af75e75e85f84e0056ff3f84bdfb25d03c724718f6ace
device_0,0.975,1702,1.1,39.6495,0.15,drop,40.0,12.0,3.3333333333333335,0.2082,0.9760343972479407,760,740,b61b2d3a1382ac61cd9a75cda7380b126f8335684902f135e494c29ae7b44a97
device_0,0.975,1702,1.1,39.6495,0.15,late,40.0,12.0,3.3333333333333335,0.2082,0.9760343972479407,760,740,a0b4de0a1339cb920fde1e4b3b08b89efcfec61aae035136b9ad599763fc509a
device_0,0.975,1702,1.2,43.254,0.1,drop,40.0,12.0,3.3333333333333335,0.2082,0.9760343972479407,341,659,b6d4e2bbf99c287833f8f6c9974526b62476c98ed21554c8c5f0179b3335fbf1
device_0,0.975,1702,1.2,43.254,0.1,late,40.0,12.0,3.3333333333333335,0.2082,0.9760343972479407,341,659,346a81d4286c151e2e2d65ca20344cf3f685fad3d303a43b1f0418e83fe18f49
device_0,0.975,1702,1.2,43.254,0.15,drop,40.0,12.0,3.3333333333333335,0.2082,0.9760343972479407,341,1159,28b3fd90607625921be6feba4a09bac6f6bfc83b7815aad20b5a01f0621b89e7
device_0,0.975,1702,1.2,43.254,0.15,late,40.0,12.0,3.3333333333333335,0.2082,0.9760343972479407,341,1159,171580599c7da7c56e59a9c01dcd427ef88135beb513d5ed8fec11daecf95057
device_0,0.975,1702,1.35,48.66075000000001,0.05,drop,40.0,12.0,3.3333333333333335,0.2082,0.9760343972479407,79,421,e87dec3388190beab8904f52268ba7f4091cb37002abbe2b00cba2664b4184c3
device_0,0.975,1702,1.35,48.66075000000001,0.05,late,40.0,12.0,3.3333333333333335,0.2082,0.9760343972479407,79,421,626bbf37603cfbc3cb09bcaa2d923c8296b83eaa287258aefcc1a3f5d2c2bc8f
device_0,0.975,1702,1.35,48.66075000000001,0.1,drop,40.0,12.0,3.3333333333333335,0.2082,0.9760343972479407,79,921,59e668c00861668d688e7319dda5e8e752f863bc1edaaf53aa185b795a519634
device_0,0.975,1702,1.35,48.66075000000001,0.1,late,40.0,12.0,3.3333333333333335,0.2082,0.9760343972479407,79,921,06e09fb36e236c98f193ff25c6527cd7898c387aebf38d9e2f57c62258f0ed49
device_0,0.975,1702,1.35,48.66075000000001,0.15,drop,40.0,12.0,3.3333333333333335,0.2082,0.9760343972479407,79,1421,5ceb3903dd40a51a3e1c354aaf0eebf244a51831f7f5f789be2effc3f9ba8060
device_0,0.975,1702,1.35,48.66075000000001,0.15,late,40.0,12.0,3.3333333333333335,0.2082,0.9760343972479407,79,1421,9ebdb7adc9fec64af1c6b20f8605a436c47faff3568dbc43f5cfaaffc3556c3a
device_0,0.975,1702,1.5,54.0675,0.01,drop,40.0,12.0,3.3333333333333335,0.2082,0.9760343972479407,16,84,2440013ae5e28fdd413dca91da4c7df2d69e8032cef55ad6f812aa725d921eb0
device_0,0.975,1702,1.5,54.0675,0.01,late,40.0,12.0,3.3333333333333335,0.2082,0.9760343972479407,16,84,3bc77849d2a5b2a6cbc72ae2f881795fd7a1b7d7af0ded97865df586f371ef02
device_0,0.975,1702,1.5,54.0675,0.05,drop,40.0,12.0,3.3333333333333335,0.2082,0.9760343972479407,16,484,74f4f87896ab12191d335ec9f99db63947315ef15c40f530bea14895d9268598
device_0,0.975,1702,1.5,54.0675,0.05,late,40.0,12.0,3.3333333333333335,0.2082,0.9760343972479407,16,484,6738e5fd3b6fbc217591668f5b651a887c624444d32f48230671fe406d92688d
device_0,0.975,1702,1.5,54.0675,0.1,drop,40.0,12.0,3.3333333333333335,0.2082,0.9760343972479407,16,984,5147552d053033efd5b67732d4bcfa25b094592dde6ac76aa12b893f5cdee351
device_0,0.975,1702,1.5,54.0675,0.1,late,40.0,12.0,3.3333333333333335,0.2082,0.9760343972479407,16,984,382d033e67b55c1acb148d93bd5182082f6cc551a5f56b7f2524b3ca6e6c9a93
device_0,0.975,1702,1.5,54.0675,0.15,drop,40.0,12.0,3.3333333333333335,0.2082,0.9760343972479407,16,1484,227a12d78321097a9d68277222c880658ca11a863a928b85c0f268eda80bf82c
device_0,0.975,1702,1.5,54.0675,0.15,late,40.0,12.0,3.3333333333333335,0.2082,0.9760343972479407,16,1484,9edb8a86b053fd03b6c8231bf228b1483bb66d600d882ac1f5086f5dad1d4cb9
device_0,0.975,1702,2.0,72.09,0.01,drop,40.0,12.0,3.3333333333333335,0.2082,0.9760343972479407,0,100,47e2ecc63202afd6f5c9246450c2c640f0bd41303ea0029cee2c8d3fa8e70251
device_0,0.975,1702,2.0,72.09,0.01,late,40.0,12.0,3.3333333333333335,0.2082,0.9760343972479407,0,100,a38c7dabb3842580db5fa670fe452f907eb9d2157c68a2f99e8a6bd0caa5c7b1
device_0,0.975,1702,2.0,72.09,0.05,drop,40.0,12.0,3.3333333333333335,0.2082,0.9760343972479407,0,500,2ea358cec433de8d4201d08111017cff23b8ce5cfc1371d43f05f9f718751539
device_0,0.975,1702,2.0,72.09,0.05,late,40.0,12.0,3.3333333333333335,0.2082,0.9760343972479407,0,500,b60474f2659b8e45974395c998c0c0aa82b4dac40d7336a6b32923d2341e565f
device_0,0.975,1702,2.0,72.09,0.1,drop,40.0,12.0,3.3333333333333335,0.2082,0.9760343972479407,0,1000,9cb40b6d954eb86f53a196059527b8c7694901d0f64b36d2987a9f2f50639ae2
device_0,0.975,1702,2.0,72.09,0.1,late,40.0,12.0,3.3333333333333335,0.2082,0.9760343972479407,0,1000,77f9b56701b67ac8c1f8c447e9ad0f4a2a8debf5b057bdc5664c1732f7084939
device_0,0.975,1702,2.0,72.09,0.15,drop,40.0,12.0,3.3333333333333335,0.2082,0.9760343972479407,0,1500,e516c147a3d951ce2a50752a7b72eaf383af526a05283f449c310dc28f8b36f9
device_0,0.975,1702,2.0,72.09,0.15,late,40.0,12.0,3.3333333333333335,0.2082,0.9760343972479407,0,1500,99bd0c9db974fa003e0839cfefaa26d99da271293747f9010091d95e3f619371
