device,L,seed,deadline_ratio,deadline_ms,epsilon,skip_mode,r_good_mbps,r_bad_mbps,rate_ratio,pi_bad_observed,lag1_autocorr,forced_count,discretionary_budget,discard_gain_percent,targeting_gain_percent,oracle_gap_percent,online_recovery,p2prime_gap_percent
device_0,1,1701,1.5,54.0675,0.01,drop,40.0,10.0,4.0,0.2048,-0.2574195171026162,0,100,0.9689000060762166,1.7020942620460613,2.670994268122278,1.0,0.0
device_0,1,1701,1.5,54.0675,0.01,late,40.0,10.0,4.0,0.2048,-0.2574195171026162,0,100,0.07455998217653352,0.31786097664711216,0.3924209588236457,,0.0
device_0,1,1701,1.5,54.0675,0.05,drop,40.0,10.0,4.0,0.2048,-0.2574195171026162,0,500,5.096662143276714,8.258309197334567,13.354971340611279,1.0,0.0
device_0,1,1701,1.5,54.0675,0.05,late,40.0,10.0,4.0,0.2048,-0.2574195171026162,0,500,0.3610272821177646,1.6010775120004967,1.9621047941182614,,0.0
device_0,1,1701,1.5,54.0675,0.1,drop,40.0,10.0,4.0,0.2048,-0.2574195171026162,0,1000,10.193324286553405,16.516618394669134,26.709942681222536,0.9976398104265404,0.0
device_0,1,1701,1.5,54.0675,0.1,late,40.0,10.0,4.0,0.2048,-0.2574195171026162,0,1000,0.7887661272355485,3.135443461000963,3.924209588236512,1.0,0.0
device_0,1,1701,2.0,72.09,0.01,drop,40.0,10.0,4.0,0.2048,-0.2574195171026162,0,100,1.0109270248921607,1.6600672432301173,2.670994268122278,1.0,0.0
device_0,1,1701,2.0,72.09,0.01,late,40.0,10.0,4.0,0.2048,-0.2574195171026162,0,100,0.06671156300004129,0.3257093958236044,0.3924209588236457,,0.0
device_0,1,1701,2.0,72.09,0.05,drop,40.0,10.0,4.0,0.2048,-0.2574195171026162,0,500,4.991594596236832,8.363376744374447,13.354971340611279,1.0,0.0
device_0,1,1701,2.0,72.09,0.05,late,40.0,10.0,4.0,0.2048,-0.2574195171026162,0,500,0.3845725396471974,1.577532254471064,1.9621047941182614,,0.0
device_0,1,1701,2.0,72.09,0.1,drop,40.0,10.0,4.0,0.2048,-0.2574195171026162,0,1000,10.025216211289576,16.68472646993296,26.709942681222536,0.9976398104265404,0.0
device_0,1,1701,2.0,72.09,0.1,late,40.0,10.0,4.0,0.2048,-0.2574195171026162,0,1000,0.8397808518826273,3.0844287363538845,3.924209588236512,1.0,0.0
device_0,1,1702,1.5,54.0675,0.01,drop,40.0,10.0,4.0,0.1949,-0.2421118012422359,0,100,0.9036448300915179,1.8240956441474978,2.7277404742390154,0.9921327014218024,0.0
device_0,1,1702,1.5,54.0675,0.01,late,40.0,10.0,4.0,0.1949,-0.2421118012422359,0,100,0.08816677741378397,0.31259130173982336,0.4007580791536073,,0.0
device_0,1,1702,1.5,54.0675,0.05,drop,40.0,10.0,4.0,0.1949,-0.2421118012422359,0,500,4.775743535513625,8.862958835681429,13.638702371195055,0.9984265402843605,0.0
device_0,1,1702,1.5,54.0675,0.05,late,40.0,10.0,4.0,0.1949,-0.2421118012422359,0,500,0.3727050136128426,1.6310853821551492,2.0037903957679917,1.000000000000011,0.0
device_0,1,1702,1.5,54.0675,0.1,drop,40.0,10.0,4.0,0.1949,-0.2421118012422359,0,1000,10.216745482422223,17.06065925996789,27.27740474239011,0.9960663507109008,0.0
device_0,1,1702,1.5,54.0675,0.1,late,40.0,10.0,4.0,0.1949,-0.2421118012422359,0,1000,0.7253721232680233,3.28220866826796,4.007580791535983,1.0,0.0
device_0,1,1702,2.0,72.09,0.01,drop,40.0,10.0,4.0,0.1949,-0.2421118012422359,0,100,0.9680246763555129,1.7597157978835027,2.7277404742390154,0.9921327014218024,0.0
device_0,1,1702,2.0,72.09,0.01,late,40.0,10.0,4.0,0.1949,-0.2421118012422359,0,100,0.1001895197883878,0.3005685593652195,0.4007580791536073,,0.0
device_0,1,1702,2.0,72.09,0.05,drop,40.0,10.0,4.0,0.1949,-0.2421118012422359,0,500,5.076182818079096,8.56251955311596,13.638702371195055,0.9984265402843605,0.0
device_0,1,1702,2.0,72.09,0.05,late,40.0,10.0,4.0,0.1949,-0.2421118012422359,0,500,0.44083388706896465,1.562956508699027,2.0037903957679917,1.000000000000011,0.0
device_0,1,1702,2.0,72.09,0.1,drop,40.0,10.0,4.0,0.1949,-0.2421118012422359,0,1000,10.173825584912876,17.103579157477235,27.27740474239011,0.9960663507109008,0.0
device_0,1,1702,2.0,72.09,0.1,late,40.0,10.0,4.0,0.1949,-0.2421118012422359,0,1000,0.7854858351410425,3.222094956394941,4.007580791535983,1.0,0.0
device_0,1,1703,1.5,54.0675,0.01,drop,40.0,10.0,4.0,0.2036,-0.25560368463642164,0,100,0.9081494867864,1.7695970435647705,2.6777465303511705,0.9921327014218065,0.0
device_0,1,1703,1.5,54.0675,0.01,late,40.0,10.0,4.0,0.2036,-0.25560368463642164,0,100,0.12195802917855587,0.2714549681716144,0.3934129973501703,,0.0
device_0,1,1703,1.5,54.0675,0.05,drop,40.0,10.0,4.0,0.2036,-0.25560368463642164,0,500,5.404479324243391,7.984253327512484,13.388732651755875,0.9984265402843622,0.0
device_0,1,1703,1.5,54.0675,0.05,late,40.0,10.0,4.0,0.2036,-0.25560368463642164,0,500,0.42488603713817336,1.542178949612678,1.9670649867508516,,0.0
device_0,1,1703,1.5,54.0675,0.1,drop,40.0,10.0,4.0,0.2036,-0.25560368463642164,0,1000,9.945226758175368,16.832238545336406,26.77746530351177,0.9960663507109012,0.0
device_0,1,1703,1.5,54.0675,0.1,late,40.0,10.0,4.0,0.2036,-0.25560368463642164,0,1000,0.7632212148593163,3.17090875864242,3.934129973501736,1.0,0.0
device_0,1,1703,2.0,72.09,0.01,drop,40.0,10.0,4.0,0.2036,-0.25560368463642164,0,100,1.0134826441414482,1.6642638862097223,2.6777465303511705,0.9921327014218065,0.0
device_0,1,1703,2.0,72.09,0.01,late,40.0,10.0,4.0,0.2036,-0.25560368463642164,0,100,0.08261672944355206,0.31079626790661824,0.3934129973501703,,0.0
device_0,1,1703,2.0,72.09,0.05,drop,40.0,10.0,4.0,0.2036,-0.25560368463642164,0,500,5.2570129039463,8.131719747809576,13.388732651755875,0.9984265402843622,0.0
device_0,1,1703,2.0,72.09,0.05,late,40.0,10.0,4.0,0.2036,-0.25560368463642164,0,500,0.42095190716467296,1.5461130795861786,1.9670649867508516,,0.0
device_0,1,1703,2.0,72.09,0.1,drop,40.0,10.0,4.0,0.2036,-0.25560368463642164,0,1000,9.797760337878298,16.979704965633474,26.77746530351177,0.9960663507109012,0.0
device_0,1,1703,2.0,72.09,0.1,late,40.0,10.0,4.0,0.2036,-0.25560368463642164,0,1000,0.8064966445678645,3.1276333289338716,3.934129973501736,1.0,0.0
device_0,2,1701,1.5,54.0675,0.01,drop,40.0,10.0,4.0,0.2061,0.3802658375334607,0,100,1.0710417282098963,1.5926759126704721,2.6637176408803684,0.9921327014217942,0.0
device_0,2,1701,1.5,54.0675,0.01,late,40.0,10.0,4.0,0.2061,0.3802658375334607,0,100,0.06261630094202228,0.3287355799455896,0.3913518808876119,,0.0
device_0,2,1701,1.5,54.0675,0.05,drop,40.0,10.0,4.0,0.2061,0.3802658375334607,0,500,4.852258352837799,8.466329851564021,13.31858820440182,0.9937061611374411,0.0
device_0,2,1701,1.5,54.0675,0.05,late,40.0,10.0,4.0,0.2061,0.3802658375334607,0,500,0.38352484326988373,1.573234561168296,1.95675940443818,,0.0
device_0,2,1701,1.5,54.0675,0.1,drop,40.0,10.0,4.0,0.2061,0.3802658375334607,0,1000,9.725472967684437,16.911703441119215,26.63717640880365,0.9960663507109008,0.0
device_0,2,1701,1.5,54.0675,0.1,late,40.0,10.0,4.0,0.2061,0.3802658375334607,0,1000,0.7866172805841426,3.126901528292228,3.9135188088763706,1.0,0.0
device_0,2,1701,2.0,72.09,0.01,drop,40.0,10.0,4.0,0.2061,0.3802658375334607,0,100,1.0081729421834318,1.6555446986969364,2.6637176408803684,0.9921327014217942,0.0
device_0,2,1701,2.0,72.09,0.01,late,40.0,10.0,4.0,0.2061,0.3802658375334607,0,100,0.0665298197508973,0.3248220611367146,0.3913518808876119,,0.0
device_0,2,1701,2.0,72.09,0.05,drop,40.0,10.0,4.0,0.2061,0.3802658375334607,0,500,5.16660228297012,8.151985921431699,13.31858820440182,0.9937061611374411,0.0
device_0,2,1701,2.0,72.09,0.05,late,40.0,10.0,4.0,0.2061,0.3802658375334607,0,500,0.4265735501675309,1.530185854270649,1.95675940443818,,0.0
device_0,2,1701,2.0,72.09,0.1,drop,40.0,10.0,4.0,0.2061,0.3802658375334607,0,1000,9.809298015719719,16.827878393083928,26.63717640880365,0.9960663507109008,0.0
device_0,2,1701,2.0,72.09,0.1,late,40.0,10.0,4.0,0.2061,0.3802658375334607,0,1000,0.8100983934374146,3.103420415438956,3.9135188088763706,1.0,0.0
device_0,2,1702,1.5,54.0675,0.01,drop,40.0,10.0,4.0,0.2073,0.39387452605194295,0,100,0.9847403030784118,1.672295553053825,2.6570358561322367,0.9921327014217984,0.0
device_0,2,1702,1.5,54.0675,0.01,late,40.0,10.0,4.0,0.2073,0.39387452605194295,0,100,0.09759254921813648,0.29277764765438763,0.3903701968725241,,0.0
device_0,2,1702,1.5,54.0675,0.05,drop,40.0,10.0,4.0,0.2073,0.39387452605194295,0,500,4.672857182433858,8.612322098227228,13.285179280661085,0.9921327014218,0.0
device_0,2,1702,1.5,54.0675,0.05,late,40.0,10.0,4.0,0.2073,0.39387452605194295,0,500,0.4528294283721253,1.4990215559904296,1.9518509843625549,,0.0
device_0,2,1702,1.5,54.0675,0.1,drop,40.0,10.0,4.0,0.2073,0.39387452605194295,0,1000,10.390899085526332,16.179459475795785,26.570358561322116,0.9960663507109012,-2.1844656285045885e-14
device_0,2,1702,1.5,54.0675,0.1,late,40.0,10.0,4.0,0.2073,0.39387452605194295,0,1000,0.7143774602767015,3.189324508448376,3.9037019687250774,0.9999999999999944,0.0
device_0,2,1702,2.0,72.09,0.01,drop,40.0,10.0,4.0,0.2073,0.39387452605194295,0,100,0.9220292198388943,1.7350066362933425,2.6570358561322367,0.9921327014217984,0.0
device_0,2,1702,2.0,72.09,0.01,late,40.0,10.0,4.0,0.2073,0.39387452605194295,0,100,0.08978514528068907,0.300585051591835,0.3903701968725241,,0.0
device_0,2,1702,2.0,72.09,0.05,drop,40.0,10.0,4.0,0.2073,0.39387452605194295,0,500,5.070027376284121,8.215151904376965,13.285179280661085,0.9921327014218,0.0
device_0,2,1702,2.0,72.09,0.05,late,40.0,10.0,4.0,0.2073,0.39387452605194295,0,500,0.34742947521654144,1.6044215091460134,1.9518509843625549,,0.0
device_0,2,1702,2.0,72.09,0.1,drop,40.0,10.0,4.0,0.2073,0.39387452605194295,0,1000,9.784691947544315,16.7856666137778,26.570358561322116,0.9960663507109012,-2.1844656285045885e-14
device_0,2,1702,2.0,72.09,0.1,late,40.0,10.0,4.0,0.2073,0.39387452605194295,0,1000,0.7143774602767015,3.189324508448376,3.9037019687250774,0.9999999999999944,0.0
device_0,2,1703,1.5,54.0675,0.01,drop,40.0,10.0,4.0,0.1965,0.3900580928002546,0,100,0.9860987644777912,1.73230781123179,2.718406575709581,0.9921327014217943,0.0
device_0,2,1703,1.5,54.0675,0.01,late,40.0,10.0,4.0,0.1965,0.3900580928002546,0,100,0.07188961465621418,0.32749713343382364,0.39938674809003777,,0.0
device_0,2,1703,1.5,54.0675,0.05,drop,40.0,10.0,4.0,0.1965,0.3900580928002546,0,500,4.930493822388855,8.661539056158938,13.592032878547792,0.9952796208530806,0.0
device_0,2,1703,1.5,54.0675,0.05,late,40.0,10.0,4.0,0.1965,0.3900580928002546,0,500,0.33548486839563263,1.661448872054534,1.9969337404501666,,0.0
device_0,2,1703,1.5,54.0675,0.1,drop,40.0,10.0,4.0,0.1965,0.3900580928002546,0,1000,9.92514719334184,17.25891856375374,27.184065757095574,0.9976398104265399,0.0
device_0,2,1703,1.5,54.0675,0.1,late,40.0,10.0,4.0,0.1965,0.3900580928002546,0,1000,0.7628286888519629,3.2310387920483254,3.9938674809002888,1.0,0.0
device_0,2,1703,2.0,72.09,0.01,drop,40.0,10.0,4.0,0.1965,0.3900580928002546,0,100,0.98609876447778,1.732307811231801,2.718406575709581,0.9921327014217943,0.0
device_0,2,1703,2.0,72.09,0.01,late,40.0,10.0,4.0,0.1965,0.3900580928002546,0,100,0.09185895206071998,0.3075277960293178,0.39938674809003777,,0.0
device_0,2,1703,2.0,72.09,0.05,drop,40.0,10.0,4.0,0.1965,0.3900580928002546,0,500,5.037426403329079,8.554606475218714,13.592032878547792,0.9952796208530806,0.0
device_0,2,1703,2.0,72.09,0.05,late,40.0,10.0,4.0,0.1965,0.3900580928002546,0,500,0.43133768793724037,1.5655960525129262,1.9969337404501666,,0.0
device_0,2,1703,2.0,72.09,0.1,drop,40.0,10.0,4.0,0.1965,0.3900580928002546,0,1000,9.689895515273314,17.494170241822264,27.184065757095574,0.9976398104265399,0.0
device_0,2,1703,2.0,72.09,0.1,late,40.0,10.0,4.0,0.1965,0.3900580928002546,0,1000,0.7907857612182554,3.203081719682033,3.9938674809002888,1.0,0.0
device_0,5,1701,1.5,54.0675,0.01,drop,40.0,10.0,4.0,0.196,0.7394474346423828,0,100,0.8372884853487579,1.8840280643829939,2.721316549731752,0.9999999999999959,0.0
device_0,5,1701,1.5,54.0675,0.01,late,40.0,10.0,4.0,0.196,0.7394474346423828,0,100,0.07196657036732212,0.3278477094510931,0.3998142798184152,,0.0
device_0,5,1701,1.5,54.0675,0.05,drop,40.0,10.0,4.0,0.196,0.7394474346423828,0,500,5.385369376805613,8.221213371853091,13.606582748658703,0.9937061611374395,0.0
device_0,5,1701,1.5,54.0675,0.05,late,40.0,10.0,4.0,0.196,0.7394474346423828,0,500,0.3518365662402005,1.6472348328518533,1.999071399092054,,0.0
device_0,5,1701,1.5,54.0675,0.1,drop,40.0,10.0,4.0,0.196,0.7394474346423828,0,1000,10.192684688402815,17.02048080891457,27.213165497317384,0.9952796208530811,1.1186568019866946e-14
device_0,5,1701,1.5,54.0675,0.1,late,40.0,10.0,4.0,0.196,0.7394474346423828,0,1000,0.8795914156004956,3.1185513825835898,3.998142798184085,1.0,0.0
device_0,5,1701,2.0,72.09,0.01,drop,40.0,10.0,4.0,0.196,0.7394474346423828,0,100,1.051382583574091,1.6699339661576609,2.721316549731752,0.9999999999999959,0.0
device_0,5,1701,2.0,72.09,0.01,late,40.0,10.0,4.0,0.196,0.7394474346423828,0,100,0.07596471316552719,0.32384956665288805,0.3998142798184152,,0.0
device_0,5,1701,2.0,72.09,0.05,drop,40.0,10.0,4.0,0.196,0.7394474346423828,0,500,5.149865868757749,8.456716879900954,13.606582748658703,0.9937061611374395,0.0
device_0,5,1701,2.0,72.09,0.05,late,40.0,10.0,4.0,0.196,0.7394474346423828,0,500,0.39181799422203867,1.6072534048700151,1.999071399092054,,0.0
device_0,5,1701,2.0,72.09,0.1,drop,40.0,10.0,4.0,0.196,0.7394474346423828,0,1000,9.85013413124228,17.363031366075106,27.213165497317384,0.9952796208530811,1.1186568019866946e-14
device_0,5,1701,2.0,72.09,0.1,late,40.0,10.0,4.0,0.196,0.7394474346423828,0,1000,0.7956304168386478,3.2025123813454375,3.998142798184085,1.0,0.0
device_0,5,1702,1.5,54.0675,0.01,drop,40.0,10.0,4.0,0.2081,0.7524122495851582,0,100,1.0874402536438867,1.5651596714295863,2.652599925073473,0.9921327014218024,0.0
device_0,5,1702,1.5,54.0675,0.01,late,40.0,10.0,4.0,0.2081,0.7524122495851582,0,100,0.07404650975678695,0.31567196264737096,0.3897184724041579,,0.0
device_0,5,1702,1.5,54.0675,0.05,drop,40.0,10.0,4.0,0.2081,0.7524122495851582,0,500,4.89461258212373,8.368387043243667,13.262999625367398,0.9921327014218024,0.0
device_0,5,1702,1.5,54.0675,0.05,late,40.0,10.0,4.0,0.2081,0.7524122495851582,0,500,0.3780269182320371,1.5705654437887633,1.9485923620208003,,0.0
device_0,5,1702,1.5,54.0675,0.1,drop,40.0,10.0,4.0,0.2081,0.7524122495851582,0,1000,10.248338667866824,16.27766058286797,26.525999250734795,0.9834786729857826,-2.1808186551655387e-14
device_0,5,1702,1.5,54.0675,0.1,late,40.0,10.0,4.0,0.2081,0.7524122495851582,0,1000,0.7911284989804366,3.106056225061164,3.8971847240416007,1.0000000000000029,-1.0904093275827694e-14
device_0,5,1702,2.0,72.09,0.01,drop,40.0,10.0,4.0,0.2081,0.7524122495851582,0,100,1.003965071167613,1.64863485390586,2.652599925073473,0.9921327014218024,0.0
device_0,5,1702,2.0,72.09,0.01,late,40.0,10.0,4.0,0.2081,0.7524122495851582,0,100,0.06235495558466613,0.3273635168194918,0.3897184724041579,,0.0
device_0,5,1702,2.0,72.09,0.05,drop,40.0,10.0,4.0,0.2081,0.7524122495851582,0,500,4.665055830314065,8.597943795053332,13.262999625367398,0.9921327014218024,0.0
device_0,5,1702,2.0,72.09,0.05,late,40.0,10.0,4.0,0.2081,0.7524122495851582,0,500,0.4208959501965019,1.5276964118242984,1.9485923620208003,,0.0
device_0,5,1702,2.0,72.09,0.1,drop,40.0,10.0,4.0,0.2081,0.7524122495851582,0,1000,10.185732281009653,16.340266969725143,26.525999250734795,0.9834786729857826,-2.1808186551655387e-14
device_0,5,1702,2.0,72.09,0.1,late,40.0,10.0,4.0,0.2081,0.7524122495851582,0,1000,0.7794369448083158,3.117747779233285,3.8971847240416007,1.0000000000000029,-1.0904093275827694e-14
device_0,5,1703,1.5,54.0675,0.01,drop,40.0,10.0,4.0,0.1984,0.7616854360775162,0,100,0.8756082038226884,1.8317969985013207,2.707405202324009,0.9921327014218024,0.0
device_0,5,1703,1.5,54.0675,0.01,late,40.0,10.0,4.0,0.1984,0.7616854360775162,0,100,0.05568786055965333,0.3420825720092736,0.3977704325689269,,1.1129382377851162e-14
device_0,5,1703,1.5,54.0675,0.05,drop,40.0,10.0,4.0,0.1984,0.7616854360775162,0,500,5.102239832474485,8.434786179145538,13.537026011620025,0.9905592417061629,0.0
device_0,5,1703,1.5,54.0675,0.05,late,40.0,10.0,4.0,0.1984,0.7616854360775162,0,500,0.4136812498716898,1.575170912972956,1.9888521628446458,,0.0
device_0,5,1703,1.5,54.0675,0.1,drop,40.0,10.0,4.0,0.1984,0.7616854360775162,0,1000,10.034079944158172,17.039972079081885,27.07405202324006,0.9866255924170617,0.0
device_0,5,1703,1.5,54.0675,0.1,late,40.0,10.0,4.0,0.1984,0.7616854360775162,0,1000,0.787585456486478,3.190118869202825,3.9777043256893028,1.0,1.1129382377851162e-14
device_0,5,1703,2.0,72.09,0.01,drop,40.0,10.0,4.0,0.1984,0.7616854360775162,0,100,1.0673078897123787,1.6400973126116305,2.707405202324009,0.9921327014218024,0.0
device_0,5,1703,2.0,72.09,0.01,late,40.0,10.0,4.0,0.1984,0.7616854360775162,0,100,0.08353179083945773,0.3142386417294692,0.3977704325689269,,1.1129382377851162e-14
device_0,5,1703,2.0,72.09,0.05,drop,40.0,10.0,4.0,0.1984,0.7616854360775162,0,500,5.50693916935268,8.030086842267343,13.537026011620025,0.9905592417061629,0.0
device_0,5,1703,2.0,72.09,0.05,late,40.0,10.0,4.0,0.1984,0.7616854360775162,0,500,0.3739042066147882,1.6149479562298577,1.9888521628446458,,0.0
device_0,5,1703,2.0,72.09,0.1,drop,40.0,10.0,4.0,0.1984,0.7616854360775162,0,1000,10.673078897123732,16.400973126116327,27.07405202324006,0.9866255924170617,0.0
device_0,5,1703,2.0,72.09,0.1,late,40.0,10.0,4.0,0.1984,0.7616854360775162,0,1000,0.8472510213718082,3.1304533043174945,3.9777043256893028,1.0,1.1129382377851162e-14
device_0,10,1701,1.5,54.0675,0.01,drop,40.0,10.0,4.0,0.204,0.8777335146591664,0,100,1.0336782308784507,1.6418137553256402,2.675491986204091,0.9685308056871974,0.0
device_0,10,1701,1.5,54.0675,0.01,late,40.0,10.0,4.0,0.204,0.8777335146591664,0,100,0.07075471698110783,0.3223270440251568,0.3930817610062646,,0.0
device_0,10,1701,1.5,54.0675,0.05,drop,40.0,10.0,4.0,0.204,0.8777335146591664,0,500,4.978951105700938,8.398508825319539,13.377459931020478,0.988985781990521,0.0
device_0,10,1701,1.5,54.0675,0.05,late,40.0,10.0,4.0,0.204,0.8777335146591664,0,500,0.3694968553458953,1.5959119496855376,1.965408805031433,,0.0
device_0,10,1701,1.5,54.0675,0.1,drop,40.0,10.0,4.0,0.204,0.8777335146591664,0,1000,9.894755528504758,16.860164333536215,26.754919862040975,0.9653838862559238,0.0
device_0,10,1701,1.5,54.0675,0.1,late,40.0,10.0,4.0,0.204,0.8777335146591664,0,1000,0.8687106918238876,3.0621069182389893,3.930817610062877,1.0,0.0
device_0,10,1701,2.0,72.09,0.01,drop,40.0,10.0,4.0,0.204,0.8777335146591664,0,100,0.9915804422803659,1.683911543923725,2.675491986204091,0.9685308056871974,0.0
device_0,10,1701,2.0,72.09,0.01,late,40.0,10.0,4.0,0.204,0.8777335146591664,0,100,0.09040880503143756,0.302672955974827,0.3930817610062646,,0.0
device_0,10,1701,2.0,72.09,0.05,drop,40.0,10.0,4.0,0.204,0.8777335146591664,0,500,5.3788800973828215,7.998579833637656,13.377459931020478,0.988985781990521,0.0
device_0,10,1701,2.0,72.09,0.05,late,40.0,10.0,4.0,0.204,0.8777335146591664,0,500,0.38522012578611947,1.5801886792453135,1.965408805031433,,0.0
device_0,10,1701,2.0,72.09,0.1,drop,40.0,10.0,4.0,0.204,0.8777335146591664,0,1000,10.21048894299045,16.544430919050527,26.754919862040975,0.9653838862559238,0.0
device_0,10,1701,2.0,72.09,0.1,late,40.0,10.0,4.0,0.204,0.8777335146591664,0,1000,0.7822327044025116,3.148584905660365,3.930817610062877,1.0,0.0
device_0,10,1702,1.5,54.0675,0.01,drop,40.0,10.0,4.0,0.2006,0.8830505917727561,0,100,1.1895335352926482,1.505243960377831,2.694777495670479,0.9842654028436009,0.0
device_0,10,1702,1.5,54.0675,0.01,late,40.0,10.0,4.0,0.2006,0.8830505917727561,0,100,0.08710133895957828,0.30881383812945723,0.3959151770890355,,0.0
device_0,10,1702,1.5,54.0675,0.05,drop,40.0,10.0,4.0,0.2006,0.8830505917727561,0,500,4.69683114600843,8.777056332343953,13.473887478352385,0.9937061611374404,0.0
device_0,10,1702,1.5,54.0675,0.05,late,40.0,10.0,4.0,0.2006,0.8830505917727561,0,500,0.3959151770890355,1.5836607083561087,1.9795758854451442,,0.0
device_0,10,1702,1.5,54.0675,0.1,drop,40.0,10.0,4.0,0.2006,0.8830505917727561,0,1000,9.902477151862845,17.045297804841923,26.94777495670477,0.9787582938388625,1.1077473422449201e-14
device_0,10,1702,1.5,54.0675,0.1,late,40.0,10.0,4.0,0.2006,0.8830505917727561,0,1000,0.8393401754287269,3.1198115954615506,3.9591517708902773,1.0,0.0
device_0,10,1702,2.0,72.09,0.01,drop,40.0,10.0,4.0,0.2006,0.8830505917727561,0,100,0.998727962850369,1.69604953282011,2.694777495670479,0.9842654028436009,0.0
device_0,10,1702,2.0,72.09,0.01,late,40.0,10.0,4.0,0.2006,0.8830505917727561,0,100,0.07522388364691154,0.32069129344212394,0.3959151770890355,,0.0
device_0,10,1702,2.0,72.09,0.05,drop,40.0,10.0,4.0,0.2006,0.8830505917727561,0,500,5.078442290892934,8.395445187459451,13.473887478352385,0.9937061611374404,0.0
device_0,10,1702,2.0,72.09,0.05,late,40.0,10.0,4.0,0.2006,0.8830505917727561,0,500,0.4157109359434801,1.563864949501664,1.9795758854451442,,0.0
device_0,10,1702,2.0,72.09,0.1,drop,40.0,10.0,4.0,0.2006,0.8830505917727561,0,1000,9.584467864459084,17.363307092245684,26.94777495670477,0.9787582938388625,1.1077473422449201e-14
device_0,10,1702,2.0,72.09,0.1,late,40.0,10.0,4.0,0.2006,0.8830505917727561,0,1000,0.8116261130325266,3.147525657857751,3.9591517708902773,1.0,0.0
device_0,10,1703,1.5,54.0675,0.01,drop,40.0,10.0,4.0,0.2011,0.8786216993316927,0,100,1.0400267406286912,1.6518972322938734,2.691923972922565,0.9685308056872098,0.0
device_0,10,1703,1.5,54.0675,0.01,late,40.0,10.0,4.0,0.2011,0.8786216993316927,0,100,0.05536943148096957,0.34012650766879887,0.39549593914976844,,0.0
device_0,10,1703,1.5,54.0675,0.05,drop,40.0,10.0,4.0,0.2011,0.8786216993316927,0,500,5.263668212077703,8.19595165253511,13.459619864612812,0.9905592417061629,-1.1065743391880384e-14
device_0,10,1703,1.5,54.0675,0.05,late,40.0,10.0,4.0,0.2011,0.8786216993316927,0,500,0.3954959391497906,1.5819837565990074,1.977479695748798,,0.0
device_0,10,1703,1.5,54.0675,0.1,drop,40.0,10.0,4.0,0.2011,0.8786216993316927,0,1000,9.913169504456352,17.00607022476927,26.919239729225623,0.9669573459715646,-1.1065743391880384e-14
device_0,10,1703,1.5,54.0675,0.1,late,40.0,10.0,4.0,0.2011,0.8786216993316927,0,1000,0.8740460255210023,3.0809133659766155,3.954959391497618,1.0,0.0
device_0,10,1703,2.0,72.09,0.01,drop,40.0,10.0,4.0,0.2011,0.8786216993316927,0,100,0.9341358924047212,1.7577880805178434,2.691923972922565,0.9685308056872098,0.0
device_0,10,1703,2.0,72.09,0.01,late,40.0,10.0,4.0,0.2011,0.8786216993316927,0,100,0.08700910661296167,0.30848683253680675,0.39549593914976844,,0.0
device_0,10,1703,2.0,72.09,0.05,drop,40.0,10.0,4.0,0.2011,0.8786216993316927,0,500,4.628323122733883,8.83129674187893,13.459619864612812,0.9905592417061629,-1.1065743391880384e-14
device_0,10,1703,2.0,72.09,0.05,late,40.0,10.0,4.0,0.2011,0.8786216993316927,0,500,0.3994508985412868,1.578028797207511,1.977479695748798,,0.0
device_0,10,1703,2.0,72.09,0.1,drop,40.0,10.0,4.0,0.2011,0.8786216993316927,0,1000,10.124951200904304,16.79428852832132,26.919239729225623,0.9669573459715646,-1.1065743391880384e-14
device_0,10,1703,2.0,72.09,0.1,late,40.0,10.0,4.0,0.2011,0.8786216993316927,0,1000,0.8226315534315289,3.132327838066089,3.954959391497618,1.0,0.0
device_0,20,1701,1.5,54.0675,0.01,drop,40.0,10.0,4.0,0.1905,0.9302741661829513,0,100,1.128903853934228,1.6248384949688681,2.753742348903096,0.9606635071090044,0.0
device_0,20,1701,1.5,54.0675,0.01,late,40.0,10.0,4.0,0.1905,0.9302741661829513,0,100,0.07686986936040505,0.3277083904310497,0.40457825979145473,,0.0
device_0,20,1701,1.5,54.0675,0.05,drop,40.0,10.0,4.0,0.1905,0.9302741661829513,0,500,4.8212677655534515,8.947443978961914,13.768711744515366,0.9874123222748823,0.0
device_0,20,1701,1.5,54.0675,0.05,late,40.0,10.0,4.0,0.1905,0.9302741661829513,0,500,0.4207613901831297,1.6021299087741214,2.022891298957251,1.0,0.0
device_0,20,1701,1.5,54.0675,0.1,drop,40.0,10.0,4.0,0.1905,0.9302741661829513,0,1000,10.119154822964406,17.418268666066318,27.537423489030722,0.9645971563981045,0.4116257520587704
device_0,20,1701,1.5,54.0675,0.1,late,40.0,10.0,4.0,0.1905,0.9302741661829513,0,1000,0.8172480847787357,3.228534513135744,4.04578259791448,1.0,0.07686986936034844
device_0,20,1701,2.0,72.09,0.01,drop,40.0,10.0,4.0,0.1905,0.9302741661829513,0,100,0.8905942080054489,1.8631481408976471,2.753742348903096,0.9606635071090044,0.0
device_0,20,1701,2.0,72.09,0.01,late,40.0,10.0,4.0,0.1905,0.9302741661829513,0,100,0.08496143455623119,0.31961682523522356,0.40457825979145473,,0.0
device_0,20,1701,2.0,72.09,0.05,drop,40.0,10.0,4.0,0.1905,0.9302741661829513,0,500,4.886261305352183,8.882450439163183,13.768711744515366,0.9874123222748823,0.0
device_0,20,1701,2.0,72.09,0.05,late,40.0,10.0,4.0,0.1905,0.9302741661829513,0,500,0.3600746512144222,1.6628166477428288,2.022891298957251,1.0,0.0
device_0,20,1701,2.0,72.09,0.1,drop,40.0,10.0,4.0,0.1905,0.9302741661829513,0,1000,10.140819336230654,17.39660415280007,27.537423489030722,0.9645971563981045,0.4116257520587704
device_0,20,1701,2.0,72.09,0.1,late,40.0,10.0,4.0,0.1905,0.9302741661829513,0,1000,0.7484697806142133,3.297312817300266,4.04578259791448,1.0,0.07686986936034844
device_0,20,1702,1.5,54.0675,0.01,drop,40.0,10.0,4.0,0.1925,0.9318065041225804,0,100,0.9730361899811611,1.7688259372360469,2.741862127217208,0.9606635071090041,0.0
device_0,20,1702,1.5,54.0675,0.01,late,40.0,10.0,4.0,0.1925,0.9318065041225804,0,100,0.08862322136314899,0.31420960301474254,0.40283282437789153,,0.0
device_0,20,1702,1.5,54.0675,0.05,drop,40.0,10.0,4.0,0.1925,0.9318065041225804,0,500,4.951465141966084,8.757845494119945,13.709310636086029,0.9638104265402839,0.0
device_0,20,1702,1.5,54.0675,0.05,late,40.0,10.0,4.0,0.1925,0.9318065041225804,0,500,0.37060619842763814,1.6435579234617745,2.014164121889413,1.0,0.0
device_0,20,1702,1.5,54.0675,0.1,drop,40.0,10.0,4.0,0.1925,0.9318065041225804,0,1000,10.57163277239944,16.846988499772607,27.418621272172047,0.9645971563981041,0.23728152816581088
device_0,20,1702,1.5,54.0675,0.1,late,40.0,10.0,4.0,0.1925,0.9318065041225804,0,1000,0.8862322136313546,3.1420960301474934,4.028328243778848,0.9999999999999944,0.04431161068159704
device_0,20,1702,2.0,72.09,0.01,drop,40.0,10.0,4.0,0.1925,0.9318065041225804,0,100,1.03774933402637,1.704112793190838,2.741862127217208,0.9606635071090041,0.0
device_0,20,1702,2.0,72.09,0.01,late,40.0,10.0,4.0,0.1925,0.9318065041225804,0,100,0.10070820609447007,0.30212461828342146,0.40283282437789153,,0.0
device_0,20,1702,2.0,72.09,0.05,drop,40.0,10.0,4.0,0.1925,0.9318065041225804,0,500,4.8867519979208645,8.822558638165164,13.709310636086029,0.9638104265402839,0.0
device_0,20,1702,2.0,72.09,0.05,late,40.0,10.0,4.0,0.1925,0.9318065041225804,0,500,0.32629458774608616,1.6878695341433265,2.014164121889413,1.0,0.0
device_0,20,1702,2.0,72.09,0.1,drop,40.0,10.0,4.0,0.1925,0.9318065041225804,0,1000,9.773503995841716,17.64511727633033,27.418621272172047,0.9645971563981041,0.23728152816581088
device_0,20,1702,2.0,72.09,0.1,late,40.0,10.0,4.0,0.1925,0.9318065041225804,0,1000,0.7371840686115326,3.2911441751673154,4.028328243778848,0.9999999999999944,0.04431161068159704
device_0,20,1703,1.5,54.0675,0.01,drop,40.0,10.0,4.0,0.2045,0.9342249105953369,0,100,0.8643773670943881,1.808301772074942,2.67267913916933,0.9685308056872017,0.0
device_0,20,1703,1.5,54.0675,0.01,late,40.0,10.0,4.0,0.2045,0.9342249105953369,0,100,0.0863870698063181,0.30628142931336355,0.39266849911968166,,0.0
device_0,20,1703,1.5,54.0675,0.05,drop,40.0,10.0,4.0,0.2045,0.9342249105953369,0,500,4.952689779218979,8.410705916627604,13.363395695846584,0.9874123222748823,-2.1973266570950218e-14
device_0,20,1703,1.5,54.0675,0.05,late,40.0,10.0,4.0,0.2045,0.9342249105953369,0,500,0.4554954589788281,1.5078470366194923,1.9633424955983205,,0.0
device_0,20,1703,1.5,54.0675,0.1,drop,40.0,10.0,4.0,0.2045,0.9342249105953369,0,1000,9.674085145730686,17.052706245962483,26.72679139169317,0.9787582938388629,-1.0986633285475109e-14
device_0,20,1703,1.5,54.0675,0.1,late,40.0,10.0,4.0,0.2045,0.9342249105953369,0,1000,0.8324572181337067,3.094227773062923,3.92668499119663,1.0,0.0
device_0,20,1703,2.0,72.09,0.01,drop,40.0,10.0,4.0,0.2045,0.9342249105953369,0,100,1.158752074176353,1.5139270649929768,2.67267913916933,0.9685308056872017,0.0
device_0,20,1703,2.0,72.09,0.01,late,40.0,10.0,4.0,0.2045,0.9342249105953369,0,100,0.06282695985914644,0.3298415392605352,0.39266849911968166,,0.0
device_0,20,1703,2.0,72.09,0.05,drop,40.0,10.0,4.0,0.2045,0.9342249105953369,0,500,4.8475559552611305,8.515839740585452,13.363395695846584,0.9874123222748823,-2.1973266570950218e-14
device_0,20,1703,2.0,72.09,0.05,late,40.0,10.0,4.0,0.2045,0.9342249105953369,0,500,0.39659518411087696,1.5667473114874435,1.9633424955983205,,0.0
device_0,20,1703,2.0,72.09,0.1,drop,40.0,10.0,4.0,0.2045,0.9342249105953369,0,1000,10.094620441562075,16.63217095013109,26.72679139169317,0.9787582938388629,-1.0986633285475109e-14
device_0,20,1703,2.0,72.09,0.1,late,40.0,10.0,4.0,0.2045,0.9342249105953369,0,1000,0.7892636832305366,3.1374213079660933,3.92668499119663,1.0,0.0
device_0,50,1701,1.5,54.0675,0.01,drop,40.0,10.0,4.0,0.191,0.9786428987979923,0,100,1.0844001773003469,1.6663624749041774,2.750762652204524,0.9370616113744074,0.0
device_0,50,1701,1.5,54.0675,0.01,late,40.0,10.0,4.0,0.191,0.9786428987979923,0,100,0.04849685813365915,0.35564362631345897,0.40414048444711814,,0.0
device_0,50,1701,1.5,54.0675,0.05,drop,40.0,10.0,4.0,0.191,0.9786428987979923,0,500,5.1623080332698725,8.591505227752725,13.753813261022598,0.8961516587677734,0.0
device_0,50,1701,1.5,54.0675,0.05,late,40.0,10.0,4.0,0.191,0.9786428987979923,0,500,0.3637264360024097,1.6569759862331357,2.020702422235545,1.0,0.0
device_0,50,1701,1.5,54.0675,0.1,drop,40.0,10.0,4.0,0.191,0.9786428987979923,0,1000,9.956717857794692,17.550908664250528,27.50762652204522,0.8906445497630332,0.8223607019007649
device_0,50,1701,1.5,54.0675,0.1,late,40.0,10.0,4.0,0.191,0.9786428987979923,0,1000,0.8365708028055242,3.204834041665589,4.0414048444711135,0.9999999999999944,0.15357338408992818
device_0,50,1701,2.0,72.09,0.01,drop,40.0,10.0,4.0,0.191,0.9786428987979923,0,100,0.9978358928897227,1.7529267593148015,2.750762652204524,0.9370616113744074,0.0
device_0,50,1701,2.0,72.09,0.01,late,40.0,10.0,4.0,0.191,0.9786428987979923,0,100,0.08891090657836757,0.31522957786875055,0.40414048444711814,,0.0
device_0,50,1701,2.0,72.09,0.05,drop,40.0,10.0,4.0,0.191,0.9786428987979923,0,500,5.119025891064578,8.63478736995802,13.753813261022598,0.8961516587677734,0.0
device_0,50,1701,2.0,72.09,0.05,late,40.0,10.0,4.0,0.191,0.9786428987979923,0,500,0.4162646989805386,1.6044377232550069,2.020702422235545,1.0,0.0
device_0,50,1701,2.0,72.09,0.1,drop,40.0,10.0,4.0,0.191,0.9786428987979923,0,1000,10.346257137642429,17.161369384402793,27.50762652204522,0.8906445497630332,0.8223607019007649
device_0,50,1701,2.0,72.09,0.1,late,40.0,10.0,4.0,0.191,0.9786428987979923,0,1000,0.7719083252939862,3.2694965191771272,4.0414048444711135,0.9999999999999944,0.15357338408992818
device_0,50,1702,1.5,54.0675,0.01,drop,40.0,10.0,4.0,0.2035,0.9743912924194525,0,100,1.0136961957832604,1.6646145644254224,2.678310760208683,1.0,0.0
device_0,50,1702,1.5,54.0675,0.01,late,40.0,10.0,4.0,0.2035,0.9743912924194525,0,100,0.09050405554640108,0.30299183813354424,0.39349589367994536,,0.0
device_0,50,1702,1.5,54.0675,0.05,drop,40.0,10.0,4.0,0.2035,0.9743912924194525,0,500,5.152765260659312,8.23878854038408,13.391553801043392,0.9984265402843605,-2.2019566595712253e-14
device_0,50,1702,1.5,54.0675,0.05,late,40.0,10.0,4.0,0.2035,0.9743912924194525,0,500,0.4328454830479487,1.5346339853518112,1.9674794683997598,,0.0
device_0,50,1702,1.5,54.0675,0.1,drop,40.0,10.0,4.0,0.2035,0.9743912924194525,0,1000,9.757682689988709,17.025424912098085,26.783107602086794,0.9866255924170622,-1.1009783297856127e-14
device_0,50,1702,1.5,54.0675,0.1,late,40.0,10.0,4.0,0.2035,0.9743912924194525,0,1000,0.7555121158655056,3.1794468209339697,3.9349589367994757,1.0000000000000056,-2.2019566595712253e-14
device_0,50,1702,2.0,72.09,0.01,drop,40.0,10.0,4.0,0.2035,0.9743912924194525,0,100,1.0558383366547932,1.6224724235538894,2.678310760208683,1.0,0.0
device_0,50,1702,2.0,72.09,0.01,late,40.0,10.0,4.0,0.2035,0.9743912924194525,0,100,0.06689430192559027,0.3266015917543551,0.39349589367994536,,0.0
device_0,50,1702,2.0,72.09,0.05,drop,40.0,10.0,4.0,0.2035,0.9743912924194525,0,500,5.026338838044714,8.365214962998678,13.391553801043392,0.9984265402843605,-2.2019566595712253e-14
device_0,50,1702,2.0,72.09,0.05,late,40.0,10.0,4.0,0.2035,0.9743912924194525,0,500,0.4210406062375543,1.5464388621622054,1.9674794683997598,,0.0
device_0,50,1702,2.0,72.09,0.1,drop,40.0,10.0,4.0,0.2035,0.9743912924194525,0,1000,10.242317310011298,16.540790292075496,26.783107602086794,0.9866255924170622,-1.1009783297856127e-14
device_0,50,1702,2.0,72.09,0.1,late,40.0,10.0,4.0,0.2035,0.9743912924194525,0,1000,0.7751869105495184,3.159772026249957,3.9349589367994757,1.0000000000000056,-2.2019566595712253e-14
device_0,50,1703,1.5,54.0675,0.01,drop,40.0,10.0,4.0,0.1928,0.9701145259868031,0,100,0.9508498171542291,1.7892391123670286,2.740088929521258,0.9606635071090078,0.0
device_0,50,1703,1.5,54.0675,0.01,late,40.0,10.0,4.0,0.1928,0.9701145259868031,0,100,0.0885659075797794,0.3140063996010576,0.402572307180837,,0.0
device_0,50,1703,1.5,54.0675,0.05,drop,40.0,10.0,4.0,0.1928,0.9701145259868031,0,500,4.926705867686164,8.773738779920203,13.700444647606368,0.9370616113744088,0.0
device_0,50,1703,1.5,54.0675,0.05,late,40.0,10.0,4.0,0.1928,0.9701145259868031,0,500,0.3784179687499829,1.634443567154258,2.012861535904241,1.0000000000000056,0.0
device_0,50,1703,1.5,54.0675,0.1,drop,40.0,10.0,4.0,0.1928,0.9701145259868031,0,1000,10.112096908244663,17.288792386968105,27.400889295212767,0.9661706161137436,0.5173703457446833
device_0,50,1703,1.5,54.0675,0.1,late,40.0,10.0,4.0,0.1928,0.9701145259868031,0,1000,0.801118891289878,3.2246041805186265,4.025723071808505,0.9999999999999972,0.09661735372339367
device_0,50,1703,2.0,72.09,0.01,drop,40.0,10.0,4.0,0.1928,0.9701145259868031,0,100,0.9292927194148941,1.8107962101063635,2.740088929521258,0.9606635071090078,0.0
device_0,50,1703,2.0,72.09,0.01,late,40.0,10.0,4.0,0.1928,0.9701145259868031,0,100,0.06843729222073248,0.33413501496010445,0.402572307180837,,0.0
device_0,50,1703,2.0,72.09,0.05,drop,40.0,10.0,4.0,0.1928,0.9701145259868031,0,500,4.818920378989353,8.881524268617012,13.700444647606368,0.9370616113744088,0.0
device_0,50,1703,2.0,72.09,0.05,late,40.0,10.0,4.0,0.1928,0.9701145259868031,0,500,0.4629581532579552,1.549903382646286,2.012861535904241,1.0000000000000056,0.0
device_0,50,1703,2.0,72.09,0.1,drop,40.0,10.0,4.0,0.1928,0.9701145259868031,0,1000,9.96119722406915,17.439692071143618,27.400889295212767,0.9661706161137436,0.5173703457446833
device_0,50,1703,2.0,72.09,0.1,late,40.0,10.0,4.0,0.1928,0.9701145259868031,0,1000,0.8131960605052995,3.212527011303205,4.025723071808505,0.9999999999999972,0.09661735372339367
