device,L,deadline_ratio,epsilon,skip_mode,policy,mean_energy_j_mean,mean_energy_j_std,violation_rate_mean,violation_rate_std,max_violation_run_mean,max_violation_run_std,burst_count_ge2_mean,burst_count_ge2_std,violation_state_bad_share_mean,violation_state_bad_share_std,selected_v_mean,selected_v_std
device_0,1,1.5,0.01,drop,P0,0.062124746666666654,0.0006964512805166933,0.01,0.0,2.0,0.0,1.6666666666666667,1.1547005383792517,0.16666666666666666,0.02081665999466132,,
device_0,1,1.5,0.01,drop,P1,0.06270608,0.0007174887940588377,0.0,0.0,0.0,0.0,0.0,0.0,,,,
device_0,1,1.5,0.01,drop,P2,0.061018079999999995,0.0007174887940588342,0.01,0.0,1.0,0.0,0.0,0.0,1.0,0.0,,
device_0,1,1.5,0.01,drop,P2prime,0.061018079999999995,0.0007174887940588342,0.01,0.0,1.0,0.0,0.0,0.0,1.0,0.0,,
device_0,1,1.5,0.01,drop,P3,0.06102693333333333,0.0007129682285581414,0.01,0.0,1.0,0.0,0.0,0.0,0.9933333333333333,0.0057735026918962545,10.0,0.0
device_0,1,1.5,0.01,late,P0,0.06264655999999999,0.0007150353233232524,0.01,0.0,1.6666666666666667,0.5773502691896257,0.6666666666666666,0.5773502691896258,0.24,0.062449979983983966,,
device_0,1,1.5,0.01,late,P1,0.06270608,0.0007174887940588377,0.0,0.0,0.0,0.0,0.0,0.0,,,,
device_0,1,1.5,0.01,late,P2,0.06245808,0.0007174887940588425,0.01,0.0,1.0,0.0,0.0,0.0,1.0,0.0,,
device_0,1,1.5,0.01,late,P2prime,0.06245808,0.0007174887940588425,0.01,0.0,1.0,0.0,0.0,0.0,1.0,0.0,,
device_0,1,1.5,0.01,late,P3,0.06245807999999999,0.0007174887940588342,0.01,0.0,1.0,0.0,0.0,0.0,1.0,0.0,10.0,0.0
device_0,1,1.5,0.05,drop,P0,0.05951167999999999,0.0005346746360170777,0.05000000000000001,0.0,3.3333333333333335,0.5773502691896257,25.0,1.7320508075688772,0.21,0.034176014981270125,,
device_0,1,1.5,0.05,drop,P1,0.06270608,0.0007174887940588377,0.0,0.0,0.0,0.0,0.0,0.0,,,,
device_0,1,1.5,0.05,drop,P2,0.05426608,0.0007174887940588342,0.05000000000000001,0.0,1.0,0.0,0.0,0.0,1.0,0.0,,
device_0,1,1.5,0.05,drop,P2prime,0.05426608,0.0007174887940588342,0.05000000000000001,0.0,1.0,0.0,0.0,0.0,1.0,0.0,,
device_0,1,1.5,0.05,drop,P3,0.05427493333333333,0.0007129682285581393,0.05000000000000001,0.0,1.0,0.0,0.0,0.0,0.9986666666666667,0.0011547005383792605,10.0,0.0
device_0,1,1.5,0.05,late,P0,0.062463866666666666,0.0007100369177256478,0.05000000000000001,0.0,2.6666666666666665,0.5773502691896258,25.0,0.0,0.19533333333333333,0.017925772879665004,,
device_0,1,1.5,0.05,late,P1,0.06270608,0.0007174887940588377,0.0,0.0,0.0,0.0,0.0,0.0,,,,
device_0,1,1.5,0.05,late,P2,0.06146608,0.0007174887940588342,0.05000000000000001,0.0,1.0,0.0,0.0,0.0,1.0,0.0,,
device_0,1,1.5,0.05,late,P2prime,0.06146608,0.0007174887940588342,0.05000000000000001,0.0,1.0,0.0,0.0,0.0,1.0,0.0,,
device_0,1,1.5,0.05,late,P3,0.061466079999999985,0.0007174887940588409,0.05000000000000001,0.0,1.0,0.0,0.0,0.0,1.0,0.0,3700.0,5474.486277268397
device_0,1,1.5,0.1,drop,P0,0.05636154666666667,0.0006939144170092798,0.10000000000000002,0.0,3.6666666666666665,0.5773502691896258,88.0,8.660254037844387,0.20666666666666667,0.006658328118479387,,
device_0,1,1.5,0.1,drop,P1,0.06270608,0.0007174887940588377,0.0,0.0,0.0,0.0,0.0,0.0,,,,
device_0,1,1.5,0.1,drop,P2,0.04582608,0.0007174887940588346,0.10000000000000002,0.0,1.0,0.0,0.0,0.0,1.0,0.0,,
device_0,1,1.5,0.1,drop,P2prime,0.04582608,0.0007174887940588346,0.10000000000000002,0.0,1.0,0.0,0.0,0.0,1.0,0.0,,
device_0,1,1.5,0.1,drop,P3,0.045883626666666656,0.0007085017943049484,0.10000000000000002,0.0,4.0,0.0,1.3333333333333333,0.5773502691896257,0.9956666666666667,0.0011547005383792605,100.0,0.0
device_0,1,1.5,0.1,late,P0,0.062229919999999994,0.0006930718034951427,0.10000000000000002,0.0,4.0,1.0,102.33333333333333,4.932882862316246,0.19200000000000003,0.010148891565092228,,
device_0,1,1.5,0.1,late,P1,0.06270608,0.0007174887940588377,0.0,0.0,0.0,0.0,0.0,0.0,,,,
device_0,1,1.5,0.1,late,P2,0.060226079999999994,0.0007174887940588297,0.10000000000000002,0.0,1.0,0.0,0.0,0.0,1.0,0.0,,
device_0,1,1.5,0.1,late,P2prime,0.060226079999999994,0.0007174887940588297,0.10000000000000002,0.0,1.0,0.0,0.0,0.0,1.0,0.0,,
device_0,1,1.5,0.1,late,P3,0.060226079999999994,0.0007174887940588297,0.10000000000000002,0.0,1.0,0.0,0.0,0.0,1.0,0.0,100.0,0.0
device_0,1,2.0,0.01,drop,P0,0.06208048,0.0006946341356426362,0.01,0.0,1.6666666666666667,0.5773502691896258,1.0,1.0,0.19999999999999998,0.017320508075688773,,
device_0,1,2.0,0.01,drop,P1,0.06270608,0.0007174887940588377,0.0,0.0,0.0,0.0,0.0,0.0,,,,
device_0,1,2.0,0.01,drop,P2,0.061018079999999995,0.0007174887940588342,0.01,0.0,1.0,0.0,0.0,0.0,1.0,0.0,,
device_0,1,2.0,0.01,drop,P2prime,0.061018079999999995,0.0007174887940588342,0.01,0.0,1.0,0.0,0.0,0.0,1.0,0.0,,
device_0,1,2.0,0.01,drop,P3,0.06102693333333333,0.0007129682285581414,0.01,0.0,1.0,0.0,0.0,0.0,0.9933333333333333,0.0057735026918962545,10.0,0.0
device_0,1,2.0,0.01,late,P0,0.062654,0.0007265883280097406,0.01,0.0,1.6666666666666667,0.5773502691896257,1.0,1.0,0.21,0.03999999999999999,,
device_0,1,2.0,0.01,late,P1,0.06270608,0.0007174887940588377,0.0,0.0,0.0,0.0,0.0,0.0,,,,
device_0,1,2.0,0.01,late,P2,0.06245808,0.0007174887940588425,0.01,0.0,1.0,0.0,0.0,0.0,1.0,0.0,,
device_0,1,2.0,0.01,late,P2prime,0.06245808,0.0007174887940588425,0.01,0.0,1.0,0.0,0.0,0.0,1.0,0.0,,
device_0,1,2.0,0.01,late,P3,0.06245807999999999,0.0007174887940588342,0.01,0.0,1.0,0.0,0.0,0.0,1.0,0.0,10.0,0.0
device_0,1,2.0,0.05,drop,P0,0.05950282666666667,0.0006783640996790241,0.05000000000000001,0.0,2.3333333333333335,0.5773502691896257,23.666666666666668,4.509249752822894,0.21133333333333335,0.014468356276140466,,
device_0,1,2.0,0.05,drop,P1,0.06270608,0.0007174887940588377,0.0,0.0,0.0,0.0,0.0,0.0,,,,
device_0,1,2.0,0.05,drop,P2,0.05426608,0.0007174887940588342,0.05000000000000001,0.0,1.0,0.0,0.0,0.0,1.0,0.0,,
device_0,1,2.0,0.05,drop,P2prime,0.05426608,0.0007174887940588342,0.05000000000000001,0.0,1.0,0.0,0.0,0.0,1.0,0.0,,
device_0,1,2.0,0.05,drop,P3,0.05427493333333333,0.0007129682285581393,0.05000000000000001,0.0,1.0,0.0,0.0,0.0,0.9986666666666667,0.0011547005383792605,10.0,0.0
device_0,1,2.0,0.05,late,P0,0.062445679999999996,0.0007294676064089504,0.05000000000000001,0.0,3.0,0.0,24.0,2.0,0.21,0.012489995996796783,,
device_0,1,2.0,0.05,late,P1,0.06270608,0.0007174887940588377,0.0,0.0,0.0,0.0,0.0,0.0,,,,
device_0,1,2.0,0.05,late,P2,0.06146608,0.0007174887940588342,0.05000000000000001,0.0,1.0,0.0,0.0,0.0,1.0,0.0,,
device_0,1,2.0,0.05,late,P2prime,0.06146608,0.0007174887940588342,0.05000000000000001,0.0,1.0,0.0,0.0,0.0,1.0,0.0,,
device_0,1,2.0,0.05,late,P3,0.061466079999999985,0.0007174887940588409,0.05000000000000001,0.0,1.0,0.0,0.0,0.0,1.0,0.0,3700.0,5474.486277268397
device_0,1,2.0,0.1,drop,P0,0.0564368,0.0007360523111844735,0.10000000000000002,0.0,3.3333333333333335,0.5773502691896258,90.0,10.0,0.20099999999999998,0.006244997998398402,,
device_0,1,2.0,0.1,drop,P1,0.06270608,0.0007174887940588377,0.0,0.0,0.0,0.0,0.0,0.0,,,,
device_0,1,2.0,0.1,drop,P2,0.04582608,0.0007174887940588346,0.10000000000000002,0.0,1.0,0.0,0.0,0.0,1.0,0.0,,
device_0,1,2.0,0.1,drop,P2prime,0.04582608,0.0007174887940588346,0.10000000000000002,0.0,1.0,0.0,0.0,0.0,1.0,0.0,,
device_0,1,2.0,0.1,drop,P3,0.045883626666666656,0.0007085017943049484,0.10000000000000002,0.0,4.0,0.0,1.3333333333333333,0.5773502691896257,0.9956666666666667,0.0011547005383792605,100.0,0.0
device_0,1,2.0,0.1,late,P0,0.06219768,0.0006970966945840384,0.10000000000000002,0.0,3.0,0.0,91.66666666666667,8.326663997864532,0.205,0.009000000000000001,,
device_0,1,2.0,0.1,late,P1,0.06270608,0.0007174887940588377,0.0,0.0,0.0,0.0,0.0,0.0,,,,
device_0,1,2.0,0.1,late,P2,0.060226079999999994,0.0007174887940588297,0.10000000000000002,0.0,1.0,0.0,0.0,0.0,1.0,0.0,,
device_0,1,2.0,0.1,late,P2prime,0.060226079999999994,0.0007174887940588297,0.10000000000000002,0.0,1.0,0.0,0.0,0.0,1.0,0.0,,
device_0,1,2.0,0.1,late,P3,0.060226079999999994,0.0007174887940588297,0.10000000000000002,0.0,1.0,0.0,0.0,0.0,1.0,0.0,100.0,0.0
device_0,2,1.5,0.01,drop,P0,0.062359359999999996,0.0007664527581005921,0.01,0.0,2.0,0.0,1.6666666666666667,1.1547005383792517,0.21,0.026457513110645897,,
device_0,2,1.5,0.01,drop,P1,0.06299824,0.0007861042129387128,0.0,0.0,0.0,0.0,0.0,0.0,,,,
device_0,2,1.5,0.01,drop,P2,0.06131023999999999,0.0007861042129387187,0.01,0.0,6.333333333333333,2.516611478423583,27.0,2.0,1.0,0.0,,
device_0,2,1.5,0.01,drop,P2prime,0.06131023999999999,0.0007861042129387187,0.01,0.0,1.0,0.0,0.0,0.0,1.0,0.0,,
device_0,2,1.5,0.01,drop,P3,0.06132352,0.0007861042129387181,0.01,0.0,1.0,0.0,0.0,0.0,0.9899999999999999,0.0,10.0,0.0
device_0,2,1.5,0.01,late,P0,0.06294946666666666,0.0007814856920848468,0.01,0.0,1.6666666666666667,0.5773502691896257,0.6666666666666666,0.5773502691896258,0.19666666666666668,0.04725815626252608,,
device_0,2,1.5,0.01,late,P1,0.06299824,0.0007861042129387128,0.0,0.0,0.0,0.0,0.0,0.0,,,,
device_0,2,1.5,0.01,late,P2,0.06275024,0.0007861042129387164,0.01,0.0,6.333333333333333,2.516611478423583,27.0,2.0,1.0,0.0,,
device_0,2,1.5,0.01,late,P2prime,0.06275024,0.0007861042129387164,0.01,0.0,1.0,0.0,0.0,0.0,1.0,0.0,,
device_0,2,1.5,0.01,late,P3,0.06275024,0.0007861042129387167,0.01,0.0,1.6666666666666667,1.1547005383792517,0.3333333333333333,0.5773502691896258,1.0,0.0,40.0,51.96152422706632
device_0,2,1.5,0.05,drop,P0,0.059963199999999994,0.0008159368603023127,0.05000000000000001,0.0,3.3333333333333335,0.5773502691896257,25.0,1.7320508075688772,0.18600000000000003,0.008717797887081356,,
device_0,2,1.5,0.05,drop,P1,0.06299824,0.0007861042129387128,0.0,0.0,0.0,0.0,0.0,0.0,,,,
device_0,2,1.5,0.05,drop,P2,0.05455824,0.0007861042129387165,0.05000000000000001,0.0,8.333333333333334,0.5773502691896258,130.66666666666666,6.4291005073286405,1.0,0.0,,
device_0,2,1.5,0.05,drop,P2prime,0.05455824,0.0007861042129387165,0.05000000000000001,0.0,1.0,0.0,0.0,0.0,1.0,0.0,,
device_0,2,1.5,0.05,drop,P3,0.05461136,0.0007982373702101435,0.05000000000000001,0.0,6.333333333333333,1.5275252316519465,23.666666666666668,6.429100507328636,0.992,0.0020000000000000018,100.0,0.0
device_0,2,1.5,0.05,late,P0,0.06275189333333332,0.0007513163246817796,0.05000000000000001,0.0,2.6666666666666665,0.5773502691896258,25.0,0.0,0.19866666666666669,0.032083225108042575,,
device_0,2,1.5,0.05,late,P1,0.06299824,0.0007861042129387128,0.0,0.0,0.0,0.0,0.0,0.0,,,,
device_0,2,1.5,0.05,late,P2,0.06175823999999999,0.0007861042129387165,0.05000000000000001,0.0,8.333333333333334,0.5773502691896258,130.66666666666666,6.4291005073286405,1.0,0.0,,
device_0,2,1.5,0.05,late,P2prime,0.06175823999999999,0.0007861042129387165,0.05000000000000001,0.0,1.0,0.0,0.0,0.0,1.0,0.0,,
device_0,2,1.5,0.05,late,P3,0.06175823999999999,0.0007861042129387165,0.05000000000000001,0.0,2.6666666666666665,0.5773502691896258,19.333333333333332,3.214550253664319,1.0,0.0,100.0,0.0
device_0,2,1.5,0.1,drop,P0,0.05668912,0.0006702125370358215,0.10000000000000002,0.0,3.6666666666666665,0.5773502691896258,88.0,8.660254037844387,0.204,0.019052558883257648,,
device_0,2,1.5,0.1,drop,P1,0.06299824,0.0007861042129387128,0.0,0.0,0.0,0.0,0.0,0.0,,,,
device_0,2,1.5,0.1,drop,P2,0.04611824,0.0007861042129387244,0.10000000000000002,0.0,10.0,1.0,254.0,7.810249675906654,1.0,0.0,,
device_0,2,1.5,0.1,drop,P2prime,0.04611824,0.0007861042129387187,0.10000000000000002,0.0,1.0,0.0,0.0,0.0,1.0,0.0,,
device_0,2,1.5,0.1,drop,P3,0.04617578666666666,0.0008013611673479898,0.10000000000000002,0.0,6.666666666666667,2.081665999466133,157.66666666666666,11.239810200058248,0.9956666666666667,0.0011547005383792366,100.0,0.0
device_0,2,1.5,0.1,late,P0,0.06252290666666667,0.0007872594503296374,0.10000000000000002,0.0,4.0,1.0,102.33333333333333,4.932882862316246,0.19166666666666665,0.009018499505645797,,
device_0,2,1.5,0.1,late,P1,0.06299824,0.0007861042129387128,0.0,0.0,0.0,0.0,0.0,0.0,,,,
device_0,2,1.5,0.1,late,P2,0.06051824,0.0007861042129387067,0.10000000000000002,0.0,10.0,1.0,254.0,7.810249675906654,1.0,0.0,,
device_0,2,1.5,0.1,late,P2prime,0.06051824,0.0007861042129387067,0.10000000000000002,0.0,1.0,0.0,0.0,0.0,1.0,0.0,,
device_0,2,1.5,0.1,late,P3,0.06051824,0.0007861042129387125,0.10000000000000002,0.0,6.666666666666667,2.081665999466133,177.66666666666666,21.73323108360405,1.0,0.0,4000.0,5196.152422706632
device_0,2,2.0,0.01,drop,P0,0.06238591999999999,0.0007892387907344633,0.01,0.0,1.6666666666666667,0.5773502691896258,1.0,1.0,0.19000000000000003,0.01999999999999999,,
device_0,2,2.0,0.01,drop,P1,0.06299824,0.0007861042129387128,0.0,0.0,0.0,0.0,0.0,0.0,,,,
device_0,2,2.0,0.01,drop,P2,0.06131023999999999,0.0007861042129387187,0.01,0.0,6.333333333333333,2.516611478423583,27.0,2.0,1.0,0.0,,
device_0,2,2.0,0.01,drop,P2prime,0.06131023999999999,0.0007861042129387187,0.01,0.0,1.0,0.0,0.0,0.0,1.0,0.0,,
device_0,2,2.0,0.01,drop,P3,0.06132352,0.0007861042129387181,0.01,0.0,1.0,0.0,0.0,0.0,0.9899999999999999,0.0,10.0,0.0
device_0,2,2.0,0.01,late,P0,0.06294615999999999,0.0007896623440433292,0.01,0.0,1.6666666666666667,0.5773502691896257,1.0,1.0,0.21,0.034641016151377546,,
device_0,2,2.0,0.01,late,P1,0.06299824,0.0007861042129387128,0.0,0.0,0.0,0.0,0.0,0.0,,,,
device_0,2,2.0,0.01,late,P2,0.06275024,0.0007861042129387164,0.01,0.0,6.333333333333333,2.516611478423583,27.0,2.0,1.0,0.0,,
device_0,2,2.0,0.01,late,P2prime,0.06275024,0.0007861042129387164,0.01,0.0,1.0,0.0,0.0,0.0,1.0,0.0,,
device_0,2,2.0,0.01,late,P3,0.06275024,0.0007861042129387167,0.01,0.0,1.6666666666666667,1.1547005383792517,0.3333333333333333,0.5773502691896258,1.0,0.0,40.0,51.96152422706632
device_0,2,2.0,0.05,drop,P0,0.05979056000000001,0.0007209217743971967,0.05000000000000001,0.0,2.3333333333333335,0.5773502691896257,23.666666666666668,4.509249752822894,0.212,0.011135528725660036,,
device_0,2,2.0,0.05,drop,P1,0.06299824,0.0007861042129387128,0.0,0.0,0.0,0.0,0.0,0.0,,,,
device_0,2,2.0,0.05,drop,P2,0.05455824,0.0007861042129387165,0.05000000000000001,0.0,8.333333333333334,0.5773502691896258,130.66666666666666,6.4291005073286405,1.0,0.0,,
device_0,2,2.0,0.05,drop,P2prime,0.05455824,0.0007861042129387165,0.05000000000000001,0.0,1.0,0.0,0.0,0.0,1.0,0.0,,
device_0,2,2.0,0.05,drop,P3,0.05461136,0.0007982373702101435,0.05000000000000001,0.0,6.333333333333333,1.5275252316519465,23.666666666666668,6.429100507328636,0.992,0.0020000000000000018,100.0,0.0
device_0,2,2.0,0.05,late,P0,0.06274528,0.0008017785948751696,0.05000000000000001,0.0,3.0,0.0,24.0,2.0,0.204,0.022538855339169293,,
device_0,2,2.0,0.05,late,P1,0.06299824,0.0007861042129387128,0.0,0.0,0.0,0.0,0.0,0.0,,,,
device_0,2,2.0,0.05,late,P2,0.06175823999999999,0.0007861042129387165,0.05000000000000001,0.0,8.333333333333334,0.5773502691896258,130.66666666666666,6.4291005073286405,1.0,0.0,,
device_0,2,2.0,0.05,late,P2prime,0.06175823999999999,0.0007861042129387165,0.05000000000000001,0.0,1.0,0.0,0.0,0.0,1.0,0.0,,
device_0,2,2.0,0.05,late,P3,0.06175823999999999,0.0007861042129387165,0.05000000000000001,0.0,2.6666666666666665,0.5773502691896258,19.333333333333332,3.214550253664319,1.0,0.0,100.0,0.0
device_0,2,2.0,0.1,drop,P0,0.05684848000000001,0.0006717895098913034,0.10000000000000002,0.0,3.3333333333333335,0.5773502691896258,90.0,10.0,0.19200000000000003,0.008660254037844393,,
device_0,2,2.0,0.1,drop,P1,0.06299824,0.0007861042129387128,0.0,0.0,0.0,0.0,0.0,0.0,,,,
device_0,2,2.0,0.1,drop,P2,0.04611824,0.0007861042129387244,0.10000000000000002,0.0,10.0,1.0,254.0,7.810249675906654,1.0,0.0,,
device_0,2,2.0,0.1,drop,P2prime,0.04611824,0.0007861042129387187,0.10000000000000002,0.0,1.0,0.0,0.0,0.0,1.0,0.0,,
device_0,2,2.0,0.1,drop,P3,0.04617578666666666,0.0008013611673479898,0.10000000000000002,0.0,6.666666666666667,2.081665999466133,157.66666666666666,11.239810200058248,0.9956666666666667,0.0011547005383792366,100.0,0.0
device_0,2,2.0,0.1,late,P0,0.06251216,0.0007939301692214435,0.10000000000000002,0.0,3.0,0.0,91.66666666666667,8.326663997864532,0.19599999999999998,0.012124355652982146,,
device_0,2,2.0,0.1,late,P1,0.06299824,0.0007861042129387128,0.0,0.0,0.0,0.0,0.0,0.0,,,,
device_0,2,2.0,0.1,late,P2,0.06051824,0.0007861042129387067,0.10000000000000002,0.0,10.0,1.0,254.0,7.810249675906654,1.0,0.0,,
device_0,2,2.0,0.1,late,P2prime,0.06051824,0.0007861042129387067,0.10000000000000002,0.0,1.0,0.0,0.0,0.0,1.0,0.0,,
device_0,2,2.0,0.1,late,P3,0.06051824,0.0007861042129387125,0.10000000000000002,0.0,6.666666666666667,2.081665999466133,177.66666666666666,21.73323108360405,1.0,0.0,4000.0,5196.152422706632
device_0,5,1.5,0.01,drop,P0,0.06208490666666666,0.0007579301385571947,0.01,0.0,2.0,0.0,1.6666666666666667,1.1547005383792517,0.17,0.06999999999999999,,
device_0,5,1.5,0.01,drop,P1,0.06267066666666667,0.0008507841440302796,0.0,0.0,0.0,0.0,0.0,0.0,,,,
device_0,5,1.5,0.01,drop,P2,0.060982666666666664,0.0008507841440302834,0.01,0.0,17.0,6.082762530298219,15.333333333333334,3.055050463303893,1.0,0.0,,
device_0,5,1.5,0.01,drop,P2prime,0.060982666666666664,0.0008507841440302834,0.01,0.0,1.0,0.0,0.0,0.0,1.0,0.0,,
device_0,5,1.5,0.01,drop,P3,0.06099152,0.0008558133179613432,0.01,0.0,1.6666666666666667,0.5773502691896257,0.6666666666666666,0.5773502691896258,0.9933333333333333,0.0057735026918962545,10.0,0.0
device_0,5,1.5,0.01,late,P0,0.06262850666666667,0.000847512751841139,0.01,0.0,1.6666666666666667,0.5773502691896257,0.6666666666666666,0.5773502691896258,0.17,0.0264575131106459,,
device_0,5,1.5,0.01,late,P1,0.06267066666666667,0.0008507841440302796,0.0,0.0,0.0,0.0,0.0,0.0,,,,
device_0,5,1.5,0.01,late,P2,0.06242266666666666,0.0008507841440302811,0.01,0.0,17.0,6.082762530298219,15.333333333333334,3.055050463303893,1.0,0.0,,
device_0,5,1.5,0.01,late,P2prime,0.06242266666666666,0.0008507841440302795,0.01,0.0,1.0,0.0,0.0,0.0,1.0,0.0,,
device_0,5,1.5,0.01,late,P3,0.06242266666666666,0.0008507841440302811,0.01,0.0,6.0,6.928203230275509,2.0,1.7320508075688772,1.0,0.0,400.0,519.6152422706632
device_0,5,1.5,0.05,drop,P0,0.05945856,0.0009506105625333679,0.05000000000000001,0.0,3.3333333333333335,0.5773502691896257,25.0,1.7320508075688772,0.21266666666666667,0.017473789896108222,,
device_0,5,1.5,0.05,drop,P1,0.06267066666666667,0.0008507841440302796,0.0,0.0,0.0,0.0,0.0,0.0,,,,
device_0,5,1.5,0.05,drop,P2,0.05423066666666667,0.0008507841440302844,0.05000000000000001,0.0,22.666666666666668,6.027713773341708,79.33333333333333,7.505553499465135,1.0,0.0,,
device_0,5,1.5,0.05,drop,P2prime,0.05423066666666667,0.0008507841440302844,0.05000000000000001,0.0,1.0,0.0,0.0,0.0,1.0,0.0,,
device_0,5,1.5,0.05,drop,P3,0.054297066666666664,0.0008533713258209034,0.05000000000000001,0.0,9.666666666666666,4.163331998932266,93.66666666666667,5.131601439446884,0.9899999999999999,0.0020000000000000018,100.0,0.0
device_0,5,1.5,0.05,late,P0,0.06243176,0.0008458798363833982,0.05000000000000001,0.0,2.6666666666666665,0.5773502691896258,25.0,0.0,0.19266666666666665,0.01604161255402129,,
device_0,5,1.5,0.05,late,P1,0.06267066666666667,0.0008507841440302796,0.0,0.0,0.0,0.0,0.0,0.0,,,,
device_0,5,1.5,0.05,late,P2,0.06143066666666666,0.0008507841440302844,0.05000000000000001,0.0,22.666666666666668,6.027713773341708,79.33333333333333,7.505553499465135,1.0,0.0,,
device_0,5,1.5,0.05,late,P2prime,0.06143066666666666,0.0008507841440302844,0.05000000000000001,0.0,1.0,0.0,0.0,0.0,1.0,0.0,,
device_0,5,1.5,0.05,late,P3,0.06143066666666666,0.0008507841440302844,0.05000000000000001,0.0,15.666666666666666,7.637626158259733,96.33333333333333,8.082903768654761,1.0,0.0,1000.0,0.0
device_0,5,1.5,0.1,drop,P0,0.056304,0.0007274967755255057,0.10000000000000002,0.0,3.6666666666666665,0.5773502691896258,88.0,8.660254037844387,0.20833333333333334,0.010408329997330665,,
device_0,5,1.5,0.1,drop,P1,0.06267066666666667,0.0008507841440302796,0.0,0.0,0.0,0.0,0.0,0.0,,,,
device_0,5,1.5,0.1,drop,P2,0.04579066666666667,0.0008507841440302834,0.10000000000000002,0.0,26.666666666666668,6.658328118479393,156.0,9.848857801796104,1.0,0.0,,
device_0,5,1.5,0.1,drop,P2prime,0.04579066666666667,0.0008507841440302746,0.10000000000000002,0.0,1.0,0.0,0.0,0.0,1.0,0.0,,
device_0,5,1.5,0.1,drop,P3,0.04598543999999999,0.0009378162617485391,0.10000000000000002,0.0,13.333333333333334,2.0816659994661326,207.66666666666666,4.041451884327382,0.9853333333333333,0.007767453465154001,100.0,0.0
device_0,5,1.5,0.1,late,P0,0.06215730666666667,0.0008646997993138073,0.10000000000000002,0.0,4.0,1.0,102.33333333333333,4.932882862316246,0.207,0.0115325625946708,,
device_0,5,1.5,0.1,late,P1,0.06267066666666667,0.0008507841440302796,0.0,0.0,0.0,0.0,0.0,0.0,,,,
device_0,5,1.5,0.1,late,P2,0.06019066666666666,0.0008507841440302834,0.10000000000000002,0.0,26.666666666666668,6.658328118479393,156.0,9.848857801796104,1.0,0.0,,
device_0,5,1.5,0.1,late,P2prime,0.06019066666666666,0.0008507841440302795,0.10000000000000002,0.0,1.0,0.0,0.0,0.0,1.0,0.0,,
device_0,5,1.5,0.1,late,P3,0.06019066666666666,0.0008507841440302811,0.10000000000000002,0.0,17.0,6.082762530298219,208.33333333333334,7.637626158259731,1.0,0.0,1000.0,0.0
device_0,5,2.0,0.01,drop,P0,0.06201850666666667,0.0008608813988775366,0.01,0.0,1.6666666666666667,0.5773502691896258,1.0,1.0,0.22,0.010000000000000009,,
device_0,5,2.0,0.01,drop,P1,0.06267066666666667,0.0008507841440302796,0.0,0.0,0.0,0.0,0.0,0.0,,,,
device_0,5,2.0,0.01,drop,P2,0.060982666666666664,0.0008507841440302834,0.01,0.0,17.0,6.082762530298219,15.333333333333334,3.055050463303893,1.0,0.0,,
device_0,5,2.0,0.01,drop,P2prime,0.060982666666666664,0.0008507841440302834,0.01,0.0,1.0,0.0,0.0,0.0,1.0,0.0,,
device_0,5,2.0,0.01,drop,P3,0.06099152,0.0008558133179613432,0.01,0.0,1.6666666666666667,0.5773502691896257,0.6666666666666666,0.5773502691896258,0.9933333333333333,0.0057735026918962545,10.0,0.0
device_0,5,2.0,0.01,late,P0,0.06262437333333333,0.0008559527550825138,0.01,0.0,1.6666666666666667,0.5773502691896257,1.0,1.0,0.18666666666666668,0.025166114784235832,,
device_0,5,2.0,0.01,late,P1,0.06267066666666667,0.0008507841440302796,0.0,0.0,0.0,0.0,0.0,0.0,,,,
device_0,5,2.0,0.01,late,P2,0.06242266666666666,0.0008507841440302811,0.01,0.0,17.0,6.082762530298219,15.333333333333334,3.055050463303893,1.0,0.0,,
device_0,5,2.0,0.01,late,P2prime,0.06242266666666666,0.0008507841440302795,0.01,0.0,1.0,0.0,0.0,0.0,1.0,0.0,,
device_0,5,2.0,0.01,late,P3,0.06242266666666666,0.0008507841440302811,0.01,0.0,6.0,6.928203230275509,2.0,1.7320508075688772,1.0,0.0,400.0,519.6152422706632
device_0,5,2.0,0.05,drop,P0,0.05947184,0.0010358400000000016,0.05000000000000001,0.0,2.3333333333333335,0.5773502691896257,23.666666666666668,4.509249752822894,0.21066666666666667,0.03500476158086687,,
device_0,5,2.0,0.05,drop,P1,0.06267066666666667,0.0008507841440302796,0.0,0.0,0.0,0.0,0.0,0.0,,,,
device_0,5,2.0,0.05,drop,P2,0.05423066666666667,0.0008507841440302844,0.05000000000000001,0.0,22.666666666666668,6.027713773341708,79.33333333333333,7.505553499465135,1.0,0.0,,
device_0,5,2.0,0.05,drop,P2prime,0.05423066666666667,0.0008507841440302844,0.05000000000000001,0.0,1.0,0.0,0.0,0.0,1.0,0.0,,
device_0,5,2.0,0.05,drop,P3,0.054297066666666664,0.0008533713258209034,0.05000000000000001,0.0,9.666666666666666,4.163331998932266,93.66666666666667,5.131601439446884,0.9899999999999999,0.0020000000000000018,100.0,0.0
device_0,5,2.0,0.05,late,P0,0.06242266666666666,0.0008348745623944506,0.05000000000000001,0.0,3.0,0.0,24.0,2.0,0.19999999999999998,0.014422205101855956,,
device_0,5,2.0,0.05,late,P1,0.06267066666666667,0.0008507841440302796,0.0,0.0,0.0,0.0,0.0,0.0,,,,
device_0,5,2.0,0.05,late,P2,0.06143066666666666,0.0008507841440302844,0.05000000000000001,0.0,22.666666666666668,6.027713773341708,79.33333333333333,7.505553499465135,1.0,0.0,,
device_0,5,2.0,0.05,late,P2prime,0.06143066666666666,0.0008507841440302844,0.05000000000000001,0.0,1.0,0.0,0.0,0.0,1.0,0.0,,
device_0,5,2.0,0.05,late,P3,0.06143066666666666,0.0008507841440302844,0.05000000000000001,0.0,15.666666666666666,7.637626158259733,96.33333333333333,8.082903768654761,1.0,0.0,1000.0,0.0
device_0,5,2.0,0.1,drop,P0,0.056255306666666664,0.0007863659049916492,0.10000000000000002,0.0,3.3333333333333335,0.5773502691896258,90.0,10.0,0.212,0.020952326839756955,,
device_0,5,2.0,0.1,drop,P1,0.06267066666666667,0.0008507841440302796,0.0,0.0,0.0,0.0,0.0,0.0,,,,
device_0,5,2.0,0.1,drop,P2,0.04579066666666667,0.0008507841440302834,0.10000000000000002,0.0,26.666666666666668,6.658328118479393,156.0,9.848857801796104,1.0,0.0,,
device_0,5,2.0,0.1,drop,P2prime,0.04579066666666667,0.0008507841440302746,0.10000000000000002,0.0,1.0,0.0,0.0,0.0,1.0,0.0,,
device_0,5,2.0,0.1,drop,P3,0.04598543999999999,0.0009378162617485391,0.10000000000000002,0.0,13.333333333333334,2.0816659994661326,207.66666666666666,4.041451884327382,0.9853333333333333,0.007767453465154001,100.0,0.0
device_0,5,2.0,0.1,late,P0,0.062164746666666666,0.0008561747796643738,0.10000000000000002,0.0,3.0,0.0,91.66666666666667,8.326663997864532,0.204,0.007810249675906641,,
device_0,5,2.0,0.1,late,P1,0.06267066666666667,0.0008507841440302796,0.0,0.0,0.0,0.0,0.0,0.0,,,,
device_0,5,2.0,0.1,late,P2,0.06019066666666666,0.0008507841440302834,0.10000000000000002,0.0,26.666666666666668,6.658328118479393,156.0,9.848857801796104,1.0,0.0,,
device_0,5,2.0,0.1,late,P2prime,0.06019066666666666,0.0008507841440302795,0.10000000000000002,0.0,1.0,0.0,0.0,0.0,1.0,0.0,,
device_0,5,2.0,0.1,late,P3,0.06019066666666666,0.0008507841440302811,0.10000000000000002,0.0,17.0,6.082762530298219,208.33333333333334,7.637626158259731,1.0,0.0,1000.0,0.0
device_0,10,1.5,0.01,drop,P0,0.062129173333333336,0.0002799319841199535,0.01,0.0,2.0,0.0,1.6666666666666667,1.1547005383792517,0.24333333333333332,0.040414518843273795,,
device_0,10,1.5,0.01,drop,P1,0.06281231999999999,0.00024378839348909696,0.0,0.0,0.0,0.0,0.0,0.0,,,,
device_0,10,1.5,0.01,drop,P2,0.06112432,0.00024378839348910257,0.01,0.0,27.333333333333332,6.5064070986477125,7.333333333333333,2.0816659994661326,1.0,0.0,,
device_0,10,1.5,0.01,drop,P2prime,0.06112432,0.00024378839348910257,0.01,0.0,1.0,0.0,0.0,0.0,1.0,0.0,,
device_0,10,1.5,0.01,drop,P3,0.06116858666666667,0.0002534822355379801,0.01,0.0,2.0,0.0,5.666666666666667,1.1547005383792517,0.9666666666666667,0.011547005383792535,10.0,0.0
device_0,10,1.5,0.01,late,P0,0.06276768,0.0002453362492580336,0.01,0.0,1.6666666666666667,0.5773502691896257,0.6666666666666666,0.5773502691896258,0.18000000000000002,0.04,,
device_0,10,1.5,0.01,late,P1,0.06281231999999999,0.00024378839348909696,0.0,0.0,0.0,0.0,0.0,0.0,,,,
device_0,10,1.5,0.01,late,P2,0.06256432,0.00024378839348910688,0.01,0.0,27.333333333333332,6.5064070986477125,7.333333333333333,2.0816659994661326,1.0,0.0,,
device_0,10,1.5,0.01,late,P2prime,0.06256432,0.00024378839348910688,0.01,0.0,1.0,0.0,0.0,0.0,1.0,0.0,,
device_0,10,1.5,0.01,late,P3,0.06256431999999999,0.0002437883934891084,0.01,0.0,2.6666666666666665,0.5773502691896258,5.666666666666667,1.1547005383792517,1.0,0.0,100.0,0.0
device_0,10,1.5,0.05,drop,P0,0.05968431999999999,0.00027248281854091,0.05000000000000001,0.0,3.3333333333333335,0.5773502691896257,25.0,1.7320508075688772,0.19999999999999998,0.027055498516937372,,
device_0,10,1.5,0.05,drop,P1,0.06281231999999999,0.00024378839348909696,0.0,0.0,0.0,0.0,0.0,0.0,,,,
device_0,10,1.5,0.05,drop,P2,0.05437232,0.00024378839348910417,0.05000000000000001,0.0,41.666666666666664,10.598742063723098,40.0,6.557438524302,1.0,0.0,,
device_0,10,1.5,0.05,drop,P2prime,0.05437232,0.00024378839348910604,0.05000000000000001,0.0,1.0,0.0,0.0,0.0,1.0,0.0,,
device_0,10,1.5,0.05,drop,P3,0.05444757333333333,0.00026102323370407723,0.05000000000000001,0.0,13.333333333333334,1.1547005383792515,99.0,2.6457513110645907,0.9886666666666667,0.003055050463303899,100.0,0.0
device_0,10,1.5,0.05,late,P0,0.06256927999999999,0.0002523020412125096,0.05000000000000001,0.0,2.6666666666666665,0.5773502691896258,25.0,0.0,0.19600000000000004,0.006928203230275515,,
device_0,10,1.5,0.05,late,P1,0.06281231999999999,0.00024378839348909696,0.0,0.0,0.0,0.0,0.0,0.0,,,,
device_0,10,1.5,0.05,late,P2,0.06157232000000001,0.00024378839348910227,0.05000000000000001,0.0,41.666666666666664,10.598742063723098,40.0,6.557438524302,1.0,0.0,,
device_0,10,1.5,0.05,late,P2prime,0.06157232000000001,0.00024378839348910227,0.05000000000000001,0.0,1.0,0.0,0.0,0.0,1.0,0.0,,
device_0,10,1.5,0.05,late,P3,0.06157231999999999,0.00024378839348910576,0.05000000000000001,0.0,19.666666666666668,6.658328118479393,99.0,3.605551275463989,1.0,0.0,1000.0,0.0
device_0,10,1.5,0.1,drop,P0,0.05659173333333334,0.00022392983663042647,0.10000000000000002,0.0,3.6666666666666665,0.5773502691896258,88.0,8.660254037844387,0.19733333333333336,0.0015275252316519473,,
device_0,10,1.5,0.1,drop,P1,0.06281231999999999,0.00024378839348909696,0.0,0.0,0.0,0.0,0.0,0.0,,,,
device_0,10,1.5,0.1,drop,P2,0.04593232,0.00024378839348910417,0.10000000000000002,0.0,48.333333333333336,5.686240703077327,86.0,7.54983443527075,1.0,0.0,,
device_0,10,1.5,0.1,drop,P2prime,0.04593232,0.0002437883934891052,0.10000000000000002,0.0,1.0,0.0,0.0,0.0,1.0,0.0,,
device_0,10,1.5,0.1,drop,P3,0.04643253333333333,0.0003412555202972317,0.10000000000000002,0.0,45.0,6.928203230275509,128.33333333333334,2.309401076758505,0.9623333333333334,0.00929157324317759,1000.0,0.0
device_0,10,1.5,0.1,late,P0,0.062271679999999996,0.000236104885167581,0.10000000000000002,0.0,4.0,1.0,102.33333333333333,4.932882862316246,0.218,0.005196152422706636,,
device_0,10,1.5,0.1,late,P1,0.06281231999999999,0.00024378839348909696,0.0,0.0,0.0,0.0,0.0,0.0,,,,
device_0,10,1.5,0.1,late,P2,0.060332319999999995,0.00024378839348910604,0.10000000000000002,0.0,48.333333333333336,5.686240703077327,86.0,7.54983443527075,1.0,0.0,,
device_0,10,1.5,0.1,late,P2prime,0.060332319999999995,0.00024378839348910604,0.10000000000000002,0.0,1.0,0.0,0.0,0.0,1.0,0.0,,
device_0,10,1.5,0.1,late,P3,0.060332319999999995,0.00024378839348910604,0.10000000000000002,0.0,34.333333333333336,16.289055630494154,139.66666666666666,17.03917055884274,1.0,0.0,4000.0,5196.152422706632
device_0,10,2.0,0.01,drop,P0,0.0622,0.00023607044372389563,0.01,0.0,1.6666666666666667,0.5773502691896258,1.0,1.0,0.19000000000000003,0.01732050807568877,,
device_0,10,2.0,0.01,drop,P1,0.06281231999999999,0.00024378839348909696,0.0,0.0,0.0,0.0,0.0,0.0,,,,
device_0,10,2.0,0.01,drop,P2,0.06112432,0.00024378839348910257,0.01,0.0,27.333333333333332,6.5064070986477125,7.333333333333333,2.0816659994661326,1.0,0.0,,
device_0,10,2.0,0.01,drop,P2prime,0.06112432,0.00024378839348910257,0.01,0.0,1.0,0.0,0.0,0.0,1.0,0.0,,
device_0,10,2.0,0.01,drop,P3,0.06116858666666667,0.0002534822355379801,0.01,0.0,2.0,0.0,5.666666666666667,1.1547005383792517,0.9666666666666667,0.011547005383792535,10.0,0.0
device_0,10,2.0,0.01,late,P0,0.06275941333333333,0.0002397568946523331,0.01,0.0,1.6666666666666667,0.5773502691896257,1.0,1.0,0.21333333333333335,0.020816659994661334,,
device_0,10,2.0,0.01,late,P1,0.06281231999999999,0.00024378839348909696,0.0,0.0,0.0,0.0,0.0,0.0,,,,
device_0,10,2.0,0.01,late,P2,0.06256432,0.00024378839348910688,0.01,0.0,27.333333333333332,6.5064070986477125,7.333333333333333,2.0816659994661326,1.0,0.0,,
device_0,10,2.0,0.01,late,P2prime,0.06256432,0.00024378839348910688,0.01,0.0,1.0,0.0,0.0,0.0,1.0,0.0,,
device_0,10,2.0,0.01,late,P3,0.06256431999999999,0.0002437883934891084,0.01,0.0,2.6666666666666665,0.5773502691896258,5.666666666666667,1.1547005383792517,1.0,0.0,100.0,0.0
device_0,10,2.0,0.05,drop,P0,0.059653333333333336,0.00017684519482681285,0.05000000000000001,0.0,2.3333333333333335,0.5773502691896257,23.666666666666668,4.509249752822894,0.20466666666666666,0.03711244175924473,,
device_0,10,2.0,0.05,drop,P1,0.06281231999999999,0.00024378839348909696,0.0,0.0,0.0,0.0,0.0,0.0,,,,
device_0,10,2.0,0.05,drop,P2,0.05437232,0.00024378839348910417,0.05000000000000001,0.0,41.666666666666664,10.598742063723098,40.0,6.557438524302,1.0,0.0,,
device_0,10,2.0,0.05,drop,P2prime,0.05437232,0.00024378839348910604,0.05000000000000001,0.0,1.0,0.0,0.0,0.0,1.0,0.0,,
device_0,10,2.0,0.05,drop,P3,0.05444757333333333,0.00026102323370407723,0.05000000000000001,0.0,13.333333333333334,1.1547005383792515,99.0,2.6457513110645907,0.9886666666666667,0.003055050463303899,100.0,0.0
device_0,10,2.0,0.05,late,P0,0.06256101333333335,0.00025158714540559956,0.05000000000000001,0.0,3.0,0.0,24.0,2.0,0.20266666666666666,0.007023769168568479,,
device_0,10,2.0,0.05,late,P1,0.06281231999999999,0.00024378839348909696,0.0,0.0,0.0,0.0,0.0,0.0,,,,
device_0,10,2.0,0.05,late,P2,0.06157232000000001,0.00024378839348910227,0.05000000000000001,0.0,41.666666666666664,10.598742063723098,40.0,6.557438524302,1.0,0.0,,
device_0,10,2.0,0.05,late,P2prime,0.06157232000000001,0.00024378839348910227,0.05000000000000001,0.0,1.0,0.0,0.0,0.0,1.0,0.0,,
device_0,10,2.0,0.05,late,P3,0.06157231999999999,0.00024378839348910576,0.05000000000000001,0.0,19.666666666666668,6.658328118479393,99.0,3.605551275463989,1.0,0.0,1000.0,0.0
device_0,10,2.0,0.1,drop,P0,0.056547466666666664,0.00016497872509306508,0.10000000000000002,0.0,3.3333333333333335,0.5773502691896258,90.0,10.0,0.20066666666666666,0.017387735140993305,,
device_0,10,2.0,0.1,drop,P1,0.06281231999999999,0.00024378839348909696,0.0,0.0,0.0,0.0,0.0,0.0,,,,
device_0,10,2.0,0.1,drop,P2,0.04593232,0.00024378839348910417,0.10000000000000002,0.0,48.333333333333336,5.686240703077327,86.0,7.54983443527075,1.0,0.0,,
device_0,10,2.0,0.1,drop,P2prime,0.04593232,0.0002437883934891052,0.10000000000000002,0.0,1.0,0.0,0.0,0.0,1.0,0.0,,
device_0,10,2.0,0.1,drop,P3,0.04643253333333333,0.0003412555202972317,0.10000000000000002,0.0,45.0,6.928203230275509,128.33333333333334,2.309401076758505,0.9623333333333334,0.00929157324317759,1000.0,0.0
device_0,10,2.0,0.1,late,P0,0.06230639999999999,0.0002539726347463407,0.10000000000000002,0.0,3.0,0.0,91.66666666666667,8.326663997864532,0.204,0.004582575694955815,,
device_0,10,2.0,0.1,late,P1,0.06281231999999999,0.00024378839348909696,0.0,0.0,0.0,0.0,0.0,0.0,,,,
device_0,10,2.0,0.1,late,P2,0.060332319999999995,0.00024378839348910604,0.10000000000000002,0.0,48.333333333333336,5.686240703077327,86.0,7.54983443527075,1.0,0.0,,
device_0,10,2.0,0.1,late,P2prime,0.060332319999999995,0.00024378839348910604,0.10000000000000002,0.0,1.0,0.0,0.0,0.0,1.0,0.0,,
device_0,10,2.0,0.1,late,P3,0.060332319999999995,0.00024378839348910604,0.10000000000000002,0.0,34.333333333333336,16.289055630494154,139.66666666666666,17.03917055884274,1.0,0.0,4000.0,5196.152422706632
device_0,20,1.5,0.01,drop,P0,0.06139434666666666,0.0010693767585530116,0.01,0.0,2.0,0.0,1.6666666666666667,1.1547005383792517,0.19000000000000003,0.055677643628300216,,
device_0,20,1.5,0.01,drop,P1,0.062006666666666675,0.0010055453710963683,0.0,0.0,0.0,0.0,0.0,0.0,,,,
device_0,20,1.5,0.01,drop,P2,0.060318666666666666,0.0010055453710963692,0.01,0.0,41.333333333333336,9.291573243177568,5.0,1.7320508075688772,1.0,0.0,,
device_0,20,1.5,0.01,drop,P2prime,0.060318666666666666,0.0010055453710963692,0.01,0.0,1.0,0.0,0.0,0.0,1.0,0.0,,
device_0,20,1.5,0.01,drop,P3,0.060380640000000006,0.0009979458325981403,0.01,0.0,11.666666666666666,3.2145502536643185,12.666666666666666,0.5773502691896255,0.9533333333333333,0.005773502691896279,100.0,0.0
device_0,20,1.5,0.01,late,P0,0.061954586666666665,0.0010029309251056902,0.01,0.0,1.6666666666666667,0.5773502691896257,0.6666666666666666,0.5773502691896258,0.21,0.017320508075688763,,
device_0,20,1.5,0.01,late,P1,0.062006666666666675,0.0010055453710963683,0.0,0.0,0.0,0.0,0.0,0.0,,,,
device_0,20,1.5,0.01,late,P2,0.06175866666666666,0.001005545371096361,0.01,0.0,41.333333333333336,9.291573243177568,5.0,1.7320508075688772,1.0,0.0,,
device_0,20,1.5,0.01,late,P2prime,0.06175866666666666,0.001005545371096361,0.01,0.0,1.0,0.0,0.0,0.0,1.0,0.0,,
device_0,20,1.5,0.01,late,P3,0.06175866666666666,0.0010055453710963666,0.01,0.0,18.333333333333332,26.558112382722783,10.333333333333334,5.507570547286102,1.0,0.0,3400.0,5715.767664977295
device_0,20,1.5,0.05,drop,P0,0.05896277333333333,0.0009279226772384295,0.05000000000000001,0.0,3.3333333333333335,0.5773502691896257,25.0,1.7320508075688772,0.18733333333333335,0.013012814197295438,,
device_0,20,1.5,0.05,drop,P1,0.062006666666666675,0.0010055453710963683,0.0,0.0,0.0,0.0,0.0,0.0,,,,
device_0,20,1.5,0.05,drop,P2,0.05356666666666667,0.0010055453710963685,0.05000000000000001,0.0,60.666666666666664,5.033222956847167,26.333333333333332,4.04145188432738,1.0,0.0,,
device_0,20,1.5,0.05,drop,P2prime,0.05356666666666667,0.0010055453710963616,0.05000000000000001,0.0,1.0,0.0,0.0,0.0,1.0,0.0,,
device_0,20,1.5,0.05,drop,P3,0.053739306666666674,0.0009675583565518574,0.05000000000000001,0.0,14.0,0.0,79.0,3.0,0.9739999999999999,0.017320508075688787,100.0,0.0
device_0,20,1.5,0.05,late,P0,0.061748746666666667,0.0009821311597405541,0.05000000000000001,0.0,2.6666666666666665,0.5773502691896258,25.0,0.0,0.208,0.024,,
device_0,20,1.5,0.05,late,P1,0.062006666666666675,0.0010055453710963683,0.0,0.0,0.0,0.0,0.0,0.0,,,,
device_0,20,1.5,0.05,late,P2,0.06076666666666667,0.0010055453710963692,0.05000000000000001,0.0,60.666666666666664,5.033222956847167,26.333333333333332,4.04145188432738,1.0,0.0,,
device_0,20,1.5,0.05,late,P2prime,0.06076666666666667,0.0010055453710963692,0.05000000000000001,0.0,1.0,0.0,0.0,0.0,1.0,0.0,,
device_0,20,1.5,0.05,late,P3,0.06076666666666667,0.0010055453710963692,0.05000000000000001,0.0,24.0,4.358898943540674,76.33333333333333,1.1547005383792526,1.0,0.0,1000.0,0.0
device_0,20,1.5,0.1,drop,P0,0.055732960000000005,0.0011387551603395697,0.10000000000000002,0.0,3.6666666666666665,0.5773502691896258,88.0,8.660254037844387,0.20133333333333334,0.015695009822658066,,
device_0,20,1.5,0.1,drop,P1,0.062006666666666675,0.0010055453710963683,0.0,0.0,0.0,0.0,0.0,0.0,,,,
device_0,20,1.5,0.1,drop,P2,0.04512666666666667,0.0010055453710963692,0.10000000000000002,0.0,82.0,30.347981810987037,51.0,1.7320508075688772,1.0,0.0,,
device_0,20,1.5,0.1,drop,P2prime,0.045259466666666665,0.0008853222665974981,0.10000000000000002,0.0,1.0,0.0,0.0,0.0,0.9899999999999999,0.009539392014169465,,
device_0,20,1.5,0.1,drop,P3,0.045644586666666674,0.0008689356112700912,0.10000000000000002,0.0,53.333333333333336,8.326663997864532,83.0,3.605551275463989,0.961,0.010392304845413272,1000.0,0.0
device_0,20,1.5,0.1,late,P0,0.06148256,0.0010014186033822162,0.10000000000000002,0.0,4.0,1.0,102.33333333333333,4.932882862316246,0.21133333333333335,0.009018499505645775,,
device_0,20,1.5,0.1,late,P1,0.062006666666666675,0.0010055453710963683,0.0,0.0,0.0,0.0,0.0,0.0,,,,
device_0,20,1.5,0.1,late,P2,0.05952666666666667,0.0010055453710963733,0.10000000000000002,0.0,82.0,30.347981810987037,51.0,1.7320508075688772,1.0,0.0,,
device_0,20,1.5,0.1,late,P2prime,0.059551466666666664,0.0009829708580285318,0.09900000000000002,0.0009539392014169453,1.0,0.0,0.0,0.0,1.0,0.0,,
device_0,20,1.5,0.1,late,P3,0.05952666666666667,0.0010055453710963668,0.10000000000000002,0.0,60.666666666666664,5.033222956847167,76.66666666666667,2.88675134594813,1.0,0.0,10000.0,0.0
device_0,20,2.0,0.01,drop,P0,0.061367786666666674,0.0009202889888145625,0.01,0.0,1.6666666666666667,0.5773502691896258,1.0,1.0,0.21,0.07000000000000002,,
device_0,20,2.0,0.01,drop,P1,0.062006666666666675,0.0010055453710963683,0.0,0.0,0.0,0.0,0.0,0.0,,,,
device_0,20,2.0,0.01,drop,P2,0.060318666666666666,0.0010055453710963692,0.01,0.0,41.333333333333336,9.291573243177568,5.0,1.7320508075688772,1.0,0.0,,
device_0,20,2.0,0.01,drop,P2prime,0.060318666666666666,0.0010055453710963692,0.01,0.0,1.0,0.0,0.0,0.0,1.0,0.0,,
device_0,20,2.0,0.01,drop,P3,0.060380640000000006,0.0009979458325981403,0.01,0.0,11.666666666666666,3.2145502536643185,12.666666666666666,0.5773502691896255,0.9533333333333333,0.005773502691896279,100.0,0.0
device_0,20,2.0,0.01,late,P0,0.06195541333333334,0.0010148445093379314,0.01,0.0,1.6666666666666667,0.5773502691896257,1.0,1.0,0.20666666666666667,0.04509249752822894,,
device_0,20,2.0,0.01,late,P1,0.062006666666666675,0.0010055453710963683,0.0,0.0,0.0,0.0,0.0,0.0,,,,
device_0,20,2.0,0.01,late,P2,0.06175866666666666,0.001005545371096361,0.01,0.0,41.333333333333336,9.291573243177568,5.0,1.7320508075688772,1.0,0.0,,
device_0,20,2.0,0.01,late,P2prime,0.06175866666666666,0.001005545371096361,0.01,0.0,1.0,0.0,0.0,0.0,1.0,0.0,,
device_0,20,2.0,0.01,late,P3,0.06175866666666666,0.0010055453710963666,0.01,0.0,18.333333333333332,26.558112382722783,10.333333333333334,5.507570547286102,1.0,0.0,3400.0,5715.767664977295
device_0,20,2.0,0.05,drop,P0,0.05898490666666667,0.0009704703200682287,0.05000000000000001,0.0,2.3333333333333335,0.5773502691896257,23.666666666666668,4.509249752822894,0.18400000000000002,0.005291502622129186,,
device_0,20,2.0,0.05,drop,P1,0.062006666666666675,0.0010055453710963683,0.0,0.0,0.0,0.0,0.0,0.0,,,,
device_0,20,2.0,0.05,drop,P2,0.05356666666666667,0.0010055453710963685,0.05000000000000001,0.0,60.666666666666664,5.033222956847167,26.333333333333332,4.04145188432738,1.0,0.0,,
device_0,20,2.0,0.05,drop,P2prime,0.05356666666666667,0.0010055453710963616,0.05000000000000001,0.0,1.0,0.0,0.0,0.0,1.0,0.0,,
device_0,20,2.0,0.05,drop,P3,0.053739306666666674,0.0009675583565518574,0.05000000000000001,0.0,14.0,0.0,79.0,3.0,0.9739999999999999,0.017320508075688787,100.0,0.0
device_0,20,2.0,0.05,late,P0,0.06178264,0.0009842308932359349,0.05000000000000001,0.0,3.0,0.0,24.0,2.0,0.18066666666666667,0.02013289182738867,,
device_0,20,2.0,0.05,late,P1,0.062006666666666675,0.0010055453710963683,0.0,0.0,0.0,0.0,0.0,0.0,,,,
device_0,20,2.0,0.05,late,P2,0.06076666666666667,0.0010055453710963692,0.05000000000000001,0.0,60.666666666666664,5.033222956847167,26.333333333333332,4.04145188432738,1.0,0.0,,
device_0,20,2.0,0.05,late,P2prime,0.06076666666666667,0.0010055453710963692,0.05000000000000001,0.0,1.0,0.0,0.0,0.0,1.0,0.0,,
device_0,20,2.0,0.05,late,P3,0.06076666666666667,0.0010055453710963692,0.05000000000000001,0.0,24.0,4.358898943540674,76.33333333333333,1.1547005383792526,1.0,0.0,1000.0,0.0
device_0,20,2.0,0.1,drop,P0,0.05580378666666667,0.0008785232748956222,0.10000000000000002,0.0,3.3333333333333335,0.5773502691896258,90.0,10.0,0.19599999999999998,0.013527749258468677,,
device_0,20,2.0,0.1,drop,P1,0.062006666666666675,0.0010055453710963683,0.0,0.0,0.0,0.0,0.0,0.0,,,,
device_0,20,2.0,0.1,drop,P2,0.04512666666666667,0.0010055453710963692,0.10000000000000002,0.0,82.0,30.347981810987037,51.0,1.7320508075688772,1.0,0.0,,
device_0,20,2.0,0.1,drop,P2prime,0.045259466666666665,0.0008853222665974981,0.10000000000000002,0.0,1.0,0.0,0.0,0.0,0.9899999999999999,0.009539392014169465,,
device_0,20,2.0,0.1,drop,P3,0.045644586666666674,0.0008689356112700912,0.10000000000000002,0.0,53.333333333333336,8.326663997864532,83.0,3.605551275463989,0.961,0.010392304845413272,1000.0,0.0
device_0,20,2.0,0.1,late,P0,0.061536293333333325,0.0009817614124283636,0.10000000000000002,0.0,3.0,0.0,91.66666666666667,8.326663997864532,0.18966666666666665,0.0098657657246325,,
device_0,20,2.0,0.1,late,P1,0.062006666666666675,0.0010055453710963683,0.0,0.0,0.0,0.0,0.0,0.0,,,,
device_0,20,2.0,0.1,late,P2,0.05952666666666667,0.0010055453710963733,0.10000000000000002,0.0,82.0,30.347981810987037,51.0,1.7320508075688772,1.0,0.0,,
device_0,20,2.0,0.1,late,P2prime,0.059551466666666664,0.0009829708580285318,0.09900000000000002,0.0009539392014169453,1.0,0.0,0.0,0.0,1.0,0.0,,
device_0,20,2.0,0.1,late,P3,0.05952666666666667,0.0010055453710963668,0.10000000000000002,0.0,60.666666666666664,5.033222956847167,76.66666666666667,2.88675134594813,1.0,0.0,10000.0,0.0
device_0,50,1.5,0.01,drop,P0,0.06136778666666667,0.000896014633213838,0.01,0.0,2.0,0.0,1.6666666666666667,1.1547005383792517,0.20333333333333334,0.03055050463303893,,
device_0,50,1.5,0.01,drop,P1,0.06199781333333334,0.0008973913530524677,0.0,0.0,0.0,0.0,0.0,0.0,,,,
device_0,50,1.5,0.01,drop,P2,0.06030981333333333,0.0008973913530524663,0.01,0.0,44.0,12.165525060596439,3.6666666666666665,0.5773502691896257,1.0,0.0,,
device_0,50,1.5,0.01,drop,P2prime,0.06030981333333333,0.0008973913530524663,0.01,0.0,1.0,0.0,0.0,0.0,1.0,0.0,,
device_0,50,1.5,0.01,drop,P3,0.06036736,0.0008454469795321305,0.01,0.0,14.333333333333334,3.2145502536643185,17.333333333333332,2.5166114784235836,0.9566666666666667,0.040414518843273815,100.0,0.0
device_0,50,1.5,0.01,late,P0,0.061950693333333334,0.0008872954117616817,0.01,0.0,1.6666666666666667,0.5773502691896257,0.6666666666666666,0.5773502691896258,0.19000000000000003,0.06082762530298221,,
device_0,50,1.5,0.01,late,P1,0.06199781333333334,0.0008973913530524677,0.0,0.0,0.0,0.0,0.0,0.0,,,,
device_0,50,1.5,0.01,late,P2,0.06174981333333334,0.0008973913530524686,0.01,0.0,44.0,12.165525060596439,3.6666666666666665,0.5773502691896257,1.0,0.0,,
device_0,50,1.5,0.01,late,P2prime,0.06174981333333334,0.0008973913530524686,0.01,0.0,1.0,0.0,0.0,0.0,1.0,0.0,,
device_0,50,1.5,0.01,late,P3,0.06174981333333334,0.0008973913530524686,0.01,0.0,36.0,19.078784028338912,11.333333333333334,7.371114795831994,1.0,0.0,4000.0,5196.152422706632
device_0,50,1.5,0.05,drop,P0,0.058847680000000006,0.0008262465530336496,0.05000000000000001,0.0,3.3333333333333335,0.5773502691896257,25.0,1.7320508075688772,0.20333333333333334,0.016165807537309524,,
device_0,50,1.5,0.05,drop,P1,0.06199781333333334,0.0008973913530524677,0.0,0.0,0.0,0.0,0.0,0.0,,,,
device_0,50,1.5,0.05,drop,P2,0.05355781333333334,0.000897391353052467,0.05000000000000001,0.0,129.0,53.113086899558006,9.666666666666666,3.055050463303893,1.0,0.0,,
device_0,50,1.5,0.05,drop,P2prime,0.053557813333333336,0.0008973913530524574,0.05000000000000001,0.0,1.0,0.0,0.0,0.0,1.0,0.0,,
device_0,50,1.5,0.05,drop,P3,0.05403146666666667,0.0004935683706775999,0.05000000000000001,0.0,80.33333333333333,27.68272626265942,25.333333333333332,7.234178138070235,0.9286666666666666,0.06543189843901315,1000.0,0.0
device_0,50,1.5,0.05,late,P0,0.061754773333333325,0.0008711887063853257,0.05000000000000001,0.0,2.6666666666666665,0.5773502691896258,25.0,0.0,0.19599999999999998,0.021166010488516723,,
device_0,50,1.5,0.05,late,P1,0.06199781333333334,0.0008973913530524677,0.0,0.0,0.0,0.0,0.0,0.0,,,,
device_0,50,1.5,0.05,late,P2,0.060757813333333334,0.0008973913530524574,0.05000000000000001,0.0,129.0,53.113086899558006,9.666666666666666,3.055050463303893,1.0,0.0,,
device_0,50,1.5,0.05,late,P2prime,0.060757813333333334,0.0008973913530524574,0.05000000000000001,0.0,1.0,0.0,0.0,0.0,1.0,0.0,,
device_0,50,1.5,0.05,late,P3,0.060757813333333334,0.0008973913530524593,0.05000000000000001,0.0,56.0,50.22947341949744,30.333333333333332,14.153915830374764,1.0,0.0,4000.0,5196.152422706632
device_0,50,1.5,0.1,drop,P0,0.05583477333333334,0.0009028772402344239,0.10000000000000002,0.0,3.6666666666666665,0.5773502691896258,88.0,8.660254037844387,0.19299999999999998,0.004582575694955844,,
device_0,50,1.5,0.1,drop,P1,0.06199781333333334,0.0008973913530524677,0.0,0.0,0.0,0.0,0.0,0.0,,,,
device_0,50,1.5,0.1,drop,P2,0.04511781333333333,0.0008973913530524706,0.10000000000000002,0.0,199.0,21.633307652783937,19.0,4.358898943540674,1.0,0.0,,
device_0,50,1.5,0.1,drop,P2prime,0.04539226666666666,0.0006522539742564506,0.10000000000000002,0.0,1.0,0.0,0.0,0.0,0.9793333333333333,0.019218047073866113,,
device_0,50,1.5,0.1,drop,P3,0.04599872,0.000609868728170249,0.10000000000000002,0.0,103.33333333333333,26.6520793435209,33.333333333333336,5.686240703077327,0.9336666666666668,0.06425988899253823,1000.0,0.0
device_0,50,1.5,0.1,late,P0,0.06150346666666667,0.0009143550656792671,0.10000000000000002,0.0,4.0,1.0,102.33333333333333,4.932882862316246,0.19933333333333333,0.007505553499465135,,
device_0,50,1.5,0.1,late,P1,0.06199781333333334,0.0008973913530524677,0.0,0.0,0.0,0.0,0.0,0.0,,,,
device_0,50,1.5,0.1,late,P2,0.059517813333333336,0.0008973913530524734,0.10000000000000002,0.0,199.0,21.633307652783937,19.0,4.358898943540674,1.0,0.0,,
device_0,50,1.5,0.1,late,P2prime,0.05956906666666667,0.0008511629214981855,0.09793333333333333,0.0019218047073866179,1.0,0.0,0.0,0.0,1.0,0.0,,
device_0,50,1.5,0.1,late,P3,0.059517813333333336,0.0008973913530524599,0.10000000000000002,0.0,125.0,58.283788483591216,31.666666666666668,5.033222956847166,1.0,0.0,10000.0,0.0
device_0,50,2.0,0.01,drop,P0,0.06138106666666667,0.0008586250043722963,0.01,0.0,1.6666666666666667,0.5773502691896258,1.0,1.0,0.19333333333333336,0.03511884584284247,,
device_0,50,2.0,0.01,drop,P1,0.06199781333333334,0.0008973913530524677,0.0,0.0,0.0,0.0,0.0,0.0,,,,
device_0,50,2.0,0.01,drop,P2,0.06030981333333333,0.0008973913530524663,0.01,0.0,44.0,12.165525060596439,3.6666666666666665,0.5773502691896257,1.0,0.0,,
device_0,50,2.0,0.01,drop,P2prime,0.06030981333333333,0.0008973913530524663,0.01,0.0,1.0,0.0,0.0,0.0,1.0,0.0,,
device_0,50,2.0,0.01,drop,P3,0.06036736,0.0008454469795321305,0.01,0.0,14.333333333333334,3.2145502536643185,17.333333333333332,2.5166114784235836,0.9566666666666667,0.040414518843273815,100.0,0.0
device_0,50,2.0,0.01,late,P0,0.06195152,0.0009017826008523369,0.01,0.0,1.6666666666666667,0.5773502691896257,1.0,1.0,0.18666666666666668,0.02886751345948128,,
device_0,50,2.0,0.01,late,P1,0.06199781333333334,0.0008973913530524677,0.0,0.0,0.0,0.0,0.0,0.0,,,,
device_0,50,2.0,0.01,late,P2,0.06174981333333334,0.0008973913530524686,0.01,0.0,44.0,12.165525060596439,3.6666666666666665,0.5773502691896257,1.0,0.0,,
device_0,50,2.0,0.01,late,P2prime,0.06174981333333334,0.0008973913530524686,0.01,0.0,1.0,0.0,0.0,0.0,1.0,0.0,,
device_0,50,2.0,0.01,late,P3,0.06174981333333334,0.0008973913530524686,0.01,0.0,36.0,19.078784028338912,11.333333333333334,7.371114795831994,1.0,0.0,4000.0,5196.152422706632
device_0,50,2.0,0.05,drop,P0,0.05890522666666667,0.0008495394981596367,0.05000000000000001,0.0,2.3333333333333335,0.5773502691896257,23.666666666666668,4.509249752822894,0.19466666666666665,0.01628905563049417,,
device_0,50,2.0,0.05,drop,P1,0.06199781333333334,0.0008973913530524677,0.0,0.0,0.0,0.0,0.0,0.0,,,,
device_0,50,2.0,0.05,drop,P2,0.05355781333333334,0.000897391353052467,0.05000000000000001,0.0,129.0,53.113086899558006,9.666666666666666,3.055050463303893,1.0,0.0,,
device_0,50,2.0,0.05,drop,P2prime,0.053557813333333336,0.0008973913530524574,0.05000000000000001,0.0,1.0,0.0,0.0,0.0,1.0,0.0,,
device_0,50,2.0,0.05,drop,P3,0.05403146666666667,0.0004935683706775999,0.05000000000000001,0.0,80.33333333333333,27.68272626265942,25.333333333333332,7.234178138070235,0.9286666666666666,0.06543189843901315,1000.0,0.0
device_0,50,2.0,0.05,late,P0,0.06172914666666667,0.0008983750854366636,0.05000000000000001,0.0,3.0,0.0,24.0,2.0,0.21666666666666667,0.012220201853215582,,
device_0,50,2.0,0.05,late,P1,0.06199781333333334,0.0008973913530524677,0.0,0.0,0.0,0.0,0.0,0.0,,,,
device_0,50,2.0,0.05,late,P2,0.060757813333333334,0.0008973913530524574,0.05000000000000001,0.0,129.0,53.113086899558006,9.666666666666666,3.055050463303893,1.0,0.0,,
device_0,50,2.0,0.05,late,P2prime,0.060757813333333334,0.0008973913530524574,0.05000000000000001,0.0,1.0,0.0,0.0,0.0,1.0,0.0,,
device_0,50,2.0,0.05,late,P3,0.060757813333333334,0.0008973913530524593,0.05000000000000001,0.0,56.0,50.22947341949744,30.333333333333332,14.153915830374764,1.0,0.0,4000.0,5196.152422706632
device_0,50,2.0,0.1,drop,P0,0.05568426666666667,0.0007992677342000845,0.10000000000000002,0.0,3.3333333333333335,0.5773502691896258,90.0,10.0,0.20433333333333334,0.012220201853215573,,
device_0,50,2.0,0.1,drop,P1,0.06199781333333334,0.0008973913530524677,0.0,0.0,0.0,0.0,0.0,0.0,,,,
device_0,50,2.0,0.1,drop,P2,0.04511781333333333,0.0008973913530524706,0.10000000000000002,0.0,199.0,21.633307652783937,19.0,4.358898943540674,1.0,0.0,,
device_0,50,2.0,0.1,drop,P2prime,0.04539226666666666,0.0006522539742564506,0.10000000000000002,0.0,1.0,0.0,0.0,0.0,0.9793333333333333,0.019218047073866113,,
device_0,50,2.0,0.1,drop,P3,0.04599872,0.000609868728170249,0.10000000000000002,0.0,103.33333333333333,26.6520793435209,33.333333333333336,5.686240703077327,0.9336666666666668,0.06425988899253823,1000.0,0.0
device_0,50,2.0,0.1,late,P0,0.061510079999999995,0.0008949658281744568,0.10000000000000002,0.0,3.0,0.0,91.66666666666667,8.326663997864532,0.19666666666666668,0.005507570547286103,,
device_0,50,2.0,0.1,late,P1,0.06199781333333334,0.0008973913530524677,0.0,0.0,0.0,0.0,0.0,0.0,,,,
device_0,50,2.0,0.1,late,P2,0.059517813333333336,0.0008973913530524734,0.10000000000000002,0.0,199.0,21.633307652783937,19.0,4.358898943540674,1.0,0.0,,
device_0,50,2.0,0.1,late,P2prime,0.05956906666666667,0.0008511629214981855,0.09793333333333333,0.0019218047073866179,1.0,0.0,0.0,0.0,1.0,0.0,,
device_0,50,2.0,0.1,late,P3,0.059517813333333336,0.0008973913530524599,0.10000000000000002,0.0,125.0,58.283788483591216,31.666666666666668,5.033222956847166,1.0,0.0,10000.0,0.0
