device,L,seed,deadline_ratio,deadline_ms,epsilon,skip_mode,r_good_mbps,r_bad_mbps,rate_ratio,pi_bad_observed,lag1_autocorr,forced_count,discretionary_budget,sha256
device_0,1,1701,1.5,54.0675,0.01,drop,40.0,10.0,4.0,0.2048,-0.2574195171026162,0,100,e421bc094b4a72f1d016fa09bff787063070f6b098dc525977a3a57c6ce6e1de
device_0,1,1701,1.5,54.0675,0.01,late,40.0,10.0,4.0,0.2048,-0.2574195171026162,0,100,1a0ee7e6b75e8d2ad3929af42110ecda221942c469f32b4128ff797b466ca934
device_0,1,1701,1.5,54.0675,0.05,drop,40.0,10.0,4.0,0.2048,-0.2574195171026162,0,500,c9526ec90921649b51aa2d7db5d35250e95fb5dea0d98ca855934be4f726dcdf
device_0,1,1701,1.5,54.0675,0.05,late,40.0,10.0,4.0,0.2048,-0.2574195171026162,0,500,8f4bde9a0f1b7501f5223b4fad331af17d8dc9d7d20d05af56fecf99156aca2f
device_0,1,1701,1.5,54.0675,0.1,drop,40.0,10.0,4.0,0.2048,-0.2574195171026162,0,1000,153e89b3b66761fdffcf8552ae3e4c7a2564ff03c5a69500fb63e240f1ec9752
device_0,1,1701,1.5,54.0675,0.1,late,40.0,10.0,4.0,0.2048,-0.2574195171026162,0,1000,26c0f8dedfc5b91a4e77f158744b34b7a32224aaa0a95d0be69f1f327b4806cb
device_0,1,1701,2.0,72.09,0.01,drop,40.0,10.0,4.0,0.2048,-0.2574195171026162,0,100,834d4c6302b6ca4404494cf6ac38f3b50261086dd9024bcbcce72261eacd8195
device_0,1,1701,2.0,72.09,0.01,late,40.0,10.0,4.0,0.2048,-0.2574195171026162,0,100,980a5879c6806bb0630c4ab5d10dc84140770c22de8eb07372b75e0a62db9203
device_0,1,1701,2.0,72.09,0.05,drop,40.0,10.0,4.0,0.2048,-0.2574195171026162,0,500,1596fa366fcc9ff04f71014c4f0bb13402f249d70cf883900b96403aa6ef5b4f
device_0,1,1701,2.0,72.09,0.05,late,40.0,10.0,4.0,0.2048,-0.2574195171026162,0,500,01581c94070bc7ba6a63811ae59baf4171f8b9f2ef28189fa236de61aaed30a1
device_0,1,1701,2.0,72.09,0.1,drop,40.0,10.0,4.0,0.2048,-0.2574195171026162,0,1000,1c7385dcbb1484c3f747891d4e19d8b6971e5b94eed77ccf1c4d0fe309c30e67
device_0,1,1701,2.0,72.09,0.1,late,40.0,10.0,4.0,0.2048,-0.2574195171026162,0,1000,ad1787a7e84943b85d98e4a6bf10bb6ae513a9e8b495152057d6a4feb5b20b6d
device_0,1,1702,1.5,54.0675,0.01,drop,40.0,10.0,4.0,0.1949,-0.2421118012422359,0,100,d806e43e27f1b958751265b94e14fe6f4c6467292b4cf979f3b80663ddd34355
device_0,1,1702,1.5,54.0675,0.01,late,40.0,10.0,4.0,0.1949,-0.2421118012422359,0,100,ff85801f48b87c7cb5206969ede587f42c1b9cc4ebe3bddc2ed0a570db6002e5
device_0,1,1702,1.5,54.0675,0.05,drop,40.0,10.0,4.0,0.1949,-0.2421118012422359,0,500,89cbb7677476d9a47e866d4d80d61f664bb938d30a9f016e72e3630ddc86c350
device_0,1,1702,1.5,54.0675,0.05,late,40.0,10.0,4.0,0.1949,-0.2421118012422359,0,500,13c65652154106a9dee531aaeb30bf691b90b901c6b5b87ac5d0d706e2231ff9
device_0,1,1702,1.5,54.0675,0.1,drop,40.0,10.0,4.0,0.1949,-0.2421118012422359,0,1000,0fda9d716bd13007ac01236600d0fee8c405e6c364923bb3b534b6a07afbcc8d
device_0,1,1702,1.5,54.0675,0.1,late,40.0,10.0,4.0,0.1949,-0.2421118012422359,0,1000,2696dd77322aa8444af2a53b0e0d4ab922c9d162ee172ac7e55602d5b58b45ac
device_0,1,1702,2.0,72.09,0.01,drop,40.0,10.0,4.0,0.1949,-0.2421118012422359,0,100,04116a3ee3deddf62d5804a4d0af65cee7ba051be4ff4fed606399902cdcb389
device_0,1,1702,2.0,72.09,0.01,late,40.0,10.0,4.0,0.1949,-0.2421118012422359,0,100,e417077de94d4ec4ad712a24a2e00c5f558e5b1474988ba6fabf8429064039af
device_0,1,1702,2.0,72.09,0.05,drop,40.0,10.0,4.0,0.1949,-0.2421118012422359,0,500,4e324a0390890f1f0e398e9178df8beb9e537f35bf78b612deaada94a1ea3ae1
device_0,1,1702,2.0,72.09,0.05,late,40.0,10.0,4.0,0.1949,-0.2421118012422359,0,500,0801bda8462713448a5e8150fd69bb78aca9819eedb06fef5795675bd9aa7c14
device_0,1,1702,2.0,72.09,0.1,drop,40.0,10.0,4.0,0.1949,-0.2421118012422359,0,1000,6c6210e5ccc3b18ed5ed5d94ed9c8e07f9e7745c551cae6ccaddea1bb1085ba4
device_0,1,1702,2.0,72.09,0.1,late,40.0,10.0,4.0,0.1949,-0.2421118012422359,0,1000,0d66af512caa34bf2d394a44013b1cab2d7c0243963ebd67a359e1a95ce406ac
device_0,1,1703,1.5,54.0675,0.01,drop,40.0,10.0,4.0,0.2036,-0.25560368463642164,0,100,40f381108b602a9da71aa58c4dd226501c42e6bdc135607aec0e9220cc7184c3
device_0,1,1703,1.5,54.0675,0.01,late,40.0,10.0,4.0,0.2036,-0.25560368463642164,0,100,18f52bc4784191172e7e373d6561bcb67e15838fa04c9e5dc295b9285d2a486d
device_0,1,1703,1.5,54.0675,0.05,drop,40.0,10.0,4.0,0.2036,-0.25560368463642164,0,500,4aefa763bdafd6dd1d9dbcd63c734c31f7572ec77aa37700dbc7ad50fd8fc429
device_0,1,1703,1.5,54.0675,0.05,late,40.0,10.0,4.0,0.2036,-0.25560368463642164,0,500,e759aaac8ba90a8622330b023436e512233864b05d7fb7525006cd1c7991cb7b
device_0,1,1703,1.5,54.0675,0.1,drop,40.0,10.0,4.0,0.2036,-0.25560368463642164,0,1000,6914419050ae61d5ec1332b4c21c8c477a2ca0e6397c602c1044a061cdc36a8d
device_0,1,1703,1.5,54.0675,0.1,late,40.0,10.0,4.0,0.2036,-0.25560368463642164,0,1000,cb67102bd61c8f356094811d8818fe0aed837ff96d8c093c1ec704b95491c7bd
device_0,1,1703,2.0,72.09,0.01,drop,40.0,10.0,4.0,0.2036,-0.25560368463642164,0,100,59556a8dbd3c19410c925e707271cdb21a8ce22cdf06753114e7a15b5b276179
device_0,1,1703,2.0,72.09,0.01,late,40.0,10.0,4.0,0.2036,-0.25560368463642164,0,100,8659fc966a66520474e57c350ea3d41e022705e6d703e34ddff5b94c0ee17efd
device_0,1,1703,2.0,72.09,0.05,drop,40.0,10.0,4.0,0.2036,-0.25560368463642164,0,500,798ad20d3b1ce1dafba80a8e2028877bdc3923baec32eac3e70ea8ccc4fa7415
device_0,1,1703,2.0,72.09,0.05,late,40.0,10.0,4.0,0.2036,-0.25560368463642164,0,500,cb1d8b1716101d1bd79af053452d53b483a5865a1d8e6c7df7539536bda0673d
device_0,1,1703,2.0,72.09,0.1,drop,40.0,10.0,4.0,0.2036,-0.25560368463642164,0,1000,21064f9c84070eec158f36ed38e7ef1f6bfac7a06d4cf56a61f7c92fb652c409
device_0,1,1703,2.0,72.09,0.1,late,40.0,10.0,4.0,0.2036,-0.25560368463642164,0,1000,aa6fb9433fec7b926f375d1986f6d176ec80d9339b51fac255b558331dd2a1da
device_0,2,1701,1.5,54.0675,0.01,drop,40.0,10.0,4.0,0.2061,0.3802658375334607,0,100,230c5217cd1b5ea8aa28921a5a31c44815143eef144bd3f47f975920541874d9
device_0,2,1701,1.5,54.0675,0.01,late,40.0,10.0,4.0,0.2061,0.3802658375334607,0,100,3293ad63e48a0ae9bca5762652a3721845ce20f1655c3f3fe22bc9de5996984d
device_0,2,1701,1.5,54.0675,0.05,drop,40.0,10.0,4.0,0.2061,0.3802658375334607,0,500,27fe1fbd015d01def1476cf8c7733b7eca782dba698ac91ea3b0ae1175c15929
device_0,2,1701,1.5,54.0675,0.05,late,40.0,10.0,4.0,0.2061,0.3802658375334607,0,500,7d57da50cbf8325f493b9535abbe5c07e25e803e663962946316ccb47c20dd71
device_0,2,1701,1.5,54.0675,0.1,drop,40.0,10.0,4.0,0.2061,0.3802658375334607,0,1000,00c36302f78ef630796380b4f49f59c5696dea1cda168cffbc740e6c4718e757
device_0,2,1701,1.5,54.0675,0.1,late,40.0,10.0,4.0,0.2061,0.3802658375334607,0,1000,5ba69ae4f7fc3d614b67a14daf0a1a2cfefce4657f5d34499c3384873952b534
device_0,2,1701,2.0,72.09,0.01,drop,40.0,10.0,4.0,0.2061,0.3802658375334607,0,100,b0e4f0c39889cf45313e8ade7acc2f21e406bd048223f064dbac31664ff1353d
device_0,2,1701,2.0,72.09,0.01,late,40.0,10.0,4.0,0.2061,0.3802658375334607,0,100,fd6a5f55706f58bfd0b178d9ce9d362da53ce4d02609ae6b26a0a9aaf4f5c42a
device_0,2,1701,2.0,72.09,0.05,drop,40.0,10.0,4.0,0.2061,0.3802658375334607,0,500,1fe356110247f11d64b74815a9b1ccfea338458ebe54e9898b1cb357a71b3957
device_0,2,1701,2.0,72.09,0.05,late,40.0,10.0,4.0,0.2061,0.3802658375334607,0,500,58aa1e8b83848a3f9484d24138854eee3ef411f95962e20eee8429ae0750f87f
device_0,2,1701,2.0,72.09,0.1,drop,40.0,10.0,4.0,0.2061,0.3802658375334607,0,1000,503e7fe9db856d616bde3fc9f482dc8f7b1a366e20858f7e5b264e810ab964b4
device_0,2,1701,2.0,72.09,0.1,late,40.0,10.0,4.0,0.2061,0.3802658375334607,0,1000,abdb709aaee36101d26a26477831e902b7bc5083f5164eef6aff261467c58313
device_0,2,1702,1.5,54.0675,0.01,drop,40.0,10.0,4.0,0.2073,0.39387452605194295,0,100,28ba79e800ae44a461a0f875e947eca350ca24d17ce27b6d1239be4facb0f8b3
device_0,2,1702,1.5,54.0675,0.01,late,40.0,10.0,4.0,0.2073,0.39387452605194295,0,100,5b09bd7e5326e86f04d69c506bd5200acdd30cd5aec49dbee1f00bfad16e86b9
device_0,2,1702,1.5,54.0675,0.05,drop,40.0,10.0,4.0,0.2073,0.39387452605194295,0,500,738c8b4d054768c493dcf655de4912eeb2d066d53b6ec9f6faee8037b0401464
device_0,2,1702,1.5,54.0675,0.05,late,40.0,10.0,4.0,0.2073,0.39387452605194295,0,500,1405168078ace551ff27eb645de6ed4d688d58d30fb04d150f16202910f916c8
device_0,2,1702,1.5,54.0675,0.1,drop,40.0,10.0,4.0,0.2073,0.39387452605194295,0,1000,c389cdad6477350591abdae0adc27cd5d1869c7ea691530c57d9dc22c73b6eae
device_0,2,1702,1.5,54.0675,0.1,late,40.0,10.0,4.0,0.2073,0.39387452605194295,0,1000,58dac97d42c652dc02863cac772c860ed72a4ddfb8d32407911f67b7601ef17b
device_0,2,1702,2.0,72.09,0.01,drop,40.0,10.0,4.0,0.2073,0.39387452605194295,0,100,dafd4b1a3cacb0d797f717d95a3032129f76db806f9839eb20a4eb038745c35c
device_0,2,1702,2.0,72.09,0.01,late,40.0,10.0,4.0,0.2073,0.39387452605194295,0,100,be916edd98cc5d49368fa7f9c0d35da7baf10018a094c6ef4956dc8864ecbe46
device_0,2,1702,2.0,72.09,0.05,drop,40.0,10.0,4.0,0.2073,0.39387452605194295,0,500,22955d0fcaf87f8d1529599f2784f3803fce4e6b1be9fe0da9ffac4f1b71d4de
device_0,2,1702,2.0,72.09,0.05,late,40.0,10.0,4.0,0.2073,0.39387452605194295,0,500,e9cbc453dd21c0c9e8dd1f942dc88a7213f0a5a332510ae2e24a034613eea30a
device_0,2,1702,2.0,72.09,0.1,drop,40.0,10.0,4.0,0.2073,0.39387452605194295,0,1000,464daa770ca28a4f1a27bc3e2a23ea2a046cfd2cf185077346abc69feb905c7b
device_0,2,1702,2.0,72.09,0.1,late,40.0,10.0,4.0,0.2073,0.39387452605194295,0,1000,bbade781be3657e37756d9f4b419d3377c1139f289fe5f212c48a4a88ed71422
device_0,2,1703,1.5,54.0675,0.01,drop,40.0,10.0,4.0,0.1965,0.3900580928002546,0,100,9a595cb6cd734877805f71e4f154cc336253aab77dedd449b522ce34a4b63908
device_0,2,1703,1.5,54.0675,0.01,late,40.0,10.0,4.0,0.1965,0.3900580928002546,0,100,b7e1e8ab726285488456f47afcfc8b819636ab42cb966650fd0ea7c3d724c289
device_0,2,1703,1.5,54.0675,0.05,drop,40.0,10.0,4.0,0.1965,0.3900580928002546,0,500,8077fbccb76f8740c6cbab38da263760f30ae6a5976fa172b913561edb9c4654
device_0,2,1703,1.5,54.0675,0.05,late,40.0,10.0,4.0,0.1965,0.3900580928002546,0,500,95fca4db1346701d55bb79c1702c8ef131460c1e782dc417d5f4a131ef09706a
device_0,2,1703,1.5,54.0675,0.1,drop,40.0,10.0,4.0,0.1965,0.3900580928002546,0,1000,cf864a80860996baa04f190848b1fa1ec73118982e04bef753697223a0a0ccfb
device_0,2,1703,1.5,54.0675,0.1,late,40.0,10.0,4.0,0.1965,0.3900580928002546,0,1000,8b57be50476896bfdd420bd7250183b84f98851040dc4a5b90ea2ed88ddcf826
device_0,2,1703,2.0,72.09,0.01,drop,40.0,10.0,4.0,0.1965,0.3900580928002546,0,100,41306ac9af60d5c552b3ba5d354d77eed2993310fc08a48b57dce42ef9ebf8e3
device_0,2,1703,2.0,72.09,0.01,late,40.0,10.0,4.0,0.1965,0.3900580928002546,0,100,19d64fd076e3133ced11cc9aaf1b5edc9db019165b98d47e3bbf625443cb3c9e
device_0,2,1703,2.0,72.09,0.05,drop,40.0,10.0,4.0,0.1965,0.3900580928002546,0,500,816e56d0d6f209074b6773f6e91e1cb08f9ba08706d048adb20f47e73e34c07a
device_0,2,1703,2.0,72.09,0.05,late,40.0,10.0,4.0,0.1965,0.3900580928002546,0,500,fbf2559d0ddf1236326536e6d5713926c905bba564c6801561e7898ab1cfa816
device_0,2,1703,2.0,72.09,0.1,drop,40.0,10.0,4.0,0.1965,0.3900580928002546,0,1000,1d54991cdec37d3d66a0c73a71d5af5853c4f1b1204ed2e0b9b5daec68a6e82e
device_0,2,1703,2.0,72.09,0.1,late,40.0,10.0,4.0,0.1965,0.3900580928002546,0,1000,029c47c559222b33cae9207ab8fc9e212757e26e2feab3592989b4701010c6ac
device_0,5,1701,1.5,54.0675,0.01,drop,40.0,10.0,4.0,0.196,0.7394474346423828,0,100,5d1cbc4bb9e5d4ecbad30c8569ba2d4a386ce35037bffb8fa4f4e88e201734f5
device_0,5,1701,1.5,54.0675,0.01,late,40.0,10.0,4.0,0.196,0.7394474346423828,0,100,ad4225d7018e58cfb7c266a04ba8d189661b7baeca452a4e129fb09b2c796ff5
device_0,5,1701,1.5,54.0675,0.05,drop,40.0,10.0,4.0,0.196,0.7394474346423828,0,500,7162a4253055f26b53a5737493fc2b4e68fe5848ded35dd7b8c024cf78a74193
device_0,5,1701,1.5,54.0675,0.05,late,40.0,10.0,4.0,0.196,0.7394474346423828,0,500,fdfc7814a9a6d6ab2a52a057f4b1d8270e5aaf51f6917dac6d317ee90a4a9d53
device_0,5,1701,1.5,54.0675,0.1,drop,40.0,10.0,4.0,0.196,0.7394474346423828,0,1000,d5f0caa8a9ab416bd8d035016c766125001c794033fc32658c10debffaaf6e31
device_0,5,1701,1.5,54.0675,0.1,late,40.0,10.0,4.0,0.196,0.7394474346423828,0,1000,57ae37577e7e56c9d4712b314557937eda2caea6e2e31a6815660a5ba3cccc50
device_0,5,1701,2.0,72.09,0.01,drop,40.0,10.0,4.0,0.196,0.7394474346423828,0,100,34cd6590361ebf0133cbd2efec71be611c2d1eaae0354cb96d23ceb08e1117cd
device_0,5,1701,2.0,72.09,0.01,late,40.0,10.0,4.0,0.196,0.7394474346423828,0,100,413b9b8c665c3532342f444cb58e081c4932b73dd10614bc8c98a2700bce23cc
device_0,5,1701,2.0,72.09,0.05,drop,40.0,10.0,4.0,0.196,0.7394474346423828,0,500,da974b533b239fc1f2a2b2eb055046251822da5a9e9ca9bcd0fcac6606364709
device_0,5,1701,2.0,72.09,0.05,late,40.0,10.0,4.0,0.196,0.7394474346423828,0,500,c286479d0047fbe88b5e5be1406e5bcd73579d556ae6a592401b8dbaa18831a3
device_0,5,1701,2.0,72.09,0.1,drop,40.0,10.0,4.0,0.196,0.7394474346423828,0,1000,ed5530dd0b295e538f5ebe56d9f19383e491aad910e24e6397c523dee2f59e7b
device_0,5,1701,2.0,72.09,0.1,late,40.0,10.0,4.0,0.196,0.7394474346423828,0,1000,fa9d1f9de9b07531fc4056a5714de96a869e4b26f36b7b88608132e01ac5f8a9
device_0,5,1702,1.5,54.0675,0.01,drop,40.0,10.0,4.0,0.2081,0.7524122495851582,0,100,28b0e452fd9e5153207111e0c62054832dcc4119f457a678b1ddd6b9b07bbb8c
device_0,5,1702,1.5,54.0675,0.01,late,40.0,10.0,4.0,0.2081,0.7524122495851582,0,100,c7bbd24329535e9c3684e4890e4a539c60aa296f160412ff3718753d26f4f7d0
device_0,5,1702,1.5,54.0675,0.05,drop,40.0,10.0,4.0,0.2081,0.7524122495851582,0,500,521dcff081bc9370c3fc8f6aeaea24c245da2e0f70823c46de3ff99cbf61ac57
device_0,5,1702,1.5,54.0675,0.05,late,40.0,10.0,4.0,0.2081,0.7524122495851582,0,500,de059836430b7b1fca679cc184e84d4d78f7bdd1586737715b4dd21230e50117
device_0,5,1702,1.5,54.0675,0.1,drop,40.0,10.0,4.0,0.2081,0.7524122495851582,0,1000,37f1bb0ccd85509f11e9629247fa5773dd0af1754e91794481a075e499c84ebe
device_0,5,1702,1.5,54.0675,0.1,late,40.0,10.0,4.0,0.2081,0.7524122495851582,0,1000,aa039285baea895f334a0e7eaed8101b386b2d88ca136677fb9a00e24cbe34da
device_0,5,1702,2.0,72.09,0.01,drop,40.0,10.0,4.0,0.2081,0.7524122495851582,0,100,ac572d4bf00ae089f8213cc567140ad448f9241cc3b3c9b18dc8f0ae763a0846
device_0,5,1702,2.0,72.09,0.01,late,40.0,10.0,4.0,0.2081,0.7524122495851582,0,100,9855456ca17ec35a1e687af02400f03147b57249364f0fc530a8f6b898af07a0
device_0,5,1702,2.0,72.09,0.05,drop,40.0,10.0,4.0,0.2081,0.7524122495851582,0,500,e8fde84e7fc8e83a9eec15bb0a3e3c26449195376fad9a7546e379dd9c351454
device_0,5,1702,2.0,72.09,0.05,late,40.0,10.0,4.0,0.2081,0.7524122495851582,0,500,e9c6f40c96e76e64709b106f4a11136607007101f6032e6b4474e07b6b9f648a
device_0,5,1702,2.0,72.09,0.1,drop,40.0,10.0,4.0,0.2081,0.7524122495851582,0,1000,5208ff9b530f719101d84f8a29d6a85d165814ee9ed62507bd729ce1203d69b1
device_0,5,1702,2.0,72.09,0.1,late,40.0,10.0,4.0,0.2081,0.7524122495851582,0,1000,286a5554333e9a8262db70a15ef45fee118a156cf360e65619cf99f1ce3b9d60
device_0,5,1703,1.5,54.0675,0.01,drop,40.0,10.0,4.0,0.1984,0.7616854360775162,0,100,b8f33a3463f43d95c8513a833d0089e713beda26ec01fdbd2d5014794ac224d0
device_0,5,1703,1.5,54.0675,0.01,late,40.0,10.0,4.0,0.1984,0.7616854360775162,0,100,2582969086fff23f82860121a07a836b942e701d87cb1bfcd6857178472d430e
device_0,5,1703,1.5,54.0675,0.05,drop,40.0,10.0,4.0,0.1984,0.7616854360775162,0,500,68eb867fcb95b3300edc10e2b86f1b418b4901df2138e133c67656f963cad223
device_0,5,1703,1.5,54.0675,0.05,late,40.0,10.0,4.0,0.1984,0.7616854360775162,0,500,d2f97e1b74044d94b622b0ff5979b7f4e474e495c42cda88107c0e863dc15323
device_0,5,1703,1.5,54.0675,0.1,drop,40.0,10.0,4.0,0.1984,0.7616854360775162,0,1000,432b943966807b3fb69487bcb3ce675a9f6a170191a72fbd9c404c59d76b0a6c
device_0,5,1703,1.5,54.0675,0.1,late,40.0,10.0,4.0,0.1984,0.7616854360775162,0,1000,ec28f363cd820293f114a1e2ff053991239146156931d9e8e116f5af7433246b
device_0,5,1703,2.0,72.09,0.01,drop,40.0,10.0,4.0,0.1984,0.7616854360775162,0,100,6262fea03f0ddfaf58981d8c4a6915f3df490932d94092370e5629ef67a3d8a3
device_0,5,1703,2.0,72.09,0.01,late,40.0,10.0,4.0,0.1984,0.7616854360775162,0,100,f6067fcf2e2ec26082351e937ddf11b970d82887a77d52d11cadefcce08f84aa
device_0,5,1703,2.0,72.09,0.05,drop,40.0,10.0,4.0,0.1984,0.7616854360775162,0,500,a8e8ca5fcf4fe4a3be56bc443e1bf8c0dff448748b2769ec98c30b1c2e884e97
device_0,5,1703,2.0,72.09,0.05,late,40.0,10.0,4.0,0.1984,0.7616854360775162,0,500,5be9585ec2044c939c844b5fa02bfc9a541b837cfdbd01716ff0a90cebfa06ed
device_0,5,1703,2.0,72.09,0.1,drop,40.0,10.0,4.0,0.1984,0.7616854360775162,0,1000,6729e922ca9643c53bdcba9cd299824a4c64b6ad945218d53d951ae8c7b4b9a5
device_0,5,1703,2.0,72.09,0.1,late,40.0,10.0,4.0,0.1984,0.7616854360775162,0,1000,d49238db91087c2524292ac4109aeb55662c894b4bc8970b3c08496990597877
device_0,10,1701,1.5,54.0675,0.01,drop,40.0,10.0,4.0,0.204,0.8777335146591664,0,100,f29e81ac5ce707a219931c8b893a0044e0db6ebdbf87ef28b4f02c13473bce38
device_0,10,1701,1.5,54.0675,0.01,late,40.0,10.0,4.0,0.204,0.8777335146591664,0,100,49b760a3bf718c36ccf974936db51b4c7549dfa5c2425fecb66f0588cc2fb83f
device_0,10,1701,1.5,54.0675,0.05,drop,40.0,10.0,4.0,0.204,0.8777335146591664,0,500,7ddc16398d7a412bc008f8440b3ff15e412d82319bf75241dfd52067e5d6710f
device_0,10,1701,1.5,54.0675,0.05,late,40.0,10.0,4.0,0.204,0.8777335146591664,0,500,ec0a5bdffbcd799bf71e910a65fca59d858829df2dd9e0ae5c7b600752876f54
device_0,10,1701,1.5,54.0675,0.1,drop,40.0,10.0,4.0,0.204,0.8777335146591664,0,1000,d2d7f0a6f1b28018e46148d45117a7ea72e8c6b1b4619c7f26654979f7ef9d42
device_0,10,1701,1.5,54.0675,0.1,late,40.0,10.0,4.0,0.204,0.8777335146591664,0,1000,b08b882240122e4c79323b0db50b194ece1d20d02eafec140baa37c13d9e42a1
device_0,10,1701,2.0,72.09,0.01,drop,40.0,10.0,4.0,0.204,0.8777335146591664,0,100,7b7481ae0f1297ad30402b47eaf75b77c949cedfbebe20204dcd203f85fe000e
device_0,10,1701,2.0,72.09,0.01,late,40.0,10.0,4.0,0.204,0.8777335146591664,0,100,9c523a170ce13021ff6e7677709891ee2e51b1ab4525ae5beee73df76ef65544
device_0,10,1701,2.0,72.09,0.05,drop,40.0,10.0,4.0,0.204,0.8777335146591664,0,500,bb948591ac331d26a3aab8ad883be1ac779340d1fd73e4fee23657ba3f9229d4
device_0,10,1701,2.0,72.09,0.05,late,40.0,10.0,4.0,0.204,0.8777335146591664,0,500,becbf988404ecf79d7238125222032ed49d2ba448583fdd51f88266b93b5b3ea
device_0,10,1701,2.0,72.09,0.1,drop,40.0,10.0,4.0,0.204,0.8777335146591664,0,1000,b9fbc3133b8d54ed5edd60c57c64add155ecc48412c9a21790056c884ccf677e
device_0,10,1701,2.0,72.09,0.1,late,40.0,10.0,4.0,0.204,0.8777335146591664,0,1000,315af1e56f2dcc3d6d67ac7232f133b62863719a8f491d2012dee004ecb48965
device_0,10,1702,1.5,54.0675,0.01,drop,40.0,10.0,4.0,0.2006,0.8830505917727561,0,100,9dc52857840b5af30816a590bcfcb6bc5d40900c0890b94c95ec65e0d59045e1
device_0,10,1702,1.5,54.0675,0.01,late,40.0,10.0,4.0,0.2006,0.8830505917727561,0,100,9ba5b99e13d075adbbb4086bef51abeb6530227467f8d7cb60a3b90d7891be5f
device_0,10,1702,1.5,54.0675,0.05,drop,40.0,10.0,4.0,0.2006,0.8830505917727561,0,500,c7e1b1e5492322307a92e4f4abde1886b17be320b87e04773de3dcd56aa26466
device_0,10,1702,1.5,54.0675,0.05,late,40.0,10.0,4.0,0.2006,0.8830505917727561,0,500,afafc357ff56680ecf6161c8e2d3299c215dfc632d1bbef7535a67c26ceb5691
device_0,10,1702,1.5,54.0675,0.1,drop,40.0,10.0,4.0,0.2006,0.8830505917727561,0,1000,0dbca14d1df8b5e94518ca82fbceb9a2a07e58f65cbc98fe011a5546ce19f23f
device_0,10,1702,1.5,54.0675,0.1,late,40.0,10.0,4.0,0.2006,0.8830505917727561,0,1000,26ee5979a90c539944e3e8aea7b544f07627cd6f27d1b5c2387f6cc27e717510
device_0,10,1702,2.0,72.09,0.01,drop,40.0,10.0,4.0,0.2006,0.8830505917727561,0,100,1b3811656deb5967a534123287a0ff8f81d3204fe5a5368b8f8d35f5ceaf9033
device_0,10,1702,2.0,72.09,0.01,late,40.0,10.0,4.0,0.2006,0.8830505917727561,0,100,35279e3d011576c03fccd353985861f7d189984c74e5dce839c2876b5dfcce8d
device_0,10,1702,2.0,72.09,0.05,drop,40.0,10.0,4.0,0.2006,0.8830505917727561,0,500,f6b3a2ed3da0f314ed8947f14be799820d6e77e259a653c05376ec24df83e629
device_0,10,1702,2.0,72.09,0.05,late,40.0,10.0,4.0,0.2006,0.8830505917727561,0,500,5b930a7230002c8aef03cd447e861f586188f9be30346353d4fede2fb253d4f5
device_0,10,1702,2.0,72.09,0.1,drop,40.0,10.0,4.0,0.2006,0.8830505917727561,0,1000,721abfca2c60c2873d3aba8a17ce1c7e80015a788242552a1f58c2fe33a9eaea
device_0,10,1702,2.0,72.09,0.1,late,40.0,10.0,4.0,0.2006,0.8830505917727561,0,1000,653ab18da53bb7a9a7cd9f6a6aceef24e792a2d1fe72d0a673695760afb452bb
device_0,10,1703,1.5,54.0675,0.01,drop,40.0,10.0,4.0,0.2011,0.8786216993316927,0,100,7f4e5dcaeccb6476f14da9f8f407caa103ea30b83d5c2ef7094544567325ce8f
device_0,10,1703,1.5,54.0675,0.01,late,40.0,10.0,4.0,0.2011,0.8786216993316927,0,100,da7fd3146ac2e4a956eb09367d647e0c10fcf53e601427e9569d55ae4e2d3dba
device_0,10,1703,1.5,54.0675,0.05,drop,40.0,10.0,4.0,0.2011,0.8786216993316927,0,500,c6a472313501d59e5bd4a4c76a5b8d3d8beadecd89cc34f8352a3ead1e79bef7
device_0,10,1703,1.5,54.0675,0.05,late,40.0,10.0,4.0,0.2011,0.8786216993316927,0,500,037e611a1e32885483401d073f2fb466367dc26c5e59ac98d020f8f74f7d92da
device_0,10,1703,1.5,54.0675,0.1,drop,40.0,10.0,4.0,0.2011,0.8786216993316927,0,1000,2b6c3e9ac4385be8213b24f02c09565dd4b03be22904ac02863cb59021860399
device_0,10,1703,1.5,54.0675,0.1,late,40.0,10.0,4.0,0.2011,0.8786216993316927,0,1000,84bdebff3ebc6d6adca826716e294bb2b951a27f96a7ddb1e6933811bc24b7af
device_0,10,1703,2.0,72.09,0.01,drop,40.0,10.0,4.0,0.2011,0.8786216993316927,0,100,27bd9b904616315ce8660666089e486cb75175cbc92ced90b0cf0d4ab1e00fe8
device_0,10,1703,2.0,72.09,0.01,late,40.0,10.0,4.0,0.2011,0.8786216993316927,0,100,acacb206bd5a0998cda057c296e9993ca0e6e021dc23e4d3f5dd39ad59d1edda
device_0,10,1703,2.0,72.09,0.05,drop,40.0,10.0,4.0,0.2011,0.8786216993316927,0,500,a36bf8d824a7d9e92ff26e6dc8e73cdca143152a384e5398860154bc331645b8
device_0,10,1703,2.0,72.09,0.05,late,40.0,10.0,4.0,0.2011,0.8786216993316927,0,500,b134df7188a19a64baec83f51025b29c789ead126346bdc5c2d6a50db2c51c84
device_0,10,1703,2.0,72.09,0.1,drop,40.0,10.0,4.0,0.2011,0.8786216993316927,0,1000,cee8be20a9b13ee735cfe7f3d94becdaadc07578ec021686fb468ab62c2ee3a0
device_0,10,1703,2.0,72.09,0.1,late,40.0,10.0,4.0,0.2011,0.8786216993316927,0,1000,d1382a64179dfb1613206940eea47e996d8cf5475de777a76ad8426769aff8dc
device_0,20,1701,1.5,54.0675,0.01,drop,40.0,10.0,4.0,0.1905,0.9302741661829513,0,100,f99f08d5d9b0102e5e7f2eb6f00bdb4dce552b2992a170a186affad05d948ef2
device_0,20,1701,1.5,54.0675,0.01,late,40.0,10.0,4.0,0.1905,0.9302741661829513,0,100,05780a4d711debecd8974297e14dcf74d88badbeeb0bf1dcede1ca6ee167443e
device_0,20,1701,1.5,54.0675,0.05,drop,40.0,10.0,4.0,0.1905,0.9302741661829513,0,500,bc733f8d930273253a52a63c317f8e5d89886fd0790e04a61f2301b583fd93a5
device_0,20,1701,1.5,54.0675,0.05,late,40.0,10.0,4.0,0.1905,0.9302741661829513,0,500,5b520b97d69865750d0b0907c801022bf5690e6250345dc19d249771287db27f
device_0,20,1701,1.5,54.0675,0.1,drop,40.0,10.0,4.0,0.1905,0.9302741661829513,0,1000,8ee2119bab0b8d1a480a13d90ae53c1df2d6bfdd35c5b094dcfbc5977a18df5e
device_0,20,1701,1.5,54.0675,0.1,late,40.0,10.0,4.0,0.1905,0.9302741661829513,0,1000,a0d2209d277e08b2ba7d13ad437d7092fb9130b2031525c997d0623e54a45930
device_0,20,1701,2.0,72.09,0.01,drop,40.0,10.0,4.0,0.1905,0.9302741661829513,0,100,97672233d8d55646ff4061971b754df9d8e6bb8ed31fc2a6debdd2e2e9af4705
device_0,20,1701,2.0,72.09,0.01,late,40.0,10.0,4.0,0.1905,0.9302741661829513,0,100,61525cea927bb6e52443dcbd4e90a465e2b8bd136624bfc63c37fb34045dd9bd
device_0,20,1701,2.0,72.09,0.05,drop,40.0,10.0,4.0,0.1905,0.9302741661829513,0,500,4200f63c6219eb73ac85607d4310498f9ec16ee5c45d64fc897de59895881c43
device_0,20,1701,2.0,72.09,0.05,late,40.0,10.0,4.0,0.1905,0.9302741661829513,0,500,c4a2441778f11dd813e8960a8e066929c639fbd0926d3ce3e9f9e2f9f294d7f2
device_0,20,1701,2.0,72.09,0.1,drop,40.0,10.0,4.0,0.1905,0.9302741661829513,0,1000,16c40e001298853185be656e1f008c2515c501dfacced962e3b4a4cfa1e9f7fd
device_0,20,1701,2.0,72.09,0.1,late,40.0,10.0,4.0,0.1905,0.9302741661829513,0,1000,8886f74dfbc4f2615ef6884da17aeaf0bee7534526e0b1dc3524f8d47e9afbcc
device_0,20,1702,1.5,54.0675,0.01,drop,40.0,10.0,4.0,0.1925,0.9318065041225804,0,100,63b1d4604f9df211aa88152ee64d1e8e65fe7eeeb4bd46d68d84603cefceef8e
device_0,20,1702,1.5,54.0675,0.01,late,40.0,10.0,4.0,0.1925,0.9318065041225804,0,100,015ba656ebc7572551f35fa2c98d4c4a147a35edca73f957ef9c7492a4d3fbdc
device_0,20,1702,1.5,54.0675,0.05,drop,40.0,10.0,4.0,0.1925,0.9318065041225804,0,500,ab1c33e3af2b0c1a4b71877a3f833539e1f9c49683479e7efb0542d69e0f8d63
device_0,20,1702,1.5,54.0675,0.05,late,40.0,10.0,4.0,0.1925,0.9318065041225804,0,500,1aa0ace2aeb803085ec0ef15a3cd63eb6dd849b73029ed45ce4e88f1e0a0e5e6
device_0,20,1702,1.5,54.0675,0.1,drop,40.0,10.0,4.0,0.1925,0.9318065041225804,0,1000,0e1fcc0c64ee26acddd8dd9b21ecaf9e405b87e568580c6366f83a6584c5ec64
device_0,20,1702,1.5,54.0675,0.1,late,40.0,10.0,4.0,0.1925,0.9318065041225804,0,1000,90c2a913b39c50b467978f152b998ad5f6cb7e729a397e98299772eae184e328
device_0,20,1702,2.0,72.09,0.01,drop,40.0,10.0,4.0,0.1925,0.9318065041225804,0,100,3289422e927718cd76e9b0895a72616fcd3cdd70c7c89417dfe11ad84e37b79d
device_0,20,1702,2.0,72.09,0.01,late,40.0,10.0,4.0,0.1925,0.9318065041225804,0,100,cac3b04df9813f4f6e2458b37c2606a07ed49b63a9f8ad5a2beac390dc4ed5ed
device_0,20,1702,2.0,72.09,0.05,drop,40.0,10.0,4.0,0.1925,0.9318065041225804,0,500,fc067c1695cf5eec1f3bf74d446a83b5c911170773f4a0aa3485989679d7023d
device_0,20,1702,2.0,72.09,0.05,late,40.0,10.0,4.0,0.1925,0.9318065041225804,0,500,4cae1c0f4d3e622f2b2df6ef5861b87974f96807ad6615f1af9f1d82d0c45617
device_0,20,1702,2.0,72.09,0.1,drop,40.0,10.0,4.0,0.1925,0.9318065041225804,0,1000,e5c2eca204dc08b705b134f8a092b6c84017454dd910dc4bc5f0b6d96b1fd11f
device_0,20,1702,2.0,72.09,0.1,late,40.0,10.0,4.0,0.1925,0.9318065041225804,0,1000,2ccc5725d151bf5126e4d2b3d2d83b756e11c0109b6dad913b82c7adb92a312b
device_0,20,1703,1.5,54.0675,0.01,drop,40.0,10.0,4.0,0.2045,0.9342249105953369,0,100,02f3f8b49c348f4c316b15ecb37a90cb2f890c93e0fb71f17ba5e189804961ff
device_0,20,1703,1.5,54.0675,0.01,late,40.0,10.0,4.0,0.2045,0.9342249105953369,0,100,357b8b1ec6c5c8f94f62768afefe044b005b95b94a9185e3e2936976477fba6b
device_0,20,1703,1.5,54.0675,0.05,drop,40.0,10.0,4.0,0.2045,0.9342249105953369,0,500,0820557e3cf93c21cf8924ff32bb1d56616d3d16cbaf3dd99a2c3b4679c64559
device_0,20,1703,1.5,54.0675,0.05,late,40.0,10.0,4.0,0.2045,0.9342249105953369,0,500,dccb1e640e73f4e92df4362dcd52b19fbda213dad31e563faf88337b1d12f1dc
device_0,20,1703,1.5,54.0675,0.1,drop,40.0,10.0,4.0,0.2045,0.9342249105953369,0,1000,e30e5c3e27b8cea2e7ba8c6de88e89c835d977a5ab71e51e11e9268d2b8467da
device_0,20,1703,1.5,54.0675,0.1,late,40.0,10.0,4.0,0.2045,0.9342249105953369,0,1000,4f96bff43343fa9f35763c170bf2b96c06928b350f487990047c0ab88cf38289
device_0,20,1703,2.0,72.09,0.01,drop,40.0,10.0,4.0,0.2045,0.9342249105953369,0,100,4214233596c8db4fb036b0e0e833487fbfc2b5670eea123faf77074614bc6d90
device_0,20,1703,2.0,72.09,0.01,late,40.0,10.0,4.0,0.2045,0.9342249105953369,0,100,b094b8dab9f7cb4c9de026bb51fcdbfcea564511abdc6f18190ca0654ce87d84
device_0,20,1703,2.0,72.09,0.05,drop,40.0,10.0,4.0,0.2045,0.9342249105953369,0,500,2261b1e6065b0c0fbb6ee301bef9bb0a22495667ff2f7390443872289e21134e
device_0,20,1703,2.0,72.09,0.05,late,40.0,10.0,4.0,0.2045,0.9342249105953369,0,500,a0fc9a0e4997dc1fd629453844bea1d71ecb38ed85809abf0960ab5a75b75878
device_0,20,1703,2.0,72.09,0.1,drop,40.0,10.0,4.0,0.2045,0.9342249105953369,0,1000,5b7e4d8395c96b4cd3f63b88607fe3ec8ee8b8e80d0b79dea629b7626b343b77
device_0,20,1703,2.0,72.09,0.1,late,40.0,10.0,4.0,0.2045,0.9342249105953369,0,1000,0b1951f6091132ca9a4fa7c3895daef86ed71f5fc0ef0f3a74c767b990ffb196
device_0,50,1701,1.5,54.0675,0.01,drop,40.0,10.0,4.0,0.191,0.9786428987979923,0,100,e344b78b9c2a35cab75d7deb3da1c30e1937ca4a202129b321e4b169b294cb0b
device_0,50,1701,1.5,54.0675,0.01,late,40.0,10.0,4.0,0.191,0.9786428987979923,0,100,bd85978632653a569735c65f7a3e448ef5a5f7988c4687571250c5f4759a4682
device_0,50,1701,1.5,54.0675,0.05,drop,40.0,10.0,4.0,0.191,0.9786428987979923,0,500,be58865943a2f7e21609ab42d227765b1d7f03a02fef982c8a4135c7773b1e35
device_0,50,1701,1.5,54.0675,0.05,late,40.0,10.0,4.0,0.191,0.9786428987979923,0,500,8b025bac682555f5971e6a674010c9af5da3b205fcbd9a4a83a71fd5ab29aca7
device_0,50,1701,1.5,54.0675,0.1,drop,40.0,10.0,4.0,0.191,0.9786428987979923,0,1000,31d3e8f3a86fdb1c3d1d36beb2e5340a84d7d9bf444cdd7ababdf5b9e09b85bc
device_0,50,1701,1.5,54.0675,0.1,late,40.0,10.0,4.0,0.191,0.9786428987979923,0,1000,179debeba9de10a0d8d6ec099c51ea4274e807981ec1d5644a3a0f419bb8675d
device_0,50,1701,2.0,72.09,0.01,drop,40.0,10.0,4.0,0.191,0.9786428987979923,0,100,ea2afed8a6d2598568e029ab8dcc36c263a8dc70be0d826954fd8033ac9ce518
device_0,50,1701,2.0,72.09,0.01,late,40.0,10.0,4.0,0.191,0.9786428987979923,0,100,e1df9827a86ae1cf32978e16db4d7a7fc39e426ac8a86b2b943b260a1e77bb02
device_0,50,1701,2.0,72.09,0.05,drop,40.0,10.0,4.0,0.191,0.9786428987979923,0,500,fdca8849ebab43bf1bebb6c462fc3789473a28375cc0bf60bbdcf5ae2a432698
device_0,50,1701,2.0,72.09,0.05,late,40.0,10.0,4.0,0.191,0.9786428987979923,0,500,a1532017893e46d1763032f559ba93641f30c8d083681442850b37c0179ab347
device_0,50,1701,2.0,72.09,0.1,drop,40.0,10.0,4.0,0.191,0.9786428987979923,0,1000,aa4ea4853a5a15c3a89846321ad0b8701aabdcbee8b25e8e059c38336f405f6b
device_0,50,1701,2.0,72.09,0.1,late,40.0,10.0,4.0,0.191,0.9786428987979923,0,1000,1c203698eec2d11de199f8b096dde6bf58a7ebe845e00b63fcf3d8a9740a5a77
device_0,50,1702,1.5,54.0675,0.01,drop,40.0,10.0,4.0,0.2035,0.9743912924194525,0,100,b5a2e84f3d1c3f2dc53117fd04343fbf6cb6a711f70bc127739e6a504f6509d9
device_0,50,1702,1.5,54.0675,0.01,late,40.0,10.0,4.0,0.2035,0.9743912924194525,0,100,5b78b56d1f9608226dceecc47dd998ecb17ac63efa30d840f32841d68c3c941c
device_0,50,1702,1.5,54.0675,0.05,drop,40.0,10.0,4.0,0.2035,0.9743912924194525,0,500,51deb79113743d507b083c27fe86f303e261d051108688c58cd7c0411212df94
device_0,50,1702,1.5,54.0675,0.05,late,40.0,10.0,4.0,0.2035,0.9743912924194525,0,500,10b186996a4ff92418b85146331da6841ceb4d26d514e0a6f21715ecec723a7b
device_0,50,1702,1.5,54.0675,0.1,drop,40.0,10.0,4.0,0.2035,0.9743912924194525,0,1000,a56d25f6cb625d3a5690ccb41730eae033a9416b214fbd0325daf32b3df28f3a
device_0,50,1702,1.5,54.0675,0.1,late,40.0,10.0,4.0,0.2035,0.9743912924194525,0,1000,a49c71a591cd3abc5f8e6e075f277901b259b6a1dab2a8ddfc72e56ad5438708
device_0,50,1702,2.0,72.09,0.01,drop,40.0,10.0,4.0,0.2035,0.9743912924194525,0,100,c2c44682182a94c10bfdc6a8b51c7c7c7ec20d5dc6f8748613361af142d1a231
device_0,50,1702,2.0,72.09,0.01,late,40.0,10.0,4.0,0.2035,0.9743912924194525,0,100,1826d189ba3daefb9307a9c881910a060300446eff816239b8cfad6c406dab4e
device_0,50,1702,2.0,72.09,0.05,drop,40.0,10.0,4.0,0.2035,0.9743912924194525,0,500,461db80f8a2b84b0f2b8adee402925b1832b9eb105cb8ab6b2fb7b10a1e5fbbd
device_0,50,1702,2.0,72.09,0.05,late,40.0,10.0,4.0,0.2035,0.9743912924194525,0,500,362b5e6f68be1883ee6dbe885cb61e8769ccc079334a10b0dcdc8e048f83f3e1
device_0,50,1702,2.0,72.09,0.1,drop,40.0,10.0,4.0,0.2035,0.9743912924194525,0,1000,c3b27ad50c683ec351f39e3f8fd221f4c6e9afb19360bac98e235c1ff39e052a
device_0,50,1702,2.0,72.09,0.1,late,40.0,10.0,4.0,0.2035,0.9743912924194525,0,1000,c591bbc3859ab494d809ce1f61869ca840df3225c38efb99b999664a6df70a76
device_0,50,1703,1.5,54.0675,0.01,drop,40.0,10.0,4.0,0.1928,0.9701145259868031,0,100,71691c982ab5ed721184898b279c9137e7daf4cdface170c8b2ccb0eb70de638
device_0,50,1703,1.5,54.0675,0.01,late,40.0,10.0,4.0,0.1928,0.9701145259868031,0,100,dca28842b8fba16c14c6a6e8d3020d67e7b15e7aa9156039fc9a61f60274e1ef
device_0,50,1703,1.5,54.0675,0.05,drop,40.0,10.0,4.0,0.1928,0.9701145259868031,0,500,c90a13597ec82441cf7b96b1168c17d0089c84acaa32eb34aecddcaa510adffa
device_0,50,1703,1.5,54.0675,0.05,late,40.0,10.0,4.0,0.1928,0.9701145259868031,0,500,d035cede3747bc65fe386b4803ea1b2707419f409e881880e0530c61c037e021
device_0,50,1703,1.5,54.0675,0.1,drop,40.0,10.0,4.0,0.1928,0.9701145259868031,0,1000,dcd5bed4f9e63e4e0e1d6ae8295c35070cf6e5b9228b0d65e3ddc3e8f4d469ba
device_0,50,1703,1.5,54.0675,0.1,late,40.0,10.0,4.0,0.1928,0.9701145259868031,0,1000,6d787f16db91e321dbccc2f2fbbf17d66fe9170b3176145a0c317bc83b2a0440
device_0,50,1703,2.0,72.09,0.01,drop,40.0,10.0,4.0,0.1928,0.9701145259868031,0,100,c3f6b5051be5fb8be16c42c6d7ce50ca4274c8e7313a9a5c96fc301784e0556f
device_0,50,1703,2.0,72.09,0.01,late,40.0,10.0,4.0,0.1928,0.9701145259868031,0,100,35cf0055ff78357d2cf15d61573fe841c539692dc50b0a6a69b730a26ce9a6b7
device_0,50,1703,2.0,72.09,0.05,drop,40.0,10.0,4.0,0.1928,0.9701145259868031,0,500,6f050beb6317cfdfcc06e8682ead4b2d82012af609909983a668af72874b5d48
device_0,50,1703,2.0,72.09,0.05,late,40.0,10.0,4.0,0.1928,0.9701145259868031,0,500,feb0e6311eb4a886068de35029783f1001e5de5f76347542f7aa49048a230c7c
device_0,50,1703,2.0,72.09,0.1,drop,40.0,10.0,4.0,0.1928,0.9701145259868031,0,1000,9741ffdc5e8c16dd2776db1cc7a49e40b40d220c248f0fa19d2485ec8e8b7e5d
device_0,50,1703,2.0,72.09,0.1,late,40.0,10.0,4.0,0.1928,0.9701145259868031,0,1000,47097a921e0f4ec63768d55c2ade20f32055cb273057a24f6b248a0e93841edd
