N,channel_sync,rho,deadline_ratio,epsilon,skip_mode,device,device_index,policy,mean_energy_j_mean,mean_energy_j_std,violation_rate_mean,violation_rate_std,max_violation_run_mean,max_violation_run_std,burst_count_ge2_mean,burst_count_ge2_std,violation_run_count_mean,violation_run_count_std,violation_state_bad_share_mean,violation_state_bad_share_std,boost_use_rate_mean,boost_use_rate_std,allocation_mean_mean,allocation_mean_std,allocation_max_mean,allocation_max_std,allocation_nonzero_rate_mean,allocation_nonzero_rate_std
2,common,0.0,1.35,0.15,drop,device_0,0,I1,0.0852425035586167,0.0005193214357653882,0.00405,0.0003535533905932739,1.0,0.0,0.0,0.0,40.5,3.5355339059327378,1.0,0.0,0.0731,0.003394112549695427,0.497975,0.00017677669529661742,0.5,0.0,0.99595,0.00035355339059323483
2,common,0.0,1.35,0.15,drop,device_0,0,I2,0.04451260092004092,0.00020264172387682335,0.15,0.0,4.5,0.7071067811865476,187.0,0.0,1280.5,4.949747468305833,1.0,0.0,0.0,0.0,0.425,0.0,0.5,0.0,0.85,0.0
2,common,0.0,1.35,0.15,drop,device_0,0,J1,0.07787709316904959,0.00013761808699022267,0.00405,0.0003535533905932739,1.0,0.0,0.0,0.0,40.5,3.5355339059327378,1.0,0.0,0.049049999999999996,0.0016263455967290641,0.358056,0.0003811305550595966,0.705,0.0,0.99595,0.00035355339059323483
2,common,0.0,1.35,0.15,drop,device_0,0,J2,0.04283352297624497,0.000738075526543446,0.1493,0.0009899494936611458,4.0,0.0,190.5,3.5355339059327378,1272.0,11.313708498984761,0.9502018842530282,0.07042517066999258,0.0019,0.002687005768508881,0.30105475000000004,0.006534020211554262,0.8525,0.20859650045003159,0.8507,0.0009899494936612145
2,common,0.0,1.35,0.15,drop,device_1,1,I1,0.0852425035586167,0.0005193214357653882,0.00405,0.0003535533905932739,1.0,0.0,0.0,0.0,40.5,3.5355339059327378,1.0,0.0,0.0731,0.003394112549695427,0.497975,0.00017677669529661742,0.5,0.0,0.99595,0.00035355339059323483
2,common,0.0,1.35,0.15,drop,device_1,1,I2,0.04451260092004092,0.00020264172387682335,0.15,0.0,4.5,0.7071067811865476,187.0,0.0,1280.5,4.949747468305833,1.0,0.0,0.0,0.0,0.425,0.0,0.5,0.0,0.85,0.0
2,common,0.0,1.35,0.15,drop,device_1,1,J1,0.07819644888184768,0.0001276643767925665,0.00405,0.0003535533905932739,1.0,0.0,0.0,0.0,40.5,3.5355339059327378,1.0,0.0,0.05025,0.0003535533905932741,0.35781074999999996,0.00016510943340699829,0.705,0.0,0.99595,0.00035355339059323483
2,common,0.0,1.35,0.15,drop,device_1,1,J2,0.04290714150059692,0.0008526759601123176,0.15,0.0,4.5,0.7071067811865476,197.0,7.0710678118654755,1264.0,4.242640687119285,0.9456666666666667,0.07683893688893818,0.00215,0.0030405591591021546,0.30112675,0.006194608956584772,0.8525,0.2085965004500315,0.85,0.0
2,common,0.0,1.35,0.15,late,device_0,0,I1,0.08598876138728297,0.0005851957620294442,0.00405,0.0003535533905932739,1.0,0.0,0.0,0.0,40.5,3.5355339059327378,1.0,0.0,0.0731,0.003394112549695427,0.497975,0.00017677669529661742,0.5,0.0,0.99595,0.00035355339059323483
2,common,0.0,1.35,0.15,late,device_0,0,I2,0.06275549992144366,1.8906298306332586e-05,0.15,0.0,5.0,0.0,196.5,3.5355339059327378,1271.0,11.313708498984761,0.6546666666666667,0.028284271247461808,0.0,0.0,0.425,0.0,0.5,0.0,0.85,0.0
2,common,0.0,1.35,0.15,late,device_0,0,J1,0.07862335099771585,0.00020349241325426387,0.00405,0.0003535533905932739,1.0,0.0,0.0,0.0,40.5,3.5355339059327378,1.0,0.0,0.049049999999999996,0.0016263455967290641,0.358056,0.0003811305550595966,0.705,0.0,0.99595,0.00035355339059323483
2,common,0.0,1.35,0.15,late,device_0,0,J2,0.05903238069233621,9.438347404898311e-06,0.11915,0.0004949747468305729,4.0,0.0,129.0,7.0710678118654755,1043.5,6.363961030678928,0.6038720538720539,0.005475911100097865,0.0,0.0,0.32945175000000004,0.0004939140866588165,1.0,0.0,0.8808499999999999,0.000494974746830568
2,common,0.0,1.35,0.15,late,device_1,1,I1,0.08598876138728297,0.0005851957620294442,0.00405,0.0003535533905932739,1.0,0.0,0.0,0.0,40.5,3.5355339059327378,1.0,0.0,0.0731,0.003394112549695427,0.497975,0.00017677669529661742,0.5,0.0,0.99595,0.00035355339059323483
2,common,0.0,1.35,0.15,late,device_1,1,I2,0.06275549992144366,1.8906298306332586e-05,0.15,0.0,5.0,0.0,196.5,3.5355339059327378,1271.0,11.313708498984761,0.6546666666666667,0.028284271247461808,0.0,0.0,0.425,0.0,0.5,0.0,0.85,0.0
2,common,0.0,1.35,0.15,late,device_1,1,J1,0.07894270671051395,6.179005052851551e-05,0.00405,0.0003535533905932739,1.0,0.0,0.0,0.0,40.5,3.5355339059327378,1.0,0.0,0.05025,0.0003535533905932741,0.35781074999999996,0.00016510943340699829,0.705,0.0,0.99595,0.00035355339059323483
2,common,0.0,1.35,0.15,late,device_1,1,J2,0.061076086867660334,4.6541130827668544e-05,0.15,0.0,5.0,0.0,199.0,9.899494936611665,1269.5,14.849242404917497,0.6306666666666667,0.025455844122715617,0.00405,0.0003535533905932739,0.30485125,3.7123106012242554e-05,1.0,0.0,0.85,0.0
2,common,0.975,1.35,0.15,drop,device_0,0,I1,0.08402764684242514,3.2498182494477544e-05,0.0034,0.0,1.5,0.7071067811865476,0.5,0.7071067811865476,33.5,0.7071067811865476,1.0,0.0,0.07185,0.0006363961030678865,0.4983,0.0,0.5,0.0,0.9966,0.0
2,common,0.975,1.35,0.15,drop,device_0,0,I2,0.04346831000006117,0.0001820454356145817,0.15,0.0,25.0,2.8284271247461903,288.5,9.192388155425117,389.0,14.142135623730951,1.0,0.0,0.0,0.0,0.425,0.0,0.5,0.0,0.85,0.0
2,common,0.975,1.35,0.15,drop,device_0,0,J1,0.07739605280833223,7.355009281340219e-05,0.0034,0.0,1.5,0.7071067811865476,0.5,0.7071067811865476,33.5,0.7071067811865476,1.0,0.0,0.05035,0.0006363961030678914,0.3573845,0.0003436538956566525,0.705,0.0,0.9966,0.0
2,common,0.975,1.35,0.15,drop,device_0,0,J2,0.04123351100067854,4.125099610119773e-05,0.15,0.0,26.5,0.7071067811865476,291.0,8.48528137423857,391.0,14.142135623730951,1.0,0.0,0.0034,0.0,0.30454800000000004,0.0005402295808265327,0.9975,0.0035355339059327017,0.85,0.0
2,common,0.975,1.35,0.15,drop,device_1,1,I1,0.08402764684242514,3.2498182494477544e-05,0.0034,0.0,1.5,0.7071067811865476,0.5,0.7071067811865476,33.5,0.7071067811865476,1.0,0.0,0.07185,0.0006363961030678865,0.4983,0.0,0.5,0.0,0.9966,0.0
2,common,0.975,1.35,0.15,drop,device_1,1,I2,0.04346831000006117,0.0001820454356145817,0.15,0.0,25.0,2.8284271247461903,288.5,9.192388155425117,389.0,14.142135623730951,1.0,0.0,0.0,0.0,0.425,0.0,0.5,0.0,0.85,0.0
2,common,0.975,1.35,0.15,drop,device_1,1,J1,0.07747378488252274,0.00014559741876230594,0.0034,0.0,1.5,0.7071067811865476,0.5,0.7071067811865476,33.5,0.7071067811865476,1.0,0.0,0.05105,0.00021213203435596788,0.35722475,4.631549416769649e-05,0.705,0.0,0.9966,0.0
2,common,0.975,1.35,0.15,drop,device_1,1,J2,0.04246366386476856,0.00014482707508273407,0.14905000000000002,0.0004949747468305974,14.5,2.1213203435596424,308.0,2.8284271247461903,612.5,16.263455967290593,0.8933285259396699,0.002492213236127897,0.0,0.0,0.29543325,9.581296885076507e-05,0.705,0.0,0.85095,0.0004949747468305288
2,common,0.975,1.35,0.15,late,device_0,0,I1,0.0846537400614907,2.9676677156457614e-05,0.0034,0.0,1.5,0.7071067811865476,0.5,0.7071067811865476,33.5,0.7071067811865476,1.0,0.0,0.07185,0.0006363961030678865,0.4983,0.0,0.5,0.0,0.9966,0.0
2,common,0.975,1.35,0.15,late,device_0,0,I2,0.06166920529910952,0.0001409950538164465,0.15,0.0,10.0,2.8284271247461903,280.0,14.142135623730951,999.0,4.242640687119285,0.6373333333333333,0.0028284271247461927,0.0,0.0,0.425,0.0,0.5,0.0,0.85,0.0
2,common,0.975,1.35,0.15,late,device_0,0,J1,0.07802214602739779,7.072858747536754e-05,0.0034,0.0,1.5,0.7071067811865476,0.5,0.7071067811865476,33.5,0.7071067811865476,1.0,0.0,0.05035,0.0006363961030678914,0.3573845,0.0003436538956566525,0.705,0.0,0.9966,0.0
2,common,0.975,1.35,0.15,late,device_0,0,J2,0.0590974175452179,0.0014402322687378768,0.1325,0.024748737341529152,8.5,3.5355339059327378,239.0,59.39696961966999,931.0,124.45079348883236,0.6388695652173912,0.032342449296010746,0.0017,0.0024041630560342614,0.31701275,0.018532208074727607,1.0,0.0,0.8674999999999999,0.024748737341529145
2,common,0.975,1.35,0.15,late,device_1,1,I1,0.0846537400614907,2.9676677156457614e-05,0.0034,0.0,1.5,0.7071067811865476,0.5,0.7071067811865476,33.5,0.7071067811865476,1.0,0.0,0.07185,0.0006363961030678865,0.4983,0.0,0.5,0.0,0.9966,0.0
2,common,0.975,1.35,0.15,late,device_1,1,I2,0.06166920529910952,0.0001409950538164465,0.15,0.0,10.0,2.8284271247461903,280.0,14.142135623730951,999.0,4.242640687119285,0.6373333333333333,0.0028284271247461927,0.0,0.0,0.425,0.0,0.5,0.0,0.85,0.0
2,common,0.975,1.35,0.15,late,device_1,1,J1,0.0780998781015883,0.00014277591342424676,0.0034,0.0,1.5,0.7071067811865476,0.5,0.7071067811865476,33.5,0.7071067811865476,1.0,0.0,0.05105,0.00021213203435596788,0.35722475,4.631549416769649e-05,0.705,0.0,0.9966,0.0
2,common,0.975,1.35,0.15,late,device_1,1,J2,0.05919999056135054,0.001600561864778948,0.1345,0.021920310216782982,9.5,3.5355339059327378,223.5,54.44722215136416,971.5,72.8319984622144,0.6143613445378151,0.010802690152917202,0.0017,0.0024041630560342614,0.315649,0.018217899110490217,0.995,0.007071067811865481,0.8654999999999999,0.02192031021678303
2,independent,0.0,1.35,0.15,drop,device_0,0,I1,0.0852425035586167,0.0005193214357653882,0.00405,0.0003535533905932739,1.0,0.0,0.0,0.0,40.5,3.5355339059327378,1.0,0.0,0.0731,0.003394112549695427,0.497975,0.00017677669529661742,0.5,0.0,0.99595,0.00035355339059323483
2,independent,0.0,1.35,0.15,drop,device_0,0,I2,0.04451260092004092,0.00020264172387682335,0.15,0.0,4.5,0.7071067811865476,187.0,0.0,1280.5,4.949747468305833,1.0,0.0,0.0,0.0,0.425,0.0,0.5,0.0,0.85,0.0
2,independent,0.0,1.35,0.15,drop,device_0,0,J1,0.07082606404236022,9.212886979776177e-05,0.00405,0.0003535533905932739,1.0,0.0,0.0,0.0,40.5,3.5355339059327378,1.0,0.0,0.02165,0.0003535533905932741,0.36955875,0.00020612162671587866,0.865,0.12727922061357852,0.99595,0.00035355339059323483
2,independent,0.0,1.35,0.15,drop,device_0,0,J2,0.041086100127783576,0.0005733837198386947,0.14550000000000002,0.001697056274847694,4.5,0.7071067811865476,183.5,3.5355339059327378,1242.0,15.556349186104045,0.9868499929849623,0.01570486599117606,0.0,0.0,0.30538725,0.0017949905640419913,1.0,0.0,0.8545,0.0016970562748478018
2,independent,0.0,1.35,0.15,drop,device_1,1,I1,0.08512368851885398,0.0011160677425491733,0.00385,0.0007778174593052025,1.5,0.7071067811865476,0.5,0.7071067811865476,38.0,7.0710678118654755,1.0,0.0,0.07289999999999999,0.0016970562748477088,0.49807500000000005,0.0003889087296525779,0.5,0.0,0.9961500000000001,0.0007778174593051558
2,independent,0.0,1.35,0.15,drop,device_1,1,I2,0.04439102138365307,0.0008456879116682973,0.15,0.0,4.5,0.7071067811865476,194.5,12.020815280171307,1280.5,12.020815280171307,1.0,0.0,0.0,0.0,0.425,0.0,0.5,0.0,0.85,0.0
2,independent,0.0,1.35,0.15,drop,device_1,1,J1,0.07140136895337296,0.0003868394485874791,0.00385,0.0007778174593052025,1.5,0.7071067811865476,0.5,0.7071067811865476,38.0,7.0710678118654755,1.0,0.0,0.0232,0.0009899494936611692,0.36806324999999995,0.002099753586733443,0.935,0.03535533905932737,0.9961500000000001,0.0007778174593051558
2,independent,0.0,1.35,0.15,drop,device_1,1,J2,0.04093358001134384,0.0011298664949965231,0.1492,0.0011313708498984691,4.5,0.7071067811865476,185.5,12.020815280171307,1285.0,26.870057685088806,0.9959784366576819,3.0495171156301224e-05,0.00185,0.002616295090390226,0.30292474999999996,0.002024093161146505,0.9924999999999999,0.010606601717798262,0.8508,0.0011313708498985084
2,independent,0.0,1.35,0.15,late,device_0,0,I1,0.08598876138728297,0.0005851957620294442,0.00405,0.0003535533905932739,1.0,0.0,0.0,0.0,40.5,3.5355339059327378,1.0,0.0,0.0731,0.003394112549695427,0.497975,0.00017677669529661742,0.5,0.0,0.99595,0.00035355339059323483
2,independent,0.0,1.35,0.15,late,device_0,0,I2,0.06275549992144366,1.8906298306332586e-05,0.15,0.0,5.0,0.0,196.5,3.5355339059327378,1271.0,11.313708498984761,0.6546666666666667,0.028284271247461808,0.0,0.0,0.425,0.0,0.5,0.0,0.85,0.0
2,independent,0.0,1.35,0.15,late,device_0,0,J1,0.0715723218710265,2.625454353369114e-05,0.00405,0.0003535533905932739,1.0,0.0,0.0,0.0,40.5,3.5355339059327378,1.0,0.0,0.02165,0.0003535533905932741,0.36955875,0.00020612162671587866,0.865,0.12727922061357852,0.99595,0.00035355339059323483
2,independent,0.0,1.35,0.15,late,device_0,0,J2,0.05770190776806649,0.00011156115290949538,0.14965,0.00021213203435597035,4.5,0.7071067811865476,190.0,8.48528137423857,1274.0,12.727922061357855,0.7654477988488553,0.006947581217868537,0.0,0.0,0.31268675,0.0005738171529329174,1.0,0.0,0.8503499999999999,0.00021213203435605866
2,independent,0.0,1.35,0.15,late,device_1,1,I1,0.08583394776070419,0.001257848683487108,0.00385,0.0007778174593052025,1.5,0.7071067811865476,0.5,0.7071067811865476,38.0,7.0710678118654755,1.0,0.0,0.07289999999999999,0.0016970562748477088,0.49807500000000005,0.0003889087296525779,0.5,0.0,0.9961500000000001,0.0007778174593051558
2,independent,0.0,1.35,0.15,late,device_1,1,I2,0.0626463274650281,0.0009784843436748316,0.15,0.0,4.5,0.7071067811865476,194.0,7.0710678118654755,1267.0,15.556349186104045,0.654,0.019798989873223347,0.0,0.0,0.425,0.0,0.5,0.0,0.85,0.0
2,independent,0.0,1.35,0.15,late,device_1,1,J1,0.0721116281952232,0.0005286203895254237,0.00385,0.0007778174593052025,1.5,0.7071067811865476,0.5,0.7071067811865476,38.0,7.0710678118654755,1.0,0.0,0.0232,0.0009899494936611692,0.36806324999999995,0.002099753586733443,0.935,0.03535533905932737,0.9961500000000001,0.0007778174593051558
2,independent,0.0,1.35,0.15,late,device_1,1,J2,0.05848589693022262,0.0008874713936626003,0.15,0.0,4.5,0.7071067811865476,189.0,2.8284271247461903,1269.5,0.7071067811865476,0.739,0.0014142135623730963,0.00385,0.0007778174593052025,0.31090975,0.0022404678361895103,0.995,0.007071067811865481,0.85,0.0
2,independent,0.975,1.35,0.15,drop,device_0,0,I1,0.08402764684242514,3.2498182494477544e-05,0.0034,0.0,1.5,0.7071067811865476,0.5,0.7071067811865476,33.5,0.7071067811865476,1.0,0.0,0.07185,0.0006363961030678865,0.4983,0.0,0.5,0.0,0.9966,0.0
2,independent,0.975,1.35,0.15,drop,device_0,0,I2,0.04346831000006117,0.0001820454356145817,0.15,0.0,25.0,2.8284271247461903,288.5,9.192388155425117,389.0,14.142135623730951,1.0,0.0,0.0,0.0,0.425,0.0,0.5,0.0,0.85,0.0
2,independent,0.975,1.35,0.15,drop,device_0,0,J1,0.07063714072998836,0.00015824024657289204,0.0034,0.0,1.5,0.7071067811865476,0.5,0.7071067811865476,33.5,0.7071067811865476,1.0,0.0,0.0242,0.0018384776310850222,0.36821750000000003,0.0003443610024378594,0.835,0.08485281374238574,0.9966,0.0
2,independent,0.975,1.35,0.15,drop,device_0,0,J2,0.03952309590017396,0.00021114752376824442,0.15,0.0,26.0,1.4142135623730951,289.0,8.48528137423857,395.5,9.192388155425117,0.9976666666666667,0.0014142135623730963,0.0006000000000000001,0.0007071067811865475,0.30257599999999996,0.000596091016540267,0.9924999999999999,0.010606601717798262,0.85,0.0
2,independent,0.975,1.35,0.15,drop,device_1,1,I1,0.08286454182597805,0.0003046848734158857,0.0031000000000000003,0.00014142135623730972,1.5,0.7071067811865476,0.5,0.7071067811865476,30.5,0.7071067811865476,1.0,0.0,0.06635,0.0010606601717798223,0.49845,7.071067811864696e-05,0.5,0.0,0.9969,0.00014142135623729392
2,independent,0.975,1.35,0.15,drop,device_1,1,I2,0.04354857603363679,0.0005600083839947845,0.15,0.0,26.0,1.4142135623730951,286.0,15.556349186104045,376.5,27.577164466275352,1.0,0.0,0.0,0.0,0.425,0.0,0.5,0.0,0.85,0.0
2,independent,0.975,1.35,0.15,drop,device_1,1,J1,0.07015350147748628,0.00044890614716992615,0.0031000000000000003,0.00014142135623730972,1.5,0.7071067811865476,0.5,0.7071067811865476,30.5,0.7071067811865476,1.0,0.0,0.0218,0.0007071067811865482,0.36803975,0.0011154609473217854,0.8875,0.04596194077712567,0.9969,0.00014142135623729392
2,independent,0.975,1.35,0.15,drop,device_1,1,J2,0.03954085489295524,0.000356448627333207,0.15,0.0,21.5,7.7781745930520225,289.0,18.384776310850235,389.0,35.35533905932738,0.9956666666666667,0.0032998316455372114,0.0005,0.0007071067811865475,0.302949,0.0010260119395017252,0.995,0.0,0.85,0.0
2,independent,0.975,1.35,0.15,late,device_0,0,I1,0.0846537400614907,2.9676677156457614e-05,0.0034,0.0,1.5,0.7071067811865476,0.5,0.7071067811865476,33.5,0.7071067811865476,1.0,0.0,0.07185,0.0006363961030678865,0.4983,0.0,0.5,0.0,0.9966,0.0
2,independent,0.975,1.35,0.15,late,device_0,0,I2,0.06166920529910952,0.0001409950538164465,0.15,0.0,10.0,2.8284271247461903,280.0,14.142135623730951,999.0,4.242640687119285,0.6373333333333333,0.0028284271247461927,0.0,0.0,0.425,0.0,0.5,0.0,0.85,0.0
2,independent,0.975,1.35,0.15,late,device_0,0,J1,0.07126323394905396,0.00015541874123484758,0.0034,0.0,1.5,0.7071067811865476,0.5,0.7071067811865476,33.5,0.7071067811865476,1.0,0.0,0.0242,0.0018384776310850222,0.36821750000000003,0.0003443610024378594,0.835,0.08485281374238574,0.9966,0.0
2,independent,0.975,1.35,0.15,late,device_0,0,J2,0.057173545275627236,0.0007139832209160078,0.15,0.0,14.5,2.1213203435596424,284.0,2.8284271247461903,823.0,9.899494936611665,0.7703333333333333,0.008956685895029558,0.0017499999999999998,0.0023334523779156065,0.311211,0.0008096372644585627,0.9975,0.0035355339059327017,0.85,0.0
2,independent,0.975,1.35,0.15,late,device_1,1,I1,0.08343542008196828,0.0003304595951598891,0.0031000000000000003,0.00014142135623730972,1.5,0.7071067811865476,0.5,0.7071067811865476,30.5,0.7071067811865476,1.0,0.0,0.06635,0.0010606601717798223,0.49845,7.071067811864696e-05,0.5,0.0,0.9969,0.00014142135623729392
2,independent,0.975,1.35,0.15,late,device_1,1,I2,0.06135075084920422,0.0005135332685714605,0.15,0.0,9.0,1.4142135623730951,262.5,3.5355339059327378,1045.5,12.020815280171307,0.6100000000000001,0.02074179891480535,0.0,0.0,0.425,0.0,0.5,0.0,0.85,0.0
2,independent,0.975,1.35,0.15,late,device_1,1,J1,0.0707243797334765,0.0004746808689139639,0.0031000000000000003,0.00014142135623730972,1.5,0.7071067811865476,0.5,0.7071067811865476,30.5,0.7071067811865476,1.0,0.0,0.0218,0.0007071067811865482,0.36803975,0.0011154609473217854,0.8875,0.04596194077712567,0.9969,0.00014142135623729392
2,independent,0.975,1.35,0.15,late,device_1,1,J2,0.05678490611684095,1.1479659291677954e-05,0.14995,7.071067811864696e-05,10.0,0.0,302.0,5.656854249492381,824.0,21.213203435596427,0.7629210584834334,0.000359764357428202,0.0015,0.0021213203435596424,0.31135324999999997,0.0014965915023813035,0.995,0.007071067811865481,0.85005,7.071067811864696e-05
4,common,0.0,1.35,0.15,drop,device_0,0,I1,0.06987010485994094,7.314809776874828e-05,0.0,0.0,0.0,0.0,0.0,0.0,0.0,0.0,,,0.01795,0.001202081528017131,0.25,0.0,0.25,0.0,1.0,0.0
4,common,0.0,1.35,0.15,drop,device_0,0,I2,0.0407475443926989,0.0002236744392815723,0.15,0.0,4.5,0.7071067811865476,187.0,0.0,1280.5,4.949747468305833,1.0,0.0,0.0,0.0,0.2125,0.0,0.25,0.0,0.85,0.0
4,common,0.0,1.35,0.15,drop,device_0,0,J1,0.06597183440285684,1.1595674487168113e-06,0.0,0.0,0.0,0.0,0.0,0.0,0.0,0.0,,,0.0089,0.0004242640687119284,0.19737,0.0001435426765808753,0.4625,0.0035355339059327407,1.0,0.0
4,common,0.0,1.35,0.15,drop,device_0,0,J2,0.03868456836991073,0.002206697946615449,0.15,0.0,4.5,0.7071067811865476,194.5,10.606601717798213,1271.0,8.48528137423857,0.9339999999999999,0.09333809511662432,0.0,0.0,0.17616975,0.007811762165158404,0.7525,0.08838834764831845,0.85,0.0
4,common,0.0,1.35,0.15,drop,device_1,1,I1,0.06987010485994094,7.314809776874828e-05,0.0,0.0,0.0,0.0,0.0,0.0,0.0,0.0,,,0.01795,0.001202081528017131,0.25,0.0,0.25,0.0,1.0,0.0
4,common,0.0,1.35,0.15,drop,device_1,1,I2,0.0407475443926989,0.0002236744392815723,0.15,0.0,4.5,0.7071067811865476,187.0,0.0,1280.5,4.949747468305833,1.0,0.0,0.0,0.0,0.2125,0.0,0.25,0.0,0.85,0.0
4,common,0.0,1.35,0.15,drop,device_1,1,J1,0.06605245346555258,0.00011840537484959338,0.0,0.0,0.0,0.0,0.0,0.0,0.0,0.0,,,0.0091,0.0011313708498984765,0.197376,0.0001491995308303439,0.4575,0.010606601717798222,1.0,0.0
4,common,0.0,1.35,0.15,drop,device_1,1,J2,0.03829791882378343,0.002103424745712041,0.15,0.0,5.0,0.0,192.0,7.0710678118654755,1271.5,7.7781745930520225,0.9430000000000001,0.08061017305526637,0.0,0.0,0.17312875,0.00045643742725590185,0.68,0.18384776310850237,0.85,0.0
4,common,0.0,1.35,0.15,drop,device_2,2,I1,0.06987010485994094,7.314809776874828e-05,0.0,0.0,0.0,0.0,0.0,0.0,0.0,0.0,,,0.01795,0.001202081528017131,0.25,0.0,0.25,0.0,1.0,0.0
4,common,0.0,1.35,0.15,drop,device_2,2,I2,0.0407475443926989,0.0002236744392815723,0.15,0.0,4.5,0.7071067811865476,187.0,0.0,1280.5,4.949747468305833,1.0,0.0,0.0,0.0,0.2125,0.0,0.25,0.0,0.85,0.0
4,common,0.0,1.35,0.15,drop,device_2,2,J1,0.06625113069600527,0.00010971892452175792,0.0,0.0,0.0,0.0,0.0,0.0,0.0,0.0,,,0.00945,0.00021213203435596482,0.19729925,0.00040976837969761176,0.46,0.007071067811865481,1.0,0.0
4,common,0.0,1.35,0.15,drop,device_2,2,J2,0.03884231047451228,0.0020822443525136056,0.15,0.0,4.5,0.7071067811865476,199.0,16.97056274847714,1270.0,19.79898987322333,0.9336666666666666,0.09380949963741533,0.0,0.0,0.17706525,0.009120616817134669,0.8,0.021213203435596406,0.85,0.0
4,common,0.0,1.35,0.15,drop,device_3,3,I1,0.06987010485994094,7.314809776874828e-05,0.0,0.0,0.0,0.0,0.0,0.0,0.0,0.0,,,0.01795,0.001202081528017131,0.25,0.0,0.25,0.0,1.0,0.0
4,common,0.0,1.35,0.15,drop,device_3,3,I2,0.0407475443926989,0.0002236744392815723,0.15,0.0,4.5,0.7071067811865476,187.0,0.0,1280.5,4.949747468305833,1.0,0.0,0.0,0.0,0.2125,0.0,0.25,0.0,0.85,0.0
4,common,0.0,1.35,0.15,drop,device_3,3,J1,0.06595163548015917,4.431212327866115e-05,0.0,0.0,0.0,0.0,0.0,0.0,0.0,0.0,,,0.0089,0.0,0.19761175,0.00011773327906756996,0.4575,0.0035355339059327407,1.0,0.0
4,common,0.0,1.35,0.15,drop,device_3,3,J2,0.038411669235703466,0.0018950104606857126,0.15,0.0,4.5,0.7071067811865476,191.5,6.363961030678928,1273.5,14.849242404917497,0.9456666666666667,0.07683893688893818,0.0,0.0,0.17260575,0.0010638421522951354,0.6825,0.18738329701443504,0.85,0.0
4,common,0.0,1.35,0.15,late,device_0,0,I1,0.06987010485994094,7.314809776874828e-05,0.0,0.0,0.0,0.0,0.0,0.0,0.0,0.0,,,0.01795,0.001202081528017131,0.25,0.0,0.25,0.0,1.0,0.0
4,common,0.0,1.35,0.15,late,device_0,0,I2,0.05758297197505179,4.945559290820393e-05,0.15,0.0,4.5,0.7071067811865476,192.5,2.1213203435596424,1270.0,4.242640687119285,0.7216666666666667,0.02027039439401433,0.0,0.0,0.2125,0.0,0.25,0.0,0.85,0.0
4,common,0.0,1.35,0.15,late,device_0,0,J1,0.06597183440285684,1.1595674487168113e-06,0.0,0.0,0.0,0.0,0.0,0.0,0.0,0.0,,,0.0089,0.0004242640687119284,0.19737,0.0001435426765808753,0.4625,0.0035355339059327407,1.0,0.0
4,common,0.0,1.35,0.15,late,device_0,0,J2,0.05558687098260243,9.934050970658641e-05,0.13285,0.022556706319850853,4.5,0.7071067811865476,149.5,43.1335136523794,1162.0,173.9482681718907,0.9768145161290323,0.03278922574050524,0.0,0.0,0.17493675000000003,0.012900102562576787,0.665,0.47376154339498683,0.86715,0.022556706319850895
4,common,0.0,1.35,0.15,late,device_1,1,I1,0.06987010485994094,7.314809776874828e-05,0.0,0.0,0.0,0.0,0.0,0.0,0.0,0.0,,,0.01795,0.001202081528017131,0.25,0.0,0.25,0.0,1.0,0.0
4,common,0.0,1.35,0.15,late,device_1,1,I2,0.05758297197505179,4.945559290820393e-05,0.15,0.0,4.5,0.7071067811865476,192.5,2.1213203435596424,1270.0,4.242640687119285,0.7216666666666667,0.02027039439401433,0.0,0.0,0.2125,0.0,0.25,0.0,0.85,0.0
4,common,0.0,1.35,0.15,late,device_1,1,J1,0.06605245346555258,0.00011840537484959338,0.0,0.0,0.0,0.0,0.0,0.0,0.0,0.0,,,0.0091,0.0011313708498984765,0.197376,0.0001491995308303439,0.4575,0.010606601717798222,1.0,0.0
4,common,0.0,1.35,0.15,late,device_1,1,J2,0.056442987123814646,0.0013100715675754197,0.14155,0.011950104602052642,4.0,0.0,172.5,30.405591591021544,1218.5,77.07463914933368,0.868,0.18667619023324855,0.0,0.0,0.17868024999999998,0.009071826449232837,0.75,0.3535533905932738,0.8584499999999999,0.011950104602052633
4,common,0.0,1.35,0.15,late,device_2,2,I1,0.06987010485994094,7.314809776874828e-05,0.0,0.0,0.0,0.0,0.0,0.0,0.0,0.0,,,0.01795,0.001202081528017131,0.25,0.0,0.25,0.0,1.0,0.0
4,common,0.0,1.35,0.15,late,device_2,2,I2,0.05758297197505179,4.945559290820393e-05,0.15,0.0,4.5,0.7071067811865476,192.5,2.1213203435596424,1270.0,4.242640687119285,0.7216666666666667,0.02027039439401433,0.0,0.0,0.2125,0.0,0.25,0.0,0.85,0.0
4,common,0.0,1.35,0.15,late,device_2,2,J1,0.06625113069600527,0.00010971892452175792,0.0,0.0,0.0,0.0,0.0,0.0,0.0,0.0,,,0.00945,0.00021213203435596482,0.19729925,0.00040976837969761176,0.46,0.007071067811865481,1.0,0.0
4,common,0.0,1.35,0.15,late,device_2,2,J2,0.05558687098260243,9.934050970658641e-05,0.14125,0.010960155108391467,4.5,0.7071067811865476,164.5,30.405591591021544,1229.0,77.78174593052023,0.9751677852348993,0.035118054904566785,0.0,0.0,0.16893675,0.00412985715552005,0.41500000000000004,0.12020815280171304,0.85875,0.010960155108391536
4,common,0.0,1.35,0.15,late,device_3,3,I1,0.06987010485994094,7.314809776874828e-05,0.0,0.0,0.0,0.0,0.0,0.0,0.0,0.0,,,0.01795,0.001202081528017131,0.25,0.0,0.25,0.0,1.0,0.0
4,common,0.0,1.35,0.15,late,device_3,3,I2,0.05758297197505179,4.945559290820393e-05,0.15,0.0,4.5,0.7071067811865476,192.5,2.1213203435596424,1270.0,4.242640687119285,0.7216666666666667,0.02027039439401433,0.0,0.0,0.2125,0.0,0.25,0.0,0.85,0.0
4,common,0.0,1.35,0.15,late,device_3,3,J1,0.06595163548015917,4.431212327866115e-05,0.0,0.0,0.0,0.0,0.0,0.0,0.0,0.0,,,0.0089,0.0,0.19761175,0.00011773327906756996,0.4575,0.0035355339059327407,1.0,0.0
4,common,0.0,1.35,0.15,late,device_3,3,J2,0.05651963485871263,0.0012197868143801554,0.1333,0.023617366491630692,5.0,0.0,152.0,55.154328932550705,1153.5,160.51323932934628,0.8536666666666667,0.2069465846272629,0.0,0.0,0.18484775,0.001512147851567423,0.9975,0.0035355339059327017,0.8667,0.023617366491630636
4,common,0.975,1.35,0.15,drop,device_0,0,I1,0.0693154621810016,4.896208168034287e-05,0.0,0.0,0.0,0.0,0.0,0.0,0.0,0.0,,,0.019,0.0009899494936611655,0.25,0.0,0.25,0.0,1.0,0.0
4,common,0.975,1.35,0.15,drop,device_0,0,I2,0.03996843211957206,0.00016297057352882298,0.15,0.0,25.0,2.8284271247461903,288.5,9.192388155425117,389.0,14.142135623730951,1.0,0.0,0.0,0.0,0.2125,0.0,0.25,0.0,0.85,0.0
4,common,0.975,1.35,0.15,drop,device_0,0,J1,0.06523330069321909,0.0001426222526571634,0.0,0.0,0.0,0.0,0.0,0.0,0.0,0.0,,,0.009399999999999999,0.00014142135623730926,0.19717200000000001,9.545941546019107e-05,0.465,0.0,1.0,0.0
4,common,0.975,1.35,0.15,drop,device_0,0,J2,0.0374850400348217,0.0017317019418657213,0.15,0.0,22.0,7.0710678118654755,294.5,17.67766952966369,490.0,156.97770542341354,0.9470000000000001,0.07495331880577398,0.0,0.0,0.171472,0.001665236469694346,0.6825,0.18738329701443504,0.85,0.0
4,common,0.975,1.35,0.15,drop,device_1,1,I1,0.0693154621810016,4.896208168034287e-05,0.0,0.0,0.0,0.0,0.0,0.0,0.0,0.0,,,0.019,0.0009899494936611655,0.25,0.0,0.25,0.0,1.0,0.0
4,common,0.975,1.35,0.15,drop,device_1,1,I2,0.03996843211957206,0.00016297057352882298,0.15,0.0,25.0,2.8284271247461903,288.5,9.192388155425117,389.0,14.142135623730951,1.0,0.0,0.0,0.0,0.2125,0.0,0.25,0.0,0.85,0.0
4,common,0.975,1.35,0.15,drop,device_1,1,J1,0.06549576189091384,0.00017336731284704174,0.0,0.0,0.0,0.0,0.0,0.0,0.0,0.0,,,0.0098,0.0012727922061357851,0.19701200000000002,3.959797974647645e-05,0.46,0.007071067811865481,1.0,0.0
4,common,0.975,1.35,0.15,drop,device_1,1,J2,0.0394811057189932,0.00012001136058978824,0.15,0.0,13.0,0.0,301.0,5.656854249492381,671.0,0.0,0.8606666666666667,0.006599663291074463,0.0,0.0,0.1791355,0.0011469271990845887,0.6575,0.03181980515339463,0.85,0.0
4,common,0.975,1.35,0.15,drop,device_2,2,I1,0.0693154621810016,4.896208168034287e-05,0.0,0.0,0.0,0.0,0.0,0.0,0.0,0.0,,,0.019,0.0009899494936611655,0.25,0.0,0.25,0.0,1.0,0.0
4,common,0.975,1.35,0.15,drop,device_2,2,I2,0.03996843211957206,0.00016297057352882298,0.15,0.0,25.0,2.8284271247461903,288.5,9.192388155425117,389.0,14.142135623730951,1.0,0.0,0.0,0.0,0.2125,0.0,0.25,0.0,0.85,0.0
4,common,0.975,1.35,0.15,drop,device_2,2,J1,0.06521385098237464,1.7229792888138118e-05,0.0,0.0,0.0,0.0,0.0,0.0,0.0,0.0,,,0.00895,0.001202081528017131,0.197131,0.0006498311319104296,0.465,0.0,1.0,0.0
4,common,0.975,1.35,0.15,drop,device_2,2,J2,0.0364987065322398,0.0004860031006790418,0.15,0.0,25.0,2.8284271247461903,288.5,9.192388155425117,389.0,14.142135623730951,1.0,0.0,0.0,0.0,0.169145,0.001351281058847519,0.8025,0.010606601717798262,0.85,0.0
4,common,0.975,1.35,0.15,drop,device_3,3,I1,0.0693154621810016,4.896208168034287e-05,0.0,0.0,0.0,0.0,0.0,0.0,0.0,0.0,,,0.019,0.0009899494936611655,0.25,0.0,0.25,0.0,1.0,0.0
4,common,0.975,1.35,0.15,drop,device_3,3,I2,0.03996843211957206,0.00016297057352882298,0.15,0.0,25.0,2.8284271247461903,288.5,9.192388155425117,389.0,14.142135623730951,1.0,0.0,0.0,0.0,0.2125,0.0,0.25,0.0,0.85,0.0
4,common,0.975,1.35,0.15,drop,device_3,3,J1,0.06504150298558202,0.0002873653713286142,0.0,0.0,0.0,0.0,0.0,0.0,0.0,0.0,,,0.0086,0.0005656854249492371,0.19713925,0.000189151063967414,0.46,0.007071067811865481,1.0,0.0
4,common,0.975,1.35,0.15,drop,device_3,3,J2,0.037646606092111,0.0015971689938803556,0.15,0.0,20.0,4.242640687119285,301.0,8.48528137423857,528.5,183.1406563273158,0.9376666666666666,0.08815264538792295,0.0,0.0,0.17166599999999999,0.0019586857838867623,0.6575,0.22273863607376243,0.85,0.0
4,common,0.975,1.35,0.15,late,device_0,0,I1,0.0693154621810016,4.896208168034287e-05,0.0,0.0,0.0,0.0,0.0,0.0,0.0,0.0,,,0.019,0.0009899494936611655,0.25,0.0,0.25,0.0,1.0,0.0
4,common,0.975,1.35,0.15,late,device_0,0,I2,0.0568583640532256,0.000137285419650807,0.15,0.0,11.5,0.7071067811865476,277.5,3.5355339059327378,910.5,0.7071067811865476,0.7136666666666667,0.005185449728701406,0.0,0.0,0.2125,0.0,0.25,0.0,0.85,0.0
4,common,0.975,1.35,0.15,late,device_0,0,J1,0.06523330069321909,0.0001426222526571634,0.0,0.0,0.0,0.0,0.0,0.0,0.0,0.0,,,0.009399999999999999,0.00014142135623730926,0.19717200000000001,9.545941546019107e-05,0.465,0.0,1.0,0.0
4,common,0.975,1.35,0.15,late,device_0,0,J2,0.054900124112291074,0.0001670371292771223,0.1388,0.00820243866176395,17.0,1.4142135623730951,301.0,2.8284271247461903,480.5,31.81980515339464,0.9764868603042877,0.03325260105164958,0.0,0.0,0.169187,0.003141675428811813,0.41500000000000004,0.1202081528017131,0.8612,0.008202438661763872
4,common,0.975,1.35,0.15,late,device_1,1,I1,0.0693154621810016,4.896208168034287e-05,0.0,0.0,0.0,0.0,0.0,0.0,0.0,0.0,,,0.019,0.0009899494936611655,0.25,0.0,0.25,0.0,1.0,0.0
4,common,0.975,1.35,0.15,late,device_1,1,I2,0.0568583640532256,0.000137285419650807,0.15,0.0,11.5,0.7071067811865476,277.5,3.5355339059327378,910.5,0.7071067811865476,0.7136666666666667,0.005185449728701406,0.0,0.0,0.2125,0.0,0.25,0.0,0.85,0.0
4,common,0.975,1.35,0.15,late,device_1,1,J1,0.06549576189091384,0.00017336731284704174,0.0,0.0,0.0,0.0,0.0,0.0,0.0,0.0,,,0.0098,0.0012727922061357851,0.19701200000000002,3.959797974647645e-05,0.46,0.007071067811865481,1.0,0.0
4,common,0.975,1.35,0.15,late,device_1,1,J2,0.056668630765442346,0.00014556380268198227,0.15,0.0,11.5,0.7071067811865476,277.5,3.5355339059327378,910.5,0.7071067811865476,0.7136666666666667,0.005185449728701406,0.0,0.0,0.18486425,0.00035814958467100106,0.9975,0.00353553390593278,0.85,0.0
4,common,0.975,1.35,0.15,late,device_2,2,I1,0.0693154621810016,4.896208168034287e-05,0.0,0.0,0.0,0.0,0.0,0.0,0.0,0.0,,,0.019,0.0009899494936611655,0.25,0.0,0.25,0.0,1.0,0.0
4,common,0.975,1.35,0.15,late,device_2,2,I2,0.0568583640532256,0.000137285419650807,0.15,0.0,11.5,0.7071067811865476,277.5,3.5355339059327378,910.5,0.7071067811865476,0.7136666666666667,0.005185449728701406,0.0,0.0,0.2125,0.0,0.25,0.0,0.85,0.0
4,common,0.975,1.35,0.15,late,device_2,2,J1,0.06521385098237464,1.7229792888138118e-05,0.0,0.0,0.0,0.0,0.0,0.0,0.0,0.0,,,0.00895,0.001202081528017131,0.197131,0.0006498311319104296,0.465,0.0,1.0,0.0
4,common,0.975,1.35,0.15,late,device_2,2,J2,0.054900124112291074,0.0001670371292771223,0.12355,0.008838834764831847,11.0,1.4142135623730951,283.5,9.192388155425117,475.0,12.727922061357855,1.0,0.0,0.0,0.0,0.1778335,0.0071424855967653356,0.75,0.3535533905932738,0.87645,0.008838834764831853
4,common,0.975,1.35,0.15,late,device_3,3,I1,0.0693154621810016,4.896208168034287e-05,0.0,0.0,0.0,0.0,0.0,0.0,0.0,0.0,,,0.019,0.0009899494936611655,0.25,0.0,0.25,0.0,1.0,0.0
4,common,0.975,1.35,0.15,late,device_3,3,I2,0.0568583640532256,0.000137285419650807,0.15,0.0,11.5,0.7071067811865476,277.5,3.5355339059327378,910.5,0.7071067811865476,0.7136666666666667,0.005185449728701406,0.0,0.0,0.2125,0.0,0.25,0.0,0.85,0.0
4,common,0.975,1.35,0.15,late,device_3,3,J1,0.06504150298558202,0.0002873653713286142,0.0,0.0,0.0,0.0,0.0,0.0,0.0,0.0,,,0.0086,0.0005656854249492371,0.19713925,0.000189151063967414,0.46,0.007071067811865481,1.0,0.0
4,common,0.975,1.35,0.15,late,device_3,3,J2,0.054900124112291074,0.0001670371292771223,0.1301,0.022485995641732207,15.0,4.242640687119285,285.5,24.748737341529164,487.5,2.1213203435596424,0.9808219178082191,0.027121903935922377,0.0,0.0,0.1752805,0.012727922061357838,0.665,0.4737615433949868,0.8699,0.02248599564173225
4,independent,0.0,1.35,0.15,drop,device_0,0,I1,0.06987010485994094,7.314809776874828e-05,0.0,0.0,0.0,0.0,0.0,0.0,0.0,0.0,,,0.01795,0.001202081528017131,0.25,0.0,0.25,0.0,1.0,0.0
4,independent,0.0,1.35,0.15,drop,device_0,0,I2,0.0407475443926989,0.0002236744392815723,0.15,0.0,4.5,0.7071067811865476,187.0,0.0,1280.5,4.949747468305833,1.0,0.0,0.0,0.0,0.2125,0.0,0.25,0.0,0.85,0.0
4,independent,0.0,1.35,0.15,drop,device_0,0,J1,0.062210970576182203,7.203288970195877e-06,0.0,0.0,0.0,0.0,0.0,0.0,0.0,0.0,,,0.0,0.0,0.20508524999999997,0.00044936635944405875,0.5175000000000001,0.010606601717798262,1.0,0.0
4,independent,0.0,1.35,0.15,drop,device_0,0,J2,0.036734100525531034,7.925603894375648e-05,0.15,0.0,4.5,0.7071067811865476,193.5,4.949747468305833,1274.0,4.242640687119285,0.9993333333333333,0.0,0.0,0.0,0.1724485,9.899494936611753e-06,0.88,0.0777817459305203,0.85,0.0
4,independent,0.0,1.35,0.15,drop,device_1,1,I1,0.07007381314201361,0.0006416753506612398,0.0,0.0,0.0,0.0,0.0,0.0,0.0,0.0,,,0.01895,0.0003535533905932704,0.25,0.0,0.25,0.0,1.0,0.0
4,independent,0.0,1.35,0.15,drop,device_1,1,I2,0.04071568676496248,0.0006888511439012032,0.15,0.0,4.5,0.7071067811865476,194.5,12.020815280171307,1280.5,12.020815280171307,1.0,0.0,0.0,0.0,0.2125,0.0,0.25,0.0,0.85,0.0
4,independent,0.0,1.35,0.15,drop,device_1,1,J1,0.06206647328908478,0.0007147587359088702,0.0,0.0,0.0,0.0,0.0,0.0,0.0,0.0,,,0.0001,0.0001414213562373095,0.2054805,0.0003139554108468271,0.49,0.007071067811865481,1.0,0.0
4,independent,0.0,1.35,0.15,drop,device_1,1,J2,0.03655728556332293,0.0005848030704724967,0.15,0.0,4.0,1.4142135623730951,191.5,12.020815280171307,1282.0,11.313708498984761,1.0,0.0,0.0,0.0,0.172367,0.0015365430355183834,0.835,0.0707106781186547,0.85,0.0
4,independent,0.0,1.35,0.15,drop,device_2,2,I1,0.06903460456360053,0.0006366717213080315,0.0,0.0,0.0,0.0,0.0,0.0,0.0,0.0,,,0.017,0.0004242640687119272,0.25,0.0,0.25,0.0,1.0,0.0
4,independent,0.0,1.35,0.15,drop,device_2,2,I2,0.04016580840171689,0.0005188934245627118,0.15,0.0,4.0,0.0,187.5,4.949747468305833,1289.0,5.656854249492381,1.0,0.0,0.0,0.0,0.2125,0.0,0.25,0.0,0.85,0.0
4,independent,0.0,1.35,0.15,drop,device_2,2,J1,0.06138120108426168,0.0003425733283334418,0.0,0.0,0.0,0.0,0.0,0.0,0.0,0.0,,,0.0,0.0,0.20498124999999998,0.0003461287693907981,0.5025,0.0035355339059327017,1.0,0.0
4,independent,0.0,1.35,0.15,drop,device_2,2,J2,0.0360629865424021,0.00026456461730542125,0.15,0.0,4.0,0.0,189.5,6.363961030678928,1289.5,7.7781745930520225,0.9996666666666667,0.0004714045207910975,0.0,0.0,0.17096125,0.0007654430906344379,0.815,0.007071067811865442,0.85,0.0
4,independent,0.0,1.35,0.15,drop,device_3,3,I1,0.0686260541966188,0.00013031917440976926,0.0,0.0,0.0,0.0,0.0,0.0,0.0,0.0,,,0.0162,0.001555634918610403,0.25,0.0,0.25,0.0,1.0,0.0
4,independent,0.0,1.35,0.15,drop,device_3,3,I2,0.03995093249413961,0.00046282996801274526,0.15,0.0,4.0,0.0,183.0,16.97056274847714,1283.0,22.627416997969522,1.0,0.0,0.0,0.0,0.2125,0.0,0.25,0.0,0.85,0.0
4,independent,0.0,1.35,0.15,drop,device_3,3,J1,0.061258191129660564,0.0005232137381207495,0.0,0.0,0.0,0.0,0.0,0.0,0.0,0.0,,,0.0,0.0,0.20462200000000003,0.0003486036431249829,0.5125,0.017677669529663743,1.0,0.0
4,independent,0.0,1.35,0.15,drop,device_3,3,J2,0.035910898021964614,0.0004686319343406414,0.15,0.0,4.0,0.0,182.5,20.506096654409877,1285.5,24.748737341529164,1.0,0.0,0.0,0.0,0.1712105,0.0006300321420372257,0.8525,0.20859650045003159,0.85,0.0
4,independent,0.0,1.35,0.15,late,device_0,0,I1,0.06987010485994094,7.314809776874828e-05,0.0,0.0,0.0,0.0,0.0,0.0,0.0,0.0,,,0.01795,0.001202081528017131,0.25,0.0,0.25,0.0,1.0,0.0
4,independent,0.0,1.35,0.15,late,device_0,0,I2,0.05758297197505179,4.945559290820393e-05,0.15,0.0,4.5,0.7071067811865476,192.5,2.1213203435596424,1270.0,4.242640687119285,0.7216666666666667,0.02027039439401433,0.0,0.0,0.2125,0.0,0.25,0.0,0.85,0.0
4,independent,0.0,1.35,0.15,late,device_0,0,J1,0.062210970576182203,7.203288970195877e-06,0.0,0.0,0.0,0.0,0.0,0.0,0.0,0.0,,,0.0,0.0,0.20508524999999997,0.00044936635944405875,0.5175000000000001,0.010606601717798262,1.0,0.0
4,independent,0.0,1.35,0.15,late,device_0,0,J2,0.05521686565414431,0.0001135723371458133,0.15,0.0,4.5,0.7071067811865476,185.0,7.0710678118654755,1283.5,3.5355339059327378,0.968,0.016970562748477157,0.0,0.0,0.16943675000000002,0.0011232391219147962,0.88,0.0777817459305203,0.85,0.0
4,independent,0.0,1.35,0.15,late,device_1,1,I1,0.07007381314201361,0.0006416753506612398,0.0,0.0,0.0,0.0,0.0,0.0,0.0,0.0,,,0.01895,0.0003535533905932704,0.25,0.0,0.25,0.0,1.0,0.0
4,independent,0.0,1.35,0.15,late,device_1,1,I2,0.05757902451971235,0.000704760975139301,0.15,0.0,5.0,0.0,182.5,10.606601717798213,1277.0,15.556349186104045,0.7126666666666667,0.0009428090415821165,0.0,0.0,0.2125,0.0,0.25,0.0,0.85,0.0
4,independent,0.0,1.35,0.15,late,device_1,1,J1,0.06206647328908478,0.0007147587359088702,0.0,0.0,0.0,0.0,0.0,0.0,0.0,0.0,,,0.0001,0.0001414213562373095,0.2054805,0.0003139554108468271,0.49,0.007071067811865481,1.0,0.0
4,independent,0.0,1.35,0.15,late,device_1,1,J2,0.05517691904430741,0.000622141981232663,0.15,0.0,4.0,0.0,192.0,12.727922061357855,1275.0,14.142135623730951,0.9443333333333334,0.01178511301977575,0.0,0.0,0.170478,0.0012063241687042398,0.855,0.0707106781186547,0.85,0.0
4,independent,0.0,1.35,0.15,late,device_2,2,I1,0.06903460456360053,0.0006366717213080315,0.0,0.0,0.0,0.0,0.0,0.0,0.0,0.0,,,0.017,0.0004242640687119272,0.25,0.0,0.25,0.0,1.0,0.0
4,independent,0.0,1.35,0.15,late,device_2,2,I2,0.05688196224794981,0.0005074429762898676,0.15,0.0,4.5,0.7071067811865476,196.5,9.192388155425117,1267.0,1.4142135623730951,0.704,0.01885618083164127,0.0,0.0,0.2125,0.0,0.25,0.0,0.85,0.0
4,independent,0.0,1.35,0.15,late,device_2,2,J1,0.06138120108426168,0.0003425733283334418,0.0,0.0,0.0,0.0,0.0,0.0,0.0,0.0,,,0.0,0.0,0.20498124999999998,0.0003461287693907981,0.5025,0.0035355339059327017,1.0,0.0
4,independent,0.0,1.35,0.15,late,device_2,2,J2,0.0546365573347089,0.00031646563769610495,0.15,0.0,4.0,0.0,198.5,13.435028842544403,1277.0,16.97056274847714,0.9396666666666667,0.00047140452079097976,0.0,0.0,0.16933775,0.00036522065248284415,0.785,0.0,0.85,0.0
4,independent,0.0,1.35,0.15,late,device_3,3,I1,0.0686260541966188,0.00013031917440976926,0.0,0.0,0.0,0.0,0.0,0.0,0.0,0.0,,,0.0162,0.001555634918610403,0.25,0.0,0.25,0.0,1.0,0.0
4,independent,0.0,1.35,0.15,late,device_3,3,I2,0.05669313422715544,0.00040336891627117875,0.15,0.0,4.0,0.0,179.5,4.949747468305833,1289.5,12.020815280171307,0.7130000000000001,0.002357022603955095,0.0,0.0,0.2125,0.0,0.25,0.0,0.85,0.0
4,independent,0.0,1.35,0.15,late,device_3,3,J1,0.061258191129660564,0.0005232137381207495,0.0,0.0,0.0,0.0,0.0,0.0,0.0,0.0,,,0.0,0.0,0.20462200000000003,0.0003486036431249829,0.5125,0.017677669529663743,1.0,0.0
4,independent,0.0,1.35,0.15,late,device_3,3,J2,0.0545096448603265,0.0003575064116702329,0.15,0.0,5.5,0.7071067811865476,189.5,2.1213203435596424,1274.5,3.5355339059327378,0.948,0.0386551707048647,0.0,0.0,0.1690045,0.0008612560594852224,0.8525,0.20859650045003159,0.85,0.0
4,independent,0.975,1.35,0.15,drop,device_0,0,I1,0.0693154621810016,4.896208168034287e-05,0.0,0.0,0.0,0.0,0.0,0.0,0.0,0.0,,,0.019,0.0009899494936611655,0.25,0.0,0.25,0.0,1.0,0.0
4,independent,0.975,1.35,0.15,drop,device_0,0,I2,0.03996843211957206,0.00016297057352882298,0.15,0.0,25.0,2.8284271247461903,288.5,9.192388155425117,389.0,14.142135623730951,1.0,0.0,0.0,0.0,0.2125,0.0,0.25,0.0,0.85,0.0
4,independent,0.975,1.35,0.15,drop,device_0,0,J1,0.06130254172701316,0.00018612742628079906,0.0,0.0,0.0,0.0,0.0,0.0,0.0,0.0,,,5e-05,7.071067811865475e-05,0.20497149999999997,0.0002114249275748027,0.5,0.007071067811865481,1.0,0.0
4,independent,0.975,1.35,0.15,drop,device_0,0,J2,0.03596665798146666,0.00021740888714519117,0.15,0.0,23.5,0.7071067811865476,284.0,9.899494936611665,389.0,14.142135623730951,1.0,0.0,0.0,0.0,0.17082124999999998,0.00021955665555840708,0.805,0.007071067811865481,0.85,0.0
4,independent,0.975,1.35,0.15,drop,device_1,1,I1,0.06873960778541438,0.0007539029649610987,0.0,0.0,0.0,0.0,0.0,0.0,0.0,0.0,,,0.017300000000000003,0.0011313708498984778,0.25,0.0,0.25,0.0,1.0,0.0
4,independent,0.975,1.35,0.15,drop,device_1,1,I2,0.039839963737082894,0.0004924368049400424,0.15,0.0,26.0,1.4142135623730951,286.0,15.556349186104045,376.5,27.577164466275352,1.0,0.0,0.0,0.0,0.2125,0.0,0.25,0.0,0.85,0.0
4,independent,0.975,1.35,0.15,drop,device_1,1,J1,0.061104357441574816,0.00032114103940431764,0.0,0.0,0.0,0.0,0.0,0.0,0.0,0.0,,,0.0,0.0,0.20495049999999998,0.0008414570696119794,0.5025,0.010606601717798262,1.0,0.0
4,independent,0.975,1.35,0.15,drop,device_1,1,J2,0.035829820152389544,0.0003224474080313233,0.15,0.0,22.0,7.0710678118654755,289.0,16.97056274847714,380.0,28.284271247461902,1.0,0.0,0.0,0.0,0.17082799999999998,0.0007551900423072127,0.79,0.021213203435596444,0.85,0.0
4,independent,0.975,1.35,0.15,drop,device_2,2,I1,0.06872663403209939,0.0013721030966333217,0.0,0.0,0.0,0.0,0.0,0.0,0.0,0.0,,,0.01685,0.002192031021678297,0.25,0.0,0.25,0.0,1.0,0.0
4,independent,0.975,1.35,0.15,drop,device_2,2,I2,0.039898585117683405,0.0008463647933275408,0.15,0.0,27.0,4.242640687119285,275.5,0.7071067811865476,383.0,49.49747468305833,1.0,0.0,0.0,0.0,0.2125,0.0,0.25,0.0,0.85,0.0
4,independent,0.975,1.35,0.15,drop,device_2,2,J1,0.06132303441832036,0.0008821794722794048,0.0,0.0,0.0,0.0,0.0,0.0,0.0,0.0,,,0.0,0.0,0.20494525,0.0007930202551007112,0.4975,0.024748737341529183,1.0,0.0
4,independent,0.975,1.35,0.15,drop,device_2,2,J2,0.03603102124172658,0.0008953852101861007,0.15,0.0,27.0,4.242640687119285,280.0,0.0,389.0,50.91168824543142,1.0,0.0,0.0,0.0,0.17085899999999998,0.0011363205973667996,0.75,0.10606601717798207,0.85,0.0
4,independent,0.975,1.35,0.15,drop,device_3,3,I1,0.06955778644068275,0.0015207397813308534,0.0,0.0,0.0,0.0,0.0,0.0,0.0,0.0,,,0.01825,0.0013435028842544395,0.25,0.0,0.25,0.0,1.0,0.0
4,independent,0.975,1.35,0.15,drop,device_3,3,I2,0.04040877200486176,0.001133816141931592,0.15,0.0,27.5,9.192388155425117,294.0,29.698484809834994,406.5,54.44722215136416,1.0,0.0,0.0,0.0,0.2125,0.0,0.25,0.0,0.85,0.0
4,independent,0.975,1.35,0.15,drop,device_3,3,J1,0.06164906949962119,0.0012668965254197305,0.0,0.0,0.0,0.0,0.0,0.0,0.0,0.0,,,0.0,0.0,0.20534950000000002,0.0007078138879677158,0.5,0.0,1.0,0.0
4,independent,0.975,1.35,0.15,drop,device_3,3,J2,0.03630218319906543,0.0011104657162534005,0.15,0.0,28.5,13.435028842544403,291.5,28.991378028648448,411.0,53.74011537017761,0.9996666666666667,0.0004714045207910975,0.0,0.0,0.17137375,0.0017285225266105268,0.7275,0.1025304832720494,0.85,0.0
4,independent,0.975,1.35,0.15,late,device_0,0,I1,0.0693154621810016,4.896208168034287e-05,0.0,0.0,0.0,0.0,0.0,0.0,0.0,0.0,,,0.019,0.0009899494936611655,0.25,0.0,0.25,0.0,1.0,0.0
4,independent,0.975,1.35,0.15,late,device_0,0,I2,0.0568583640532256,0.000137285419650807,0.15,0.0,11.5,0.7071067811865476,277.5,3.5355339059327378,910.5,0.7071067811865476,0.7136666666666667,0.005185449728701406,0.0,0.0,0.2125,0.0,0.25,0.0,0.85,0.0
4,independent,0.975,1.35,0.15,late,device_0,0,J1,0.06130254172701316,0.00018612742628079906,0.0,0.0,0.0,0.0,0.0,0.0,0.0,0.0,,,5e-05,7.071067811865475e-05,0.20497149999999997,0.0002114249275748027,0.5,0.007071067811865481,1.0,0.0
4,independent,0.975,1.35,0.15,late,device_0,0,J2,0.05463530579116331,0.00013766931505848948,0.15,0.0,20.5,2.1213203435596424,297.5,0.7071067811865476,492.5,45.96194077712559,0.9496666666666667,0.021213203435596444,0.0,0.0,0.16819425,0.0006176577733664586,0.805,0.007071067811865481,0.85,0.0
4,independent,0.975,1.35,0.15,late,device_1,1,I1,0.06873960778541438,0.0007539029649610987,0.0,0.0,0.0,0.0,0.0,0.0,0.0,0.0,,,0.017300000000000003,0.0011313708498984778,0.25,0.0,0.25,0.0,1.0,0.0
4,independent,0.975,1.35,0.15,late,device_1,1,I2,0.05653337512567126,0.0005193622917728204,0.15,0.0,10.0,0.0,293.0,1.4142135623730951,891.0,48.08326112068523,0.716,0.028284271247461926,0.0,0.0,0.2125,0.0,0.25,0.0,0.85,0.0
4,independent,0.975,1.35,0.15,late,device_1,1,J1,0.061104357441574816,0.00032114103940431764,0.0,0.0,0.0,0.0,0.0,0.0,0.0,0.0,,,0.0,0.0,0.20495049999999998,0.0008414570696119794,0.5025,0.010606601717798262,1.0,0.0
4,independent,0.975,1.35,0.15,late,device_1,1,J2,0.05424920773580691,0.0002014689346915894,0.14865,0.0019091883092036937,17.5,3.5355339059327378,292.5,4.949747468305833,495.0,29.698484809834994,0.9494867617107943,0.009211109923562425,0.0,0.0,0.17008625,6.257895013500335e-05,0.8200000000000001,0.021213203435596406,0.85135,0.0019091883092036642
4,independent,0.975,1.35,0.15,late,device_2,2,I1,0.06872663403209939,0.0013721030966333217,0.0,0.0,0.0,0.0,0.0,0.0,0.0,0.0,,,0.01685,0.002192031021678297,0.25,0.0,0.25,0.0,1.0,0.0
4,independent,0.975,1.35,0.15,late,device_2,2,I2,0.05672977260832078,0.0009653413434075169,0.15,0.0,11.0,0.0,296.5,10.606601717798213,894.0,1.4142135623730951,0.72,0.010370899457402771,0.0,0.0,0.2125,0.0,0.25,0.0,0.85,0.0
4,independent,0.975,1.35,0.15,late,device_2,2,J1,0.06132303441832036,0.0008821794722794048,0.0,0.0,0.0,0.0,0.0,0.0,0.0,0.0,,,0.0,0.0,0.20494525,0.0007930202551007112,0.4975,0.024748737341529183,1.0,0.0
4,independent,0.975,1.35,0.15,late,device_2,2,J2,0.05458086561021011,0.000692194270441011,0.1477,0.002687005768508889,18.5,0.7071067811865476,292.0,2.8284271247461903,498.0,16.97056274847714,0.9459871958510303,0.02061117480830374,0.0,0.0,0.17002825,0.0007201882566384928,0.8275,0.024748737341529107,0.8523000000000001,0.0026870057685088595
4,independent,0.975,1.35,0.15,late,device_3,3,I1,0.06955778644068275,0.0015207397813308534,0.0,0.0,0.0,0.0,0.0,0.0,0.0,0.0,,,0.01825,0.0013435028842544395,0.25,0.0,0.25,0.0,1.0,0.0
4,independent,0.975,1.35,0.15,late,device_3,3,I2,0.05714384402934505,0.0012547939579562052,0.15,0.0,12.0,0.0,294.5,14.849242404917497,911.0,31.11269837220809,0.7083333333333333,0.008013876853447559,0.0,0.0,0.2125,0.0,0.25,0.0,0.85,0.0
4,independent,0.975,1.35,0.15,late,device_3,3,J1,0.06164906949962119,0.0012668965254197305,0.0,0.0,0.0,0.0,0.0,0.0,0.0,0.0,,,0.0,0.0,0.20534950000000002,0.0007078138879677158,0.5,0.0,1.0,0.0
4,independent,0.975,1.35,0.15,late,device_3,3,J2,0.054676068616527136,0.0011241902727106843,0.15,0.0,19.5,0.7071067811865476,307.5,27.577164466275352,494.5,37.476659402887016,0.9543333333333333,0.008013876853447559,0.0,0.0,0.16972325,0.0009832319792399062,0.8175,0.024748737341529107,0.85,0.0
