N,channel_sync,rho,seed,deadline_ratio,deadline_ms,d_min_n_ms,epsilon,skip_mode,device,device_index,policy,mean_energy_j,total_energy_j,violation_rate,violation_count,max_violation_run,burst_count_ge2,violation_run_count,violation_state_bad_share,violation_state_good_count,violation_state_bad_count,boost_use_rate,boost_use_rate_good,boost_use_rate_bad,selected_v,q_final,q_max,policy_metadata_json,allocation_mean,allocation_max,allocation_nonzero_rate
2,independent,0.0,1701,1.35,60.73650000000001,44.99,0.15,drop,device_0,0,I1,0.08487528784977146,848.7528784977145,0.0038,38,1,0,38,1.0,0,38,0.0707,0.0,0.34639882410583045,,,,{},0.4981,0.5,0.9962
2,independent,0.0,1701,1.35,60.73650000000001,44.99,0.15,drop,device_1,1,I1,0.08591286758787406,859.1286758787405,0.0044,44,2,1,43,1.0,0,44,0.0741,0.0,0.35814403093281777,,,,{},0.4978,0.5,0.9956
2,independent,0.0,1701,1.35,60.73650000000001,44.99,0.15,drop,device_0,0,J1,0.07089120899093726,708.9120899093726,0.0038,38,1,0,38,1.0,0,38,0.0214,0.00012564392511622062,0.10436060754532092,,,,"{""joint"": true, ""violation_set"": ""fixed_to_I1""}",0.3697045,0.775,0.9962
2,independent,0.0,1701,1.35,60.73650000000001,44.99,0.15,drop,device_1,1,J1,0.07167490575069964,716.7490575069965,0.0044,44,2,1,43,1.0,0,44,0.0225,0.0,0.10874818753020783,,,,"{""joint"": true, ""violation_set"": ""fixed_to_I1""}",0.369548,0.96,0.9956
2,independent,0.0,1701,1.35,60.73650000000001,44.99,0.15,drop,device_0,0,I2,0.04465589025714555,446.5589025714555,0.15,1500,4,187,1284,1.0,0,1500,0.0,0.0,0.0,,,,"{""budget"": 1462}",0.425,0.5,0.85
2,independent,0.0,1701,1.35,60.73650000000001,44.99,0.15,drop,device_1,1,I2,0.04498901304076121,449.89013040761205,0.15,1500,5,186,1289,1.0,0,1500,0.0,0.0,0.0,,,,"{""budget"": 1456}",0.425,0.5,0.85
2,independent,0.0,1701,1.35,60.73650000000001,44.99,0.15,drop,device_0,0,J2,0.041491543644303484,414.9154364430349,0.1443,1443,4,186,1231,0.9757449757449758,35,1408,0.0,0.0,0.0,,,,"{""joint"": true, ""source"": ""heuristic""}",0.3066565,1.0,0.8557
2,independent,0.0,1701,1.35,60.73650000000001,44.99,0.15,drop,device_1,1,J2,0.04173251627179136,417.3251627179136,0.15,1500,5,177,1304,0.996,6,1494,0.0037,0.0,0.017883035282745288,,,,"{""joint"": true, ""source"": ""heuristic""}",0.304356,0.985,0.85
2,independent,0.0,1702,1.35,60.73650000000001,44.99,0.15,drop,device_0,0,I1,0.08560971926746194,856.0971926746195,0.0043,43,1,0,43,1.0,0,43,0.0755,0.0,0.3693737769080235,,,,{},0.49785,0.5,0.9957
2,independent,0.0,1702,1.35,60.73650000000001,44.99,0.15,drop,device_1,1,I1,0.0843345094498339,843.345094498339,0.0033,33,1,0,33,1.0,0,33,0.0717,0.0,0.3579630554168747,,,,{},0.49835,0.5,0.9967
2,independent,0.0,1702,1.35,60.73650000000001,44.99,0.15,drop,device_0,0,J1,0.07076091909378317,707.6091909378317,0.0043,43,1,0,43,1.0,0,43,0.0219,0.0003770739064856712,0.10567514677103718,,,,"{""joint"": true, ""violation_set"": ""fixed_to_I1""}",0.369413,0.955,0.9957
2,independent,0.0,1702,1.35,60.73650000000001,44.99,0.15,drop,device_1,1,J1,0.07112783215604629,711.2783215604629,0.0033,33,1,0,33,1.0,0,33,0.0239,0.0,0.11932101847229157,,,,"{""joint"": true, ""violation_set"": ""fixed_to_I1""}",0.3665785,0.91,0.9967
2,independent,0.0,1702,1.35,60.73650000000001,44.99,0.15,drop,device_0,0,I2,0.044369311582936284,443.69311582936285,0.15,1500,5,187,1277,1.0,0,1500,0.0,0.0,0.0,,,,"{""budget"": 1457}",0.425,0.5,0.85
2,independent,0.0,1702,1.35,60.73650000000001,44.99,0.15,drop,device_1,1,I2,0.043793029726544926,437.93029726544927,0.15,1500,4,203,1272,1.0,0,1500,0.0,0.0,0.0,,,,"{""budget"": 1467}",0.425,0.5,0.85
2,independent,0.0,1702,1.35,60.73650000000001,44.99,0.15,drop,device_0,0,J2,0.04068065661126367,406.8065661126367,0.1467,1467,5,181,1253,0.9979550102249489,3,1464,0.0,0.0,0.0,,,,"{""joint"": true, ""source"": ""heuristic""}",0.30411800000000005,1.0,0.8533
2,independent,0.0,1702,1.35,60.73650000000001,44.99,0.15,drop,device_1,1,J2,0.04013464375089632,401.3464375089632,0.1484,1484,4,194,1266,0.9959568733153639,6,1478,0.0,0.0,0.0,,,,"{""joint"": true, ""source"": ""heuristic""}",0.30149349999999997,1.0,0.8516
2,independent,0.975,1701,1.35,60.73650000000001,44.99,0.15,drop,device_0,0,I1,0.08400466715720706,840.0466715720705,0.0034,34,2,1,33,1.0,0,34,0.0723,0.0,0.3629518072289157,,,,{},0.4983,0.5,0.9966
2,independent,0.975,1701,1.35,60.73650000000001,44.99,0.15,drop,device_1,1,I1,0.08307998656609539,830.7998656609539,0.0032,32,2,1,31,1.0,0,32,0.0656,0.0,0.3340122199592668,,,,{},0.4984,0.5,0.9968
2,independent,0.975,1701,1.35,60.73650000000001,44.99,0.15,drop,device_0,0,J1,0.07052524797858005,705.2524797858005,0.0034,34,2,1,33,1.0,0,34,0.0229,0.0,0.11495983935742972,,,,"{""joint"": true, ""violation_set"": ""fixed_to_I1""}",0.367974,0.775,0.9966
2,independent,0.975,1701,1.35,60.73650000000001,44.99,0.15,drop,device_1,1,J1,0.07047092605826645,704.7092605826646,0.0032,32,2,1,31,1.0,0,32,0.0213,0.0,0.10845213849287169,,,,"{""joint"": true, ""violation_set"": ""fixed_to_I1""}",0.3688285,0.855,0.9968
2,independent,0.975,1701,1.35,60.73650000000001,44.99,0.15,drop,device_0,0,I2,0.043339584438054045,433.39584438054044,0.15,1500,23,295,399,1.0,0,1500,0.0,0.0,0.0,,,,"{""budget"": 1466}",0.425,0.5,0.85
2,independent,0.975,1701,1.35,60.73650000000001,44.99,0.15,drop,device_1,1,I2,0.043944561759480825,439.44561759480825,0.15,1500,25,297,396,1.0,0,1500,0.0,0.0,0.0,,,,"{""budget"": 1468}",0.425,0.5,0.85
2,independent,0.975,1701,1.35,60.73650000000001,44.99,0.15,drop,device_0,0,J2,0.03967239974606123,396.72399746061234,0.15,1500,25,295,402,0.9986666666666667,2,1498,0.0011,0.0,0.005522088353413655,,,,"{""joint"": true, ""source"": ""heuristic""}",0.3021545,0.985,0.85
2,independent,0.975,1701,1.35,60.73650000000001,44.99,0.15,drop,device_1,1,J2,0.03979290213448719,397.9290213448719,0.15,1500,16,302,414,0.9933333333333333,10,1490,0.0,0.0,0.0,,,,"{""joint"": true, ""source"": ""heuristic""}",0.3036745,0.995,0.85
2,independent,0.975,1702,1.35,60.73650000000001,44.99,0.15,drop,device_0,0,I1,0.08405062652764322,840.5062652764323,0.0034,34,1,0,34,1.0,0,34,0.0714,0.0,0.36447166921898927,,,,{},0.4983,0.5,0.9966
2,independent,0.975,1702,1.35,60.73650000000001,44.99,0.15,drop,device_1,1,I1,0.08264909708586071,826.4909708586072,0.003,30,1,0,30,1.0,0,30,0.0671,0.0,0.34164969450101834,,,,{},0.4985,0.5,0.997
2,independent,0.975,1702,1.35,60.73650000000001,44.99,0.15,drop,device_0,0,J1,0.07074903348139669,707.4903348139669,0.0034,34,1,0,34,1.0,0,34,0.0255,0.0,0.13016845329249618,,,,"{""joint"": true, ""violation_set"": ""fixed_to_I1""}",0.36846100000000004,0.895,0.9966
2,independent,0.975,1702,1.35,60.73650000000001,44.99,0.15,drop,device_1,1,J1,0.0698360768967061,698.360768967061,0.003,30,1,0,30,1.0,0,30,0.0223,0.0,0.11354378818737271,,,,"{""joint"": true, ""violation_set"": ""fixed_to_I1""}",0.367251,0.92,0.997
2,independent,0.975,1702,1.35,60.73650000000001,44.99,0.15,drop,device_0,0,I2,0.0435970355620683,435.970355620683,0.15,1500,27,282,379,1.0,0,1500,0.0,0.0,0.0,,,,"{""budget"": 1466}",0.425,0.5,0.85
2,independent,0.975,1702,1.35,60.73650000000001,44.99,0.15,drop,device_1,1,I2,0.04315259030779276,431.5259030779276,0.15,1500,27,275,357,1.0,0,1500,0.0,0.0,0.0,,,,"{""budget"": 1470}",0.425,0.5,0.85
2,independent,0.975,1702,1.35,60.73650000000001,44.99,0.15,drop,device_0,0,J2,0.039373792054286684,393.73792054286685,0.15,1500,27,283,389,0.9966666666666667,5,1495,0.0001,0.00012436264146250465,0.0,,,,"{""joint"": true, ""source"": ""heuristic""}",0.3029975,1.0,0.85
2,independent,0.975,1702,1.35,60.73650000000001,44.99,0.15,drop,device_1,1,J2,0.03928880765142329,392.8880765142329,0.15,1500,27,276,364,0.998,3,1497,0.001,0.0,0.0050916496945010185,,,,"{""joint"": true, ""source"": ""heuristic""}",0.3022235,0.995,0.85
2,common,0.0,1701,1.35,60.73650000000001,44.99,0.15,drop,device_0,0,I1,0.08487528784977146,848.7528784977145,0.0038,38,1,0,38,1.0,0,38,0.0707,0.0,0.34639882410583045,,,,{},0.4981,0.5,0.9962
2,common,0.0,1701,1.35,60.73650000000001,44.99,0.15,drop,device_1,1,I1,0.08487528784977146,848.7528784977145,0.0038,38,1,0,38,1.0,0,38,0.0707,0.0,0.34639882410583045,,,,{},0.4981,0.5,0.9962
2,common,0.0,1701,1.35,60.73650000000001,44.99,0.15,drop,device_0,0,J1,0.07777978248652488,777.7978248652488,0.0038,38,1,0,38,1.0,0,38,0.0479,0.0,0.2346888780009799,,,,"{""joint"": true, ""violation_set"": ""fixed_to_I1""}",0.3583255,0.705,0.9962
2,common,0.0,1701,1.35,60.73650000000001,44.99,0.15,drop,device_1,1,J1,0.07828672122839367,782.8672122839366,0.0038,38,1,0,38,1.0,0,38,0.05,0.0,0.2449779519843214,,,,"{""joint"": true, ""violation_set"": ""fixed_to_I1""}",0.35792749999999995,0.705,0.9962
2,common,0.0,1701,1.35,60.73650000000001,44.99,0.15,drop,device_0,0,I2,0.04465589025714555,446.5589025714555,0.15,1500,4,187,1284,1.0,0,1500,0.0,0.0,0.0,,,,"{""budget"": 1462}",0.425,0.5,0.85
2,common,0.0,1701,1.35,60.73650000000001,44.99,0.15,drop,device_1,1,I2,0.04465589025714555,446.5589025714555,0.15,1500,4,187,1284,1.0,0,1500,0.0,0.0,0.0,,,,"{""budget"": 1462}",0.425,0.5,0.85
2,common,0.0,1701,1.35,60.73650000000001,44.99,0.15,drop,device_0,0,J2,0.04231162476639827,423.1162476639827,0.15,1500,4,193,1280,1.0,0,1500,0.0038,0.0,0.018618324350808426,,,,"{""joint"": true, ""source"": ""heuristic""}",0.305675,1.0,0.85
2,common,0.0,1701,1.35,60.73650000000001,44.99,0.15,drop,device_1,1,J2,0.04351007445414709,435.1007445414709,0.15,1500,4,202,1261,0.8913333333333333,163,1337,0.0,0.0,0.0,,,,"{""joint"": true, ""source"": ""heuristic""}",0.2967465,0.705,0.85
2,common,0.0,1702,1.35,60.73650000000001,44.99,0.15,drop,device_0,0,I1,0.08560971926746194,856.0971926746195,0.0043,43,1,0,43,1.0,0,43,0.0755,0.0,0.3693737769080235,,,,{},0.49785,0.5,0.9957
2,common,0.0,1702,1.35,60.73650000000001,44.99,0.15,drop,device_1,1,I1,0.08560971926746194,856.0971926746195,0.0043,43,1,0,43,1.0,0,43,0.0755,0.0,0.3693737769080235,,,,{},0.49785,0.5,0.9957
2,common,0.0,1702,1.35,60.73650000000001,44.99,0.15,drop,device_0,0,J1,0.0779744038515743,779.7440385157429,0.0043,43,1,0,43,1.0,0,43,0.0502,0.0,0.2455968688845401,,,,"{""joint"": true, ""violation_set"": ""fixed_to_I1""}",0.35778649999999995,0.705,0.9957
2,common,0.0,1702,1.35,60.73650000000001,44.99,0.15,drop,device_1,1,J1,0.0781061765353017,781.0617653530171,0.0043,43,1,0,43,1.0,0,43,0.0505,0.0,0.24706457925636008,,,,"{""joint"": true, ""violation_set"": ""fixed_to_I1""}",0.357694,0.705,0.9957
2,common,0.0,1702,1.35,60.73650000000001,44.99,0.15,drop,device_0,0,I2,0.044369311582936284,443.69311582936285,0.15,1500,5,187,1277,1.0,0,1500,0.0,0.0,0.0,,,,"{""budget"": 1457}",0.425,0.5,0.85
2,common,0.0,1702,1.35,60.73650000000001,44.99,0.15,drop,device_1,1,I2,0.044369311582936284,443.69311582936285,0.15,1500,5,187,1277,1.0,0,1500,0.0,0.0,0.0,,,,"{""budget"": 1457}",0.425,0.5,0.85
2,common,0.0,1702,1.35,60.73650000000001,44.99,0.15,drop,device_0,0,J2,0.043355421186091675,433.5542118609167,0.1486,1486,4,188,1264,0.9004037685060565,148,1338,0.0,0.0,0.0,,,,"{""joint"": true, ""source"": ""heuristic""}",0.29643450000000005,0.705,0.8514
2,common,0.0,1702,1.35,60.73650000000001,44.99,0.15,drop,device_1,1,J2,0.04230420854704675,423.0420854704675,0.15,1500,5,192,1267,1.0,0,1500,0.0043,0.0,0.021037181996086105,,,,"{""joint"": true, ""source"": ""heuristic""}",0.30550700000000003,1.0,0.85
2,common,0.975,1701,1.35,60.73650000000001,44.99,0.15,drop,device_0,0,I1,0.08400466715720706,840.0466715720705,0.0034,34,2,1,33,1.0,0,34,0.0723,0.0,0.3629518072289157,,,,{},0.4983,0.5,0.9966
2,common,0.975,1701,1.35,60.73650000000001,44.99,0.15,drop,device_1,1,I1,0.08400466715720706,840.0466715720705,0.0034,34,2,1,33,1.0,0,34,0.0723,0.0,0.3629518072289157,,,,{},0.4983,0.5,0.9966
2,common,0.975,1701,1.35,60.73650000000001,44.99,0.15,drop,device_0,0,J1,0.07734404503894697,773.4404503894697,0.0034,34,2,1,33,1.0,0,34,0.0499,0.0,0.2505020080321285,,,,"{""joint"": true, ""violation_set"": ""fixed_to_I1""}",0.3571415,0.705,0.9966
2,common,0.975,1701,1.35,60.73650000000001,44.99,0.15,drop,device_1,1,J1,0.07737083196039266,773.7083196039266,0.0034,34,2,1,33,1.0,0,34,0.0509,0.0,0.25552208835341367,,,,"{""joint"": true, ""violation_set"": ""fixed_to_I1""}",0.3572575,0.705,0.9966
2,common,0.975,1701,1.35,60.73650000000001,44.99,0.15,drop,device_0,0,I2,0.043339584438054045,433.39584438054044,0.15,1500,23,295,399,1.0,0,1500,0.0,0.0,0.0,,,,"{""budget"": 1466}",0.425,0.5,0.85
2,common,0.975,1701,1.35,60.73650000000001,44.99,0.15,drop,device_1,1,I2,0.043339584438054045,433.39584438054044,0.15,1500,23,295,399,1.0,0,1500,0.0,0.0,0.0,,,,"{""budget"": 1466}",0.425,0.5,0.85
2,common,0.975,1701,1.35,60.73650000000001,44.99,0.15,drop,device_0,0,J2,0.0412626798597524,412.626798597524,0.15,1500,26,297,401,1.0,0,1500,0.0034,0.0,0.01706827309236948,,,,"{""joint"": true, ""source"": ""heuristic""}",0.304166,0.995,0.85
2,common,0.975,1701,1.35,60.73650000000001,44.99,0.15,drop,device_1,1,J2,0.04236125565787814,423.61255657878144,0.1494,1494,13,310,624,0.891566265060241,162,1332,0.0,0.0,0.0,,,,"{""joint"": true, ""source"": ""heuristic""}",0.295501,0.705,0.8506
2,common,0.975,1702,1.35,60.73650000000001,44.99,0.15,drop,device_0,0,I1,0.08405062652764322,840.5062652764323,0.0034,34,1,0,34,1.0,0,34,0.0714,0.0,0.36447166921898927,,,,{},0.4983,0.5,0.9966
2,common,0.975,1702,1.35,60.73650000000001,44.99,0.15,drop,device_1,1,I1,0.08405062652764322,840.5062652764323,0.0034,34,1,0,34,1.0,0,34,0.0714,0.0,0.36447166921898927,,,,{},0.4983,0.5,0.9966
2,common,0.975,1702,1.35,60.73650000000001,44.99,0.15,drop,device_0,0,J1,0.07744806057771748,774.4806057771748,0.0034,34,1,0,34,1.0,0,34,0.0508,0.0,0.259315977539561,,,,"{""joint"": true, ""violation_set"": ""fixed_to_I1""}",0.3576275,0.705,0.9966
2,common,0.975,1702,1.35,60.73650000000001,44.99,0.15,drop,device_1,1,J1,0.07757673780465282,775.7673780465282,0.0034,34,1,0,34,1.0,0,34,0.0512,0.0,0.2613578356304237,,,,"{""joint"": true, ""violation_set"": ""fixed_to_I1""}",0.357192,0.705,0.9966
2,common,0.975,1702,1.35,60.73650000000001,44.99,0.15,drop,device_0,0,I2,0.0435970355620683,435.970355620683,0.15,1500,27,282,379,1.0,0,1500,0.0,0.0,0.0,,,,"{""budget"": 1466}",0.425,0.5,0.85
2,common,0.975,1702,1.35,60.73650000000001,44.99,0.15,drop,device_1,1,I2,0.0435970355620683,435.970355620683,0.15,1500,27,282,379,1.0,0,1500,0.0,0.0,0.0,,,,"{""budget"": 1466}",0.425,0.5,0.85
2,common,0.975,1702,1.35,60.73650000000001,44.99,0.15,drop,device_0,0,J2,0.041204342141604684,412.04342141604684,0.15,1500,27,285,381,1.0,0,1500,0.0034,0.0,0.017355793772332824,,,,"{""joint"": true, ""source"": ""heuristic""}",0.30493000000000003,1.0,0.85
2,common,0.975,1702,1.35,60.73650000000001,44.99,0.15,drop,device_1,1,J2,0.042566072071658974,425.6607207165897,0.1487,1487,16,306,601,0.8950907868190988,156,1331,0.0,0.0,0.0,,,,"{""joint"": true, ""source"": ""heuristic""}",0.2953655,0.705,0.8513
2,independent,0.0,1701,1.35,60.73650000000001,44.99,0.15,late,device_0,0,I1,0.08557496549563032,855.7496549563032,0.0038,38,1,0,38,1.0,0,38,0.0707,0.0,0.34639882410583045,,,,{},0.4981,0.5,0.9962
2,independent,0.0,1701,1.35,60.73650000000001,44.99,0.15,late,device_1,1,I1,0.0867233810945045,867.2338109450451,0.0044,44,2,1,43,1.0,0,44,0.0741,0.0,0.35814403093281777,,,,{},0.4978,0.5,0.9956
2,independent,0.0,1701,1.35,60.73650000000001,44.99,0.15,late,device_0,0,J1,0.07159088663679614,715.9088663679613,0.0038,38,1,0,38,1.0,0,38,0.0214,0.00012564392511622062,0.10436060754532092,,,,"{""joint"": true, ""violation_set"": ""fixed_to_I1""}",0.3697045,0.775,0.9962
2,independent,0.0,1701,1.35,60.73650000000001,44.99,0.15,late,device_1,1,J1,0.0724854192573301,724.8541925733009,0.0044,44,2,1,43,1.0,0,44,0.0225,0.0,0.10874818753020783,,,,"{""joint"": true, ""violation_set"": ""fixed_to_I1""}",0.369548,0.96,0.9956
2,independent,0.0,1701,1.35,60.73650000000001,44.99,0.15,late,device_0,0,I2,0.0627688686931832,627.688686931832,0.15,1500,5,199,1263,0.6346666666666667,548,952,0.0,0.0,0.0,,,,"{""budget"": 1462}",0.425,0.5,0.85
2,independent,0.0,1701,1.35,60.73650000000001,44.99,0.15,late,device_1,1,I2,0.06333822037972543,633.3822037972543,0.15,1500,4,189,1278,0.668,498,1002,0.0,0.0,0.0,,,,"{""budget"": 1456}",0.425,0.5,0.85
2,independent,0.0,1701,1.35,60.73650000000001,44.99,0.15,late,device_0,0,J2,0.057623022120327196,576.230221203272,0.1498,1498,4,196,1265,0.7703604806408545,344,1154,0.0,0.0,0.0,,,,"{""joint"": true, ""source"": ""heuristic""}",0.3130925,1.0,0.8502
2,independent,0.0,1701,1.35,60.73650000000001,44.99,0.15,late,device_1,1,J2,0.05911343397079052,591.1343397079052,0.15,1500,4,187,1269,0.738,393,1107,0.0044,0.0,0.02126631222812953,,,,"{""joint"": true, ""source"": ""heuristic""}",0.31249399999999994,0.99,0.85
2,independent,0.0,1702,1.35,60.73650000000001,44.99,0.15,late,device_0,0,I1,0.08640255727893562,864.0255727893561,0.0043,43,1,0,43,1.0,0,43,0.0755,0.0,0.3693737769080235,,,,{},0.49785,0.5,0.9957
2,independent,0.0,1702,1.35,60.73650000000001,44.99,0.15,late,device_1,1,I1,0.08494451442690389,849.4451442690388,0.0033,33,1,0,33,1.0,0,33,0.0717,0.0,0.3579630554168747,,,,{},0.49835,0.5,0.9967
2,independent,0.0,1702,1.35,60.73650000000001,44.99,0.15,late,device_0,0,J1,0.07155375710525687,715.5375710525686,0.0043,43,1,0,43,1.0,0,43,0.0219,0.0003770739064856712,0.10567514677103718,,,,"{""joint"": true, ""violation_set"": ""fixed_to_I1""}",0.369413,0.955,0.9957
2,independent,0.0,1702,1.35,60.73650000000001,44.99,0.15,late,device_1,1,J1,0.0717378371331163,717.378371331163,0.0033,33,1,0,33,1.0,0,33,0.0239,0.0,0.11932101847229157,,,,"{""joint"": true, ""violation_set"": ""fixed_to_I1""}",0.3665785,0.91,0.9967
2,independent,0.0,1702,1.35,60.73650000000001,44.99,0.15,late,device_0,0,I2,0.06274213114970412,627.4213114970412,0.15,1500,5,194,1279,0.6746666666666666,488,1012,0.0,0.0,0.0,,,,"{""budget"": 1457}",0.425,0.5,0.85
2,independent,0.0,1702,1.35,60.73650000000001,44.99,0.15,late,device_1,1,I2,0.061954434550330756,619.5443455033076,0.15,1500,5,199,1256,0.64,540,960,0.0,0.0,0.0,,,,"{""budget"": 1467}",0.425,0.5,0.85
2,independent,0.0,1702,1.35,60.73650000000001,44.99,0.15,late,device_0,0,J2,0.05778079341580578,577.8079341580578,0.1495,1495,5,184,1283,0.7605351170568562,358,1137,0.0,0.0,0.0,,,,"{""joint"": true, ""source"": ""heuristic""}",0.312281,1.0,0.8505
2,independent,0.0,1702,1.35,60.73650000000001,44.99,0.15,late,device_1,1,J2,0.057858359889654716,578.5835988965472,0.15,1500,5,191,1270,0.74,390,1110,0.0033,0.0,0.016475287069395907,,,,"{""joint"": true, ""source"": ""heuristic""}",0.30932550000000003,1.0,0.85
2,independent,0.975,1701,1.35,60.73650000000001,44.99,0.15,late,device_0,0,I1,0.0846327554818303,846.327554818303,0.0034,34,2,1,33,1.0,0,34,0.0723,0.0,0.3629518072289157,,,,{},0.4983,0.5,0.9966
2,independent,0.975,1701,1.35,60.73650000000001,44.99,0.15,late,device_1,1,I1,0.083669090302614,836.6909030261401,0.0032,32,2,1,31,1.0,0,32,0.0656,0.0,0.3340122199592668,,,,{},0.4984,0.5,0.9968
2,independent,0.975,1701,1.35,60.73650000000001,44.99,0.15,late,device_0,0,J1,0.07115333630320331,711.5333630320331,0.0034,34,2,1,33,1.0,0,34,0.0229,0.0,0.11495983935742972,,,,"{""joint"": true, ""violation_set"": ""fixed_to_I1""}",0.367974,0.775,0.9966
2,independent,0.975,1701,1.35,60.73650000000001,44.99,0.15,late,device_1,1,J1,0.07106002979478508,710.6002979478508,0.0032,32,2,1,31,1.0,0,32,0.0213,0.0,0.10845213849287169,,,,"{""joint"": true, ""violation_set"": ""fixed_to_I1""}",0.3688285,0.855,0.9968
2,independent,0.975,1701,1.35,60.73650000000001,44.99,0.15,late,device_0,0,I2,0.06156950674044215,615.6950674044215,0.15,1500,12,270,996,0.6393333333333333,541,959,0.0,0.0,0.0,,,,"{""budget"": 1466}",0.425,0.5,0.85
2,independent,0.975,1701,1.35,60.73650000000001,44.99,0.15,late,device_1,1,I2,0.061713873705775996,617.13873705776,0.15,1500,8,265,1054,0.5953333333333334,607,893,0.0,0.0,0.0,,,,"{""budget"": 1468}",0.425,0.5,0.85
2,independent,0.975,1701,1.35,60.73650000000001,44.99,0.15,late,device_0,0,J2,0.05767840765279036,576.7840765279036,0.15,1500,16,282,830,0.764,354,1146,0.0034,0.0,0.01706827309236948,,,,"{""joint"": true, ""source"": ""heuristic""}",0.31063850000000004,0.995,0.85
2,independent,0.975,1701,1.35,60.73650000000001,44.99,0.15,late,device_1,1,J2,0.056793023461771806,567.930234617718,0.1499,1499,10,306,839,0.7631754503002002,355,1144,0.0,0.0,0.0,,,,"{""joint"": true, ""source"": ""heuristic""}",0.31241149999999995,1.0,0.8501
2,independent,0.975,1702,1.35,60.73650000000001,44.99,0.15,late,device_0,0,I1,0.08467472464115113,846.7472464115112,0.0034,34,1,0,34,1.0,0,34,0.0714,0.0,0.36447166921898927,,,,{},0.4983,0.5,0.9966
2,independent,0.975,1702,1.35,60.73650000000001,44.99,0.15,late,device_1,1,I1,0.08320174986132256,832.0174986132256,0.003,30,1,0,30,1.0,0,30,0.0671,0.0,0.34164969450101834,,,,{},0.4985,0.5,0.997
2,independent,0.975,1702,1.35,60.73650000000001,44.99,0.15,late,device_0,0,J1,0.07137313159490459,713.7313159490459,0.0034,34,1,0,34,1.0,0,34,0.0255,0.0,0.13016845329249618,,,,"{""joint"": true, ""violation_set"": ""fixed_to_I1""}",0.36846100000000004,0.895,0.9966
2,independent,0.975,1702,1.35,60.73650000000001,44.99,0.15,late,device_1,1,J1,0.07038872967216792,703.8872967216791,0.003,30,1,0,30,1.0,0,30,0.0223,0.0,0.11354378818737271,,,,"{""joint"": true, ""violation_set"": ""fixed_to_I1""}",0.367251,0.92,0.997
2,independent,0.975,1702,1.35,60.73650000000001,44.99,0.15,late,device_0,0,I2,0.06176890385777689,617.6890385777689,0.15,1500,8,290,1002,0.6353333333333333,547,953,0.0,0.0,0.0,,,,"{""budget"": 1466}",0.425,0.5,0.85
2,independent,0.975,1702,1.35,60.73650000000001,44.99,0.15,late,device_1,1,I2,0.06098762799263245,609.8762799263245,0.15,1500,10,260,1037,0.6246666666666667,563,937,0.0,0.0,0.0,,,,"{""budget"": 1470}",0.425,0.5,0.85
2,independent,0.975,1702,1.35,60.73650000000001,44.99,0.15,late,device_0,0,J2,0.056668682898464114,566.6868289846411,0.15,1500,13,286,816,0.7766666666666666,335,1165,0.0001,0.0,0.0005104645227156713,,,,"{""joint"": true, ""source"": ""heuristic""}",0.3117835,1.0,0.85
2,independent,0.975,1702,1.35,60.73650000000001,44.99,0.15,late,device_1,1,J2,0.05677678877191009,567.7678877191009,0.15,1500,10,298,809,0.7626666666666667,356,1144,0.003,0.0,0.015274949083503055,,,,"{""joint"": true, ""source"": ""heuristic""}",0.310295,0.99,0.85
2,common,0.0,1701,1.35,60.73650000000001,44.99,0.15,late,device_0,0,I1,0.08557496549563032,855.7496549563032,0.0038,38,1,0,38,1.0,0,38,0.0707,0.0,0.34639882410583045,,,,{},0.4981,0.5,0.9962
2,common,0.0,1701,1.35,60.73650000000001,44.99,0.15,late,device_1,1,I1,0.08557496549563032,855.7496549563032,0.0038,38,1,0,38,1.0,0,38,0.0707,0.0,0.34639882410583045,,,,{},0.4981,0.5,0.9962
2,common,0.0,1701,1.35,60.73650000000001,44.99,0.15,late,device_0,0,J1,0.07847946013238374,784.7946013238375,0.0038,38,1,0,38,1.0,0,38,0.0479,0.0,0.2346888780009799,,,,"{""joint"": true, ""violation_set"": ""fixed_to_I1""}",0.3583255,0.705,0.9962
2,common,0.0,1701,1.35,60.73650000000001,44.99,0.15,late,device_1,1,J1,0.07898639887425252,789.8639887425252,0.0038,38,1,0,38,1.0,0,38,0.05,0.0,0.2449779519843214,,,,"{""joint"": true, ""violation_set"": ""fixed_to_I1""}",0.35792749999999995,0.705,0.9962
2,common,0.0,1701,1.35,60.73650000000001,44.99,0.15,late,device_0,0,I2,0.0627688686931832,627.688686931832,0.15,1500,5,199,1263,0.6346666666666667,548,952,0.0,0.0,0.0,,,,"{""budget"": 1462}",0.425,0.5,0.85
2,common,0.0,1701,1.35,60.73650000000001,44.99,0.15,late,device_1,1,I2,0.0627688686931832,627.688686931832,0.15,1500,5,199,1263,0.6346666666666667,548,952,0.0,0.0,0.0,,,,"{""budget"": 1462}",0.425,0.5,0.85
2,common,0.0,1701,1.35,60.73650000000001,44.99,0.15,late,device_0,0,J2,0.05902570677288302,590.2570677288302,0.1188,1188,4,124,1039,0.6077441077441077,466,722,0.0,0.0,0.0,,,,"{""joint"": true, ""source"": ""heuristic""}",0.329801,1.0,0.8812
2,common,0.0,1701,1.35,60.73650000000001,44.99,0.15,late,device_1,1,J2,0.061108996416872674,611.0899641687267,0.15,1500,5,206,1259,0.6126666666666667,581,919,0.0038,0.0,0.018618324350808426,,,,"{""joint"": true, ""source"": ""heuristic""}",0.304825,1.0,0.85
2,common,0.0,1702,1.35,60.73650000000001,44.99,0.15,late,device_0,0,I1,0.08640255727893562,864.0255727893561,0.0043,43,1,0,43,1.0,0,43,0.0755,0.0,0.3693737769080235,,,,{},0.49785,0.5,0.9957
2,common,0.0,1702,1.35,60.73650000000001,44.99,0.15,late,device_1,1,I1,0.08640255727893562,864.0255727893561,0.0043,43,1,0,43,1.0,0,43,0.0755,0.0,0.3693737769080235,,,,{},0.49785,0.5,0.9957
2,common,0.0,1702,1.35,60.73650000000001,44.99,0.15,late,device_0,0,J1,0.07876724186304795,787.6724186304796,0.0043,43,1,0,43,1.0,0,43,0.0502,0.0,0.2455968688845401,,,,"{""joint"": true, ""violation_set"": ""fixed_to_I1""}",0.35778649999999995,0.705,0.9957
2,common,0.0,1702,1.35,60.73650000000001,44.99,0.15,late,device_1,1,J1,0.07889901454677538,788.9901454677538,0.0043,43,1,0,43,1.0,0,43,0.0505,0.0,0.24706457925636008,,,,"{""joint"": true, ""violation_set"": ""fixed_to_I1""}",0.357694,0.705,0.9957
2,common,0.0,1702,1.35,60.73650000000001,44.99,0.15,late,device_0,0,I2,0.06274213114970412,627.4213114970412,0.15,1500,5,194,1279,0.6746666666666666,488,1012,0.0,0.0,0.0,,,,"{""budget"": 1457}",0.425,0.5,0.85
2,common,0.0,1702,1.35,60.73650000000001,44.99,0.15,late,device_1,1,I2,0.06274213114970412,627.4213114970412,0.15,1500,5,194,1279,0.6746666666666666,488,1012,0.0,0.0,0.0,,,,"{""budget"": 1457}",0.425,0.5,0.85
2,common,0.0,1702,1.35,60.73650000000001,44.99,0.15,late,device_0,0,J2,0.05903905461178941,590.3905461178941,0.1195,1195,4,134,1048,0.6,478,717,0.0,0.0,0.0,,,,"{""joint"": true, ""source"": ""heuristic""}",0.3291025,1.0,0.8805
2,common,0.0,1702,1.35,60.73650000000001,44.99,0.15,late,device_1,1,J2,0.061043177318448,610.43177318448,0.15,1500,5,192,1280,0.6486666666666666,527,973,0.0043,0.0,0.021037181996086105,,,,"{""joint"": true, ""source"": ""heuristic""}",0.30487749999999997,1.0,0.85
2,common,0.975,1701,1.35,60.73650000000001,44.99,0.15,late,device_0,0,I1,0.0846327554818303,846.327554818303,0.0034,34,2,1,33,1.0,0,34,0.0723,0.0,0.3629518072289157,,,,{},0.4983,0.5,0.9966
2,common,0.975,1701,1.35,60.73650000000001,44.99,0.15,late,device_1,1,I1,0.0846327554818303,846.327554818303,0.0034,34,2,1,33,1.0,0,34,0.0723,0.0,0.3629518072289157,,,,{},0.4983,0.5,0.9966
2,common,0.975,1701,1.35,60.73650000000001,44.99,0.15,late,device_0,0,J1,0.07797213336357021,779.7213336357022,0.0034,34,2,1,33,1.0,0,34,0.0499,0.0,0.2505020080321285,,,,"{""joint"": true, ""violation_set"": ""fixed_to_I1""}",0.3571415,0.705,0.9966
2,common,0.975,1701,1.35,60.73650000000001,44.99,0.15,late,device_1,1,J1,0.07799892028501593,779.9892028501592,0.0034,34,2,1,33,1.0,0,34,0.0509,0.0,0.25552208835341367,,,,"{""joint"": true, ""violation_set"": ""fixed_to_I1""}",0.3572575,0.705,0.9966
2,common,0.975,1701,1.35,60.73650000000001,44.99,0.15,late,device_0,0,I2,0.06156950674044215,615.6950674044215,0.15,1500,12,270,996,0.6393333333333333,541,959,0.0,0.0,0.0,,,,"{""budget"": 1466}",0.425,0.5,0.85
2,common,0.975,1701,1.35,60.73650000000001,44.99,0.15,late,device_1,1,I2,0.06156950674044215,615.6950674044215,0.15,1500,12,270,996,0.6393333333333333,541,959,0.0,0.0,0.0,,,,"{""budget"": 1466}",0.425,0.5,0.85
2,common,0.975,1701,1.35,60.73650000000001,44.99,0.15,late,device_0,0,J2,0.05807901954150966,580.7901954150966,0.115,1150,6,197,843,0.6617391304347826,389,761,0.0,0.0,0.0,,,,"{""joint"": true, ""source"": ""heuristic""}",0.330117,1.0,0.885
2,common,0.975,1701,1.35,60.73650000000001,44.99,0.15,late,device_1,1,J2,0.06033175870964433,603.3175870964433,0.15,1500,12,262,1023,0.622,567,933,0.0034,0.0,0.01706827309236948,,,,"{""joint"": true, ""source"": ""heuristic""}",0.302767,0.99,0.85
2,common,0.975,1702,1.35,60.73650000000001,44.99,0.15,late,device_0,0,I1,0.08467472464115113,846.7472464115112,0.0034,34,1,0,34,1.0,0,34,0.0714,0.0,0.36447166921898927,,,,{},0.4983,0.5,0.9966
2,common,0.975,1702,1.35,60.73650000000001,44.99,0.15,late,device_1,1,I1,0.08467472464115113,846.7472464115112,0.0034,34,1,0,34,1.0,0,34,0.0714,0.0,0.36447166921898927,,,,{},0.4983,0.5,0.9966
2,common,0.975,1702,1.35,60.73650000000001,44.99,0.15,late,device_0,0,J1,0.07807215869122537,780.7215869122538,0.0034,34,1,0,34,1.0,0,34,0.0508,0.0,0.259315977539561,,,,"{""joint"": true, ""violation_set"": ""fixed_to_I1""}",0.3576275,0.705,0.9966
2,common,0.975,1702,1.35,60.73650000000001,44.99,0.15,late,device_1,1,J1,0.0782008359181607,782.008359181607,0.0034,34,1,0,34,1.0,0,34,0.0512,0.0,0.2613578356304237,,,,"{""joint"": true, ""violation_set"": ""fixed_to_I1""}",0.357192,0.705,0.9966
2,common,0.975,1702,1.35,60.73650000000001,44.99,0.15,late,device_0,0,I2,0.06176890385777689,617.6890385777689,0.15,1500,8,290,1002,0.6353333333333333,547,953,0.0,0.0,0.0,,,,"{""budget"": 1466}",0.425,0.5,0.85
2,common,0.975,1702,1.35,60.73650000000001,44.99,0.15,late,device_1,1,I2,0.06176890385777689,617.6890385777689,0.15,1500,8,290,1002,0.6353333333333333,547,953,0.0,0.0,0.0,,,,"{""budget"": 1466}",0.425,0.5,0.85
2,common,0.975,1702,1.35,60.73650000000001,44.99,0.15,late,device_0,0,J2,0.06011581554892614,601.1581554892614,0.15,1500,11,281,1019,0.616,576,924,0.0034,0.0,0.017355793772332824,,,,"{""joint"": true, ""source"": ""heuristic""}",0.3039085,1.0,0.85
2,common,0.975,1702,1.35,60.73650000000001,44.99,0.15,late,device_1,1,J2,0.058068222413056765,580.6822241305676,0.119,1190,7,185,920,0.6067226890756302,468,722,0.0,0.0,0.0,,,,"{""joint"": true, ""source"": ""heuristic""}",0.328531,1.0,0.881
4,independent,0.0,1701,1.35,84.888,62.88,0.15,drop,device_0,0,I1,0.06981838134397776,698.1838134397776,0.0,0,0,0,0,,0,0,0.0171,0.0,0.08378245957863792,,,,{},0.25,0.25,1.0
4,independent,0.0,1701,1.35,84.888,62.88,0.15,drop,device_1,1,I1,0.07052754613378644,705.2754613378644,0.0,0,0,0,0,,0,0,0.0187,0.0,0.09038182696955051,,,,{},0.25,0.25,1.0
4,independent,0.0,1701,1.35,84.888,62.88,0.15,drop,device_2,2,I1,0.0685844096720739,685.8440967207389,0.0,0,0,0,0,,0,0,0.0167,0.0,0.08511722731906218,,,,{},0.25,0.25,1.0
4,independent,0.0,1701,1.35,84.888,62.88,0.15,drop,device_3,3,I1,0.06853390462467503,685.3390462467503,0.0,0,0,0,0,,0,0,0.0173,0.0,0.08890030832476875,,,,{},0.25,0.25,1.0
4,independent,0.0,1701,1.35,84.888,62.88,0.15,drop,device_0,0,J1,0.06220587708170453,622.0587708170453,0.0,0,0,0,0,,0,0,0.0,0.0,0.0,,,,"{""joint"": true, ""violation_set"": ""fixed_to_I1""}",0.20540299999999997,0.525,1.0
4,independent,0.0,1701,1.35,84.888,62.88,0.15,drop,device_1,1,J1,0.06257188403815826,625.7188403815826,0.0,0,0,0,0,,0,0,0.0,0.0,0.0,,,,"{""joint"": true, ""violation_set"": ""fixed_to_I1""}",0.2057025,0.485,1.0
4,independent,0.0,1701,1.35,84.888,62.88,0.15,drop,device_2,2,J1,0.06113896516074345,611.3896516074345,0.0,0,0,0,0,,0,0,0.0,0.0,0.0,,,,"{""joint"": true, ""violation_set"": ""fixed_to_I1""}",0.2047365,0.505,1.0
4,independent,0.0,1701,1.35,84.888,62.88,0.15,drop,device_3,3,J1,0.060888223147425424,608.8822314742542,0.0,0,0,0,0,,0,0,0.0,0.0,0.0,,,,"{""joint"": true, ""violation_set"": ""fixed_to_I1""}",0.20437550000000002,0.5,1.0
4,independent,0.0,1701,1.35,84.888,62.88,0.15,drop,device_0,0,I2,0.040905706105492996,409.05706105493,0.15,1500,4,187,1284,1.0,0,1500,0.0,0.0,0.0,,,,"{""budget"": 1500}",0.2125,0.25,0.85
4,independent,0.0,1701,1.35,84.888,62.88,0.15,drop,device_1,1,I2,0.041202778080043134,412.02778080043134,0.15,1500,5,186,1289,1.0,0,1500,0.0,0.0,0.0,,,,"{""budget"": 1500}",0.2125,0.25,0.85
4,independent,0.0,1701,1.35,84.888,62.88,0.15,drop,device_2,2,I2,0.039798895342495484,397.98895342495484,0.15,1500,4,184,1293,1.0,0,1500,0.0,0.0,0.0,,,,"{""budget"": 1500}",0.2125,0.25,0.85
4,independent,0.0,1701,1.35,84.888,62.88,0.15,drop,device_3,3,I2,0.03962366228522145,396.23662285221445,0.15,1500,4,171,1299,1.0,0,1500,0.0,0.0,0.0,,,,"{""budget"": 1500}",0.2125,0.25,0.85
4,independent,0.0,1701,1.35,84.888,62.88,0.15,drop,device_0,0,J2,0.03679014300811815,367.9014300811815,0.15,1500,4,197,1277,0.9993333333333333,1,1499,0.0,0.0,0.0,,,,"{""joint"": true, ""source"": ""heuristic""}",0.17245549999999998,0.825,0.85
4,independent,0.0,1701,1.35,84.888,62.88,0.15,drop,device_1,1,J2,0.03697080378011275,369.7080378011275,0.15,1500,5,183,1290,1.0,0,1500,0.0,0.0,0.0,,,,"{""joint"": true, ""source"": ""heuristic""}",0.17345349999999998,0.885,0.85
4,independent,0.0,1701,1.35,84.888,62.88,0.15,drop,device_2,2,J2,0.03587591110744342,358.7591110744342,0.15,1500,4,185,1295,1.0,0,1500,0.0,0.0,0.0,,,,"{""joint"": true, ""source"": ""heuristic""}",0.17042,0.81,0.85
4,independent,0.0,1701,1.35,84.888,62.88,0.15,drop,device_3,3,J2,0.03557952520331178,355.7952520331178,0.15,1500,4,168,1303,1.0,0,1500,0.0,0.0,0.0,,,,"{""joint"": true, ""source"": ""heuristic""}",0.170765,1.0,0.85
4,independent,0.0,1702,1.35,84.888,62.88,0.15,drop,device_0,0,I1,0.06992182837590412,699.2182837590412,0.0,0,0,0,0,,0,0,0.0188,0.0,0.09197651663405088,,,,{},0.25,0.25,1.0
4,independent,0.0,1702,1.35,84.888,62.88,0.15,drop,device_1,1,I1,0.06962008015024079,696.2008015024079,0.0,0,0,0,0,,0,0,0.0192,0.0,0.09585621567648527,,,,{},0.25,0.25,1.0
4,independent,0.0,1702,1.35,84.888,62.88,0.15,drop,device_2,2,I1,0.06948479945512714,694.8479945512714,0.0,0,0,0,0,,0,0,0.0173,0.0,0.08676028084252758,,,,{},0.25,0.25,1.0
4,independent,0.0,1702,1.35,84.888,62.88,0.15,drop,device_3,3,I1,0.06871820376856258,687.1820376856258,0.0,0,0,0,0,,0,0,0.0151,0.0,0.0757271815446339,,,,{},0.25,0.25,1.0
4,independent,0.0,1702,1.35,84.888,62.88,0.15,drop,device_0,0,J1,0.062216064070659875,622.1606407065988,0.0,0,0,0,0,,0,0,0.0,0.0,0.0,,,,"{""joint"": true, ""violation_set"": ""fixed_to_I1""}",0.20476749999999996,0.51,1.0
4,independent,0.0,1702,1.35,84.888,62.88,0.15,drop,device_1,1,J1,0.06156106254001129,615.6106254001129,0.0,0,0,0,0,,0,0,0.0002,0.0,0.000998502246630055,,,,"{""joint"": true, ""violation_set"": ""fixed_to_I1""}",0.2052585,0.495,1.0
4,independent,0.0,1702,1.35,84.888,62.88,0.15,drop,device_2,2,J1,0.0616234370077799,616.234370077799,0.0,0,0,0,0,,0,0,0.0,0.0,0.0,,,,"{""joint"": true, ""violation_set"": ""fixed_to_I1""}",0.20522599999999996,0.5,1.0
4,independent,0.0,1702,1.35,84.888,62.88,0.15,drop,device_3,3,J1,0.06162815911189571,616.2815911189571,0.0,0,0,0,0,,0,0,0.0,0.0,0.0,,,,"{""joint"": true, ""violation_set"": ""fixed_to_I1""}",0.20486850000000004,0.525,1.0
4,independent,0.0,1702,1.35,84.888,62.88,0.15,drop,device_0,0,I2,0.0405893826799048,405.893826799048,0.15,1500,5,187,1277,1.0,0,1500,0.0,0.0,0.0,,,,"{""budget"": 1500}",0.2125,0.25,0.85
4,independent,0.0,1702,1.35,84.888,62.88,0.15,drop,device_1,1,I2,0.04022859544988183,402.28595449881834,0.15,1500,4,203,1272,1.0,0,1500,0.0,0.0,0.0,,,,"{""budget"": 1500}",0.2125,0.25,0.85
4,independent,0.0,1702,1.35,84.888,62.88,0.15,drop,device_2,2,I2,0.040532721460938295,405.32721460938296,0.15,1500,4,191,1285,1.0,0,1500,0.0,0.0,0.0,,,,"{""budget"": 1500}",0.2125,0.25,0.85
4,independent,0.0,1702,1.35,84.888,62.88,0.15,drop,device_3,3,I2,0.04027820270305778,402.78202703057775,0.15,1500,4,195,1267,1.0,0,1500,0.0,0.0,0.0,,,,"{""budget"": 1500}",0.2125,0.25,0.85
4,independent,0.0,1702,1.35,84.888,62.88,0.15,drop,device_0,0,J2,0.03667805804294392,366.78058042943917,0.15,1500,5,190,1271,0.9993333333333333,1,1499,0.0,0.0,0.0,,,,"{""joint"": true, ""source"": ""heuristic""}",0.1724415,0.935,0.85
4,independent,0.0,1702,1.35,84.888,62.88,0.15,drop,device_1,1,J2,0.036143767346533115,361.43767346533116,0.15,1500,3,200,1274,1.0,0,1500,0.0,0.0,0.0,,,,"{""joint"": true, ""source"": ""heuristic""}",0.17128049999999997,0.785,0.85
4,independent,0.0,1702,1.35,84.888,62.88,0.15,drop,device_2,2,J2,0.03625006197736079,362.5006197736079,0.15,1500,4,194,1284,0.9993333333333333,1,1499,0.0,0.0,0.0,,,,"{""joint"": true, ""source"": ""heuristic""}",0.1715025,0.82,0.85
4,independent,0.0,1702,1.35,84.888,62.88,0.15,drop,device_3,3,J2,0.03624227084061745,362.42270840617454,0.15,1500,4,197,1268,1.0,0,1500,0.0,0.0,0.0,,,,"{""joint"": true, ""source"": ""heuristic""}",0.171656,0.705,0.85
4,independent,0.975,1701,1.35,84.888,62.88,0.15,drop,device_0,0,I1,0.0692808407610244,692.8084076102441,0.0,0,0,0,0,,0,0,0.0183,0.0,0.09186746987951808,,,,{},0.25,0.25,1.0
4,independent,0.975,1701,1.35,84.888,62.88,0.15,drop,device_1,1,I1,0.06927269768429502,692.7269768429502,0.0,0,0,0,0,,0,0,0.0181,0.0,0.09215885947046844,,,,{},0.25,0.25,1.0
4,independent,0.975,1701,1.35,84.888,62.88,0.15,drop,device_2,2,I1,0.0677564106279829,677.564106279829,0.0,0,0,0,0,,0,0,0.0153,0.0,0.07981220657276995,,,,{},0.25,0.25,1.0
4,independent,0.975,1701,1.35,84.888,62.88,0.15,drop,device_3,3,I1,0.06848246102888356,684.8246102888356,0.0,0,0,0,0,,0,0,0.0173,0.0,0.0892672858617131,,,,{},0.25,0.25,1.0
4,independent,0.975,1701,1.35,84.888,62.88,0.15,drop,device_0,0,J1,0.06143415369230112,614.3415369230112,0.0,0,0,0,0,,0,0,0.0001,0.0,0.000502008032128514,,,,"{""joint"": true, ""violation_set"": ""fixed_to_I1""}",0.20482199999999998,0.495,1.0
4,independent,0.975,1701,1.35,84.888,62.88,0.15,drop,device_1,1,J1,0.0613314384482549,613.314384482549,0.0,0,0,0,0,,0,0,0.0,0.0,0.0,,,,"{""joint"": true, ""violation_set"": ""fixed_to_I1""}",0.2055455,0.495,1.0
4,independent,0.975,1701,1.35,84.888,62.88,0.15,drop,device_2,2,J1,0.06069923933124803,606.9923933124803,0.0,0,0,0,0,,0,0,0.0,0.0,0.0,,,,"{""joint"": true, ""violation_set"": ""fixed_to_I1""}",0.2043845,0.515,1.0
4,independent,0.975,1701,1.35,84.888,62.88,0.15,drop,device_3,3,J1,0.060753238375435226,607.5323837543523,0.0,0,0,0,0,,0,0,0.0,0.0,0.0,,,,"{""joint"": true, ""violation_set"": ""fixed_to_I1""}",0.20484900000000003,0.5,1.0
4,independent,0.975,1701,1.35,84.888,62.88,0.15,drop,device_0,0,I2,0.040083669717248145,400.8366971724815,0.15,1500,23,295,399,1.0,0,1500,0.0,0.0,0.0,,,,"{""budget"": 1500}",0.2125,0.25,0.85
4,independent,0.975,1701,1.35,84.888,62.88,0.15,drop,device_1,1,I2,0.040188169141161835,401.88169141161836,0.15,1500,25,297,396,1.0,0,1500,0.0,0.0,0.0,,,,"{""budget"": 1500}",0.2125,0.25,0.85
4,independent,0.975,1701,1.35,84.888,62.88,0.15,drop,device_2,2,I2,0.039300114832963945,393.0011483296395,0.15,1500,24,276,348,1.0,0,1500,0.0,0.0,0.0,,,,"{""budget"": 1500}",0.2125,0.25,0.85
4,independent,0.975,1701,1.35,84.888,62.88,0.15,drop,device_3,3,I2,0.03960704292228316,396.07042922283165,0.15,1500,34,273,368,1.0,0,1500,0.0,0.0,0.0,,,,"{""budget"": 1500}",0.2125,0.25,0.85
4,independent,0.975,1701,1.35,84.888,62.88,0.15,drop,device_0,0,J2,0.03612038927985724,361.2038927985724,0.15,1500,23,291,399,1.0,0,1500,0.0,0.0,0.0,,,,"{""joint"": true, ""source"": ""heuristic""}",0.170666,0.8,0.85
4,independent,0.975,1701,1.35,84.888,62.88,0.15,drop,device_1,1,J2,0.03605782490118452,360.5782490118452,0.15,1500,17,301,400,1.0,0,1500,0.0,0.0,0.0,,,,"{""joint"": true, ""source"": ""heuristic""}",0.171362,0.805,0.85
4,independent,0.975,1701,1.35,84.888,62.88,0.15,drop,device_2,2,J2,0.035397888287829846,353.97888287829846,0.15,1500,24,280,353,1.0,0,1500,0.0,0.0,0.0,,,,"{""joint"": true, ""source"": ""heuristic""}",0.17005549999999997,0.825,0.85
4,independent,0.975,1701,1.35,84.888,62.88,0.15,drop,device_3,3,J2,0.03551696536082748,355.16965360827476,0.15,1500,38,271,373,1.0,0,1500,0.0,0.0,0.0,,,,"{""joint"": true, ""source"": ""heuristic""}",0.17015149999999998,0.8,0.85
4,independent,0.975,1702,1.35,84.888,62.88,0.15,drop,device_0,0,I1,0.06935008360097877,693.5008360097878,0.0,0,0,0,0,,0,0,0.0197,0.0,0.10056151097498724,,,,{},0.25,0.25,1.0
4,independent,0.975,1702,1.35,84.888,62.88,0.15,drop,device_1,1,I1,0.06820651788653374,682.0651788653374,0.0,0,0,0,0,,0,0,0.0165,0.0,0.0840122199592668,,,,{},0.25,0.25,1.0
4,independent,0.975,1702,1.35,84.888,62.88,0.15,drop,device_2,2,I1,0.06969685743621587,696.9685743621587,0.0,0,0,0,0,,0,0,0.0184,0.0,0.09077454366058214,,,,{},0.25,0.25,1.0
4,independent,0.975,1702,1.35,84.888,62.88,0.15,drop,device_3,3,I1,0.07063311185248194,706.3311185248194,0.0,0,0,0,0,,0,0,0.0192,0.0,0.09221902017291066,,,,{},0.25,0.25,1.0
4,independent,0.975,1702,1.35,84.888,62.88,0.15,drop,device_0,0,J1,0.06117092976172521,611.7092976172521,0.0,0,0,0,0,,0,0,0.0,0.0,0.0,,,,"{""joint"": true, ""violation_set"": ""fixed_to_I1""}",0.205121,0.505,1.0
4,independent,0.975,1702,1.35,84.888,62.88,0.15,drop,device_1,1,J1,0.060877276434894725,608.7727643489472,0.0,0,0,0,0,,0,0,0.0,0.0,0.0,,,,"{""joint"": true, ""violation_set"": ""fixed_to_I1""}",0.2043555,0.51,1.0
4,independent,0.975,1702,1.35,84.888,62.88,0.15,drop,device_2,2,J1,0.0619468295053927,619.468295053927,0.0,0,0,0,0,,0,0,0.0,0.0,0.0,,,,"{""joint"": true, ""violation_set"": ""fixed_to_I1""}",0.205506,0.48,1.0
4,independent,0.975,1702,1.35,84.888,62.88,0.15,drop,device_3,3,J1,0.06254490062380716,625.4490062380717,0.0,0,0,0,0,,0,0,0.0,0.0,0.0,,,,"{""joint"": true, ""violation_set"": ""fixed_to_I1""}",0.20585,0.5,1.0
4,independent,0.975,1702,1.35,84.888,62.88,0.15,drop,device_0,0,I2,0.039853194521895965,398.53194521895966,0.15,1500,27,282,379,1.0,0,1500,0.0,0.0,0.0,,,,"{""budget"": 1500}",0.2125,0.25,0.85
4,independent,0.975,1702,1.35,84.888,62.88,0.15,drop,device_1,1,I2,0.03949175833300395,394.9175833300395,0.15,1500,27,275,357,1.0,0,1500,0.0,0.0,0.0,,,,"{""budget"": 1500}",0.2125,0.25,0.85
4,independent,0.975,1702,1.35,84.888,62.88,0.15,drop,device_2,2,I2,0.04049705540240286,404.97055402402856,0.15,1500,30,275,418,1.0,0,1500,0.0,0.0,0.0,,,,"{""budget"": 1500}",0.2125,0.25,0.85
4,independent,0.975,1702,1.35,84.888,62.88,0.15,drop,device_3,3,I2,0.04121050108744036,412.1050108744036,0.15,1500,21,315,445,1.0,0,1500,0.0,0.0,0.0,,,,"{""budget"": 1500}",0.2125,0.25,0.85
4,independent,0.975,1702,1.35,84.888,62.88,0.15,drop,device_0,0,J2,0.03581292668307607,358.1292668307607,0.15,1500,24,277,379,1.0,0,1500,0.0,0.0,0.0,,,,"{""joint"": true, ""source"": ""heuristic""}",0.17097649999999998,0.81,0.85
4,independent,0.975,1702,1.35,84.888,62.88,0.15,drop,device_1,1,J2,0.03560181540359457,356.0181540359457,0.15,1500,27,277,360,1.0,0,1500,0.0,0.0,0.0,,,,"{""joint"": true, ""source"": ""heuristic""}",0.170294,0.775,0.85
4,independent,0.975,1702,1.35,84.888,62.88,0.15,drop,device_2,2,J2,0.036664154195623314,366.64154195623314,0.15,1500,30,280,425,1.0,0,1500,0.0,0.0,0.0,,,,"{""joint"": true, ""source"": ""heuristic""}",0.1716625,0.675,0.85
4,independent,0.975,1702,1.35,84.888,62.88,0.15,drop,device_3,3,J2,0.03708740103730339,370.8740103730339,0.15,1500,19,312,449,0.9993333333333333,1,1499,0.0,0.0,0.0,,,,"{""joint"": true, ""source"": ""heuristic""}",0.172596,0.655,0.85
4,common,0.0,1701,1.35,84.888,62.88,0.15,drop,device_0,0,I1,0.06981838134397776,698.1838134397776,0.0,0,0,0,0,,0,0,0.0171,0.0,0.08378245957863792,,,,{},0.25,0.25,1.0
4,common,0.0,1701,1.35,84.888,62.88,0.15,drop,device_1,1,I1,0.06981838134397776,698.1838134397776,0.0,0,0,0,0,,0,0,0.0171,0.0,0.08378245957863792,,,,{},0.25,0.25,1.0
4,common,0.0,1701,1.35,84.888,62.88,0.15,drop,device_2,2,I1,0.06981838134397776,698.1838134397776,0.0,0,0,0,0,,0,0,0.0171,0.0,0.08378245957863792,,,,{},0.25,0.25,1.0
4,common,0.0,1701,1.35,84.888,62.88,0.15,drop,device_3,3,I1,0.06981838134397776,698.1838134397776,0.0,0,0,0,0,,0,0,0.0171,0.0,0.08378245957863792,,,,{},0.25,0.25,1.0
4,common,0.0,1701,1.35,84.888,62.88,0.15,drop,device_0,0,J1,0.06597265434086308,659.7265434086308,0.0,0,0,0,0,,0,0,0.0086,0.0,0.042136207741303285,,,,"{""joint"": true, ""violation_set"": ""fixed_to_I1""}",0.19726849999999999,0.46,1.0
4,common,0.0,1701,1.35,84.888,62.88,0.15,drop,device_1,1,J1,0.06596872822206751,659.6872822206751,0.0,0,0,0,0,,0,0,0.0083,0.0,0.040666340029397355,,,,"{""joint"": true, ""violation_set"": ""fixed_to_I1""}",0.1974815,0.45,1.0
4,common,0.0,1701,1.35,84.888,62.88,0.15,drop,device_2,2,J1,0.06632871369155911,663.2871369155911,0.0,0,0,0,0,,0,0,0.0096,0.0,0.04703576678098971,,,,"{""joint"": true, ""violation_set"": ""fixed_to_I1""}",0.19758900000000001,0.455,1.0
4,common,0.0,1701,1.35,84.888,62.88,0.15,drop,device_3,3,J1,0.06592030207730006,659.2030207730006,0.0,0,0,0,0,,0,0,0.0089,0.0,0.043606075453209214,,,,"{""joint"": true, ""violation_set"": ""fixed_to_I1""}",0.197695,0.46,1.0
4,common,0.0,1701,1.35,84.888,62.88,0.15,drop,device_0,0,I2,0.040905706105492996,409.05706105493,0.15,1500,4,187,1284,1.0,0,1500,0.0,0.0,0.0,,,,"{""budget"": 1500}",0.2125,0.25,0.85
4,common,0.0,1701,1.35,84.888,62.88,0.15,drop,device_1,1,I2,0.040905706105492996,409.05706105493,0.15,1500,4,187,1284,1.0,0,1500,0.0,0.0,0.0,,,,"{""budget"": 1500}",0.2125,0.25,0.85
4,common,0.0,1701,1.35,84.888,62.88,0.15,drop,device_2,2,I2,0.040905706105492996,409.05706105493,0.15,1500,4,187,1284,1.0,0,1500,0.0,0.0,0.0,,,,"{""budget"": 1500}",0.2125,0.25,0.85
4,common,0.0,1701,1.35,84.888,62.88,0.15,drop,device_3,3,I2,0.040905706105492996,409.05706105493,0.15,1500,4,187,1284,1.0,0,1500,0.0,0.0,0.0,,,,"{""budget"": 1500}",0.2125,0.25,0.85
4,common,0.0,1701,1.35,84.888,62.88,0.15,drop,device_0,0,J2,0.040244939451992943,402.44939451992946,0.15,1500,4,202,1265,0.868,198,1302,0.0,0.0,0.0,,,,"{""joint"": true, ""source"": ""heuristic""}",0.1816935,0.69,0.85
4,common,0.0,1701,1.35,84.888,62.88,0.15,drop,device_1,1,J2,0.039785264725192004,397.8526472519201,0.15,1500,5,197,1266,0.886,171,1329,0.0,0.0,0.0,,,,"{""joint"": true, ""source"": ""heuristic""}",0.1734515,0.55,0.85
4,common,0.0,1701,1.35,84.888,62.88,0.15,drop,device_2,2,J2,0.03736994137276252,373.6994137276252,0.15,1500,4,187,1284,1.0,0,1500,0.0,0.0,0.0,,,,"{""joint"": true, ""source"": ""heuristic""}",0.17061600000000002,0.815,0.85
4,common,0.0,1701,1.35,84.888,62.88,0.15,drop,device_3,3,J2,0.03707169448853316,370.7169448853316,0.15,1500,4,187,1284,1.0,0,1500,0.0,0.0,0.0,,,,"{""joint"": true, ""source"": ""heuristic""}",0.17185350000000002,0.815,0.85
4,common,0.0,1702,1.35,84.888,62.88,0.15,drop,device_0,0,I1,0.06992182837590412,699.2182837590412,0.0,0,0,0,0,,0,0,0.0188,0.0,0.09197651663405088,,,,{},0.25,0.25,1.0
4,common,0.0,1702,1.35,84.888,62.88,0.15,drop,device_1,1,I1,0.06992182837590412,699.2182837590412,0.0,0,0,0,0,,0,0,0.0188,0.0,0.09197651663405088,,,,{},0.25,0.25,1.0
4,common,0.0,1702,1.35,84.888,62.88,0.15,drop,device_2,2,I1,0.06992182837590412,699.2182837590412,0.0,0,0,0,0,,0,0,0.0188,0.0,0.09197651663405088,,,,{},0.25,0.25,1.0
4,common,0.0,1702,1.35,84.888,62.88,0.15,drop,device_3,3,I1,0.06992182837590412,699.2182837590412,0.0,0,0,0,0,,0,0,0.0188,0.0,0.09197651663405088,,,,{},0.25,0.25,1.0
4,common,0.0,1702,1.35,84.888,62.88,0.15,drop,device_0,0,J1,0.06597101446485061,659.7101446485061,0.0,0,0,0,0,,0,0,0.0092,0.0,0.04500978473581213,,,,"{""joint"": true, ""violation_set"": ""fixed_to_I1""}",0.1974715,0.465,1.0
4,common,0.0,1702,1.35,84.888,62.88,0.15,drop,device_1,1,J1,0.06613617870903767,661.3617870903767,0.0,0,0,0,0,,0,0,0.0099,0.0,0.048434442270058706,,,,"{""joint"": true, ""violation_set"": ""fixed_to_I1""}",0.19727050000000002,0.465,1.0
4,common,0.0,1702,1.35,84.888,62.88,0.15,drop,device_2,2,J1,0.06617354770045145,661.7354770045145,0.0,0,0,0,0,,0,0,0.0093,0.0,0.045499021526418784,,,,"{""joint"": true, ""violation_set"": ""fixed_to_I1""}",0.1970095,0.465,1.0
4,common,0.0,1702,1.35,84.888,62.88,0.15,drop,device_3,3,J1,0.06598296888301829,659.8296888301829,0.0,0,0,0,0,,0,0,0.0089,0.0,0.04354207436399217,,,,"{""joint"": true, ""violation_set"": ""fixed_to_I1""}",0.1975285,0.455,1.0
4,common,0.0,1702,1.35,84.888,62.88,0.15,drop,device_0,0,I2,0.0405893826799048,405.893826799048,0.15,1500,5,187,1277,1.0,0,1500,0.0,0.0,0.0,,,,"{""budget"": 1500}",0.2125,0.25,0.85
4,common,0.0,1702,1.35,84.888,62.88,0.15,drop,device_1,1,I2,0.0405893826799048,405.893826799048,0.15,1500,5,187,1277,1.0,0,1500,0.0,0.0,0.0,,,,"{""budget"": 1500}",0.2125,0.25,0.85
4,common,0.0,1702,1.35,84.888,62.88,0.15,drop,device_2,2,I2,0.0405893826799048,405.893826799048,0.15,1500,5,187,1277,1.0,0,1500,0.0,0.0,0.0,,,,"{""budget"": 1500}",0.2125,0.25,0.85
4,common,0.0,1702,1.35,84.888,62.88,0.15,drop,device_3,3,I2,0.0405893826799048,405.893826799048,0.15,1500,5,187,1277,1.0,0,1500,0.0,0.0,0.0,,,,"{""budget"": 1500}",0.2125,0.25,0.85
4,common,0.0,1702,1.35,84.888,62.88,0.15,drop,device_0,0,J2,0.037124197287828516,371.24197287828514,0.15,1500,5,187,1277,1.0,0,1500,0.0,0.0,0.0,,,,"{""joint"": true, ""source"": ""heuristic""}",0.170646,0.815,0.85
4,common,0.0,1702,1.35,84.888,62.88,0.15,drop,device_1,1,J2,0.03681057292237486,368.10572922374854,0.15,1500,5,187,1277,1.0,0,1500,0.0,0.0,0.0,,,,"{""joint"": true, ""source"": ""heuristic""}",0.17280600000000002,0.81,0.85
4,common,0.0,1702,1.35,84.888,62.88,0.15,drop,device_2,2,J2,0.040314679576262044,403.14679576262046,0.15,1500,5,211,1256,0.8673333333333333,199,1301,0.0,0.0,0.0,,,,"{""joint"": true, ""source"": ""heuristic""}",0.1835145,0.785,0.85
4,common,0.0,1702,1.35,84.888,62.88,0.15,drop,device_3,3,J2,0.03975164398287378,397.5164398287378,0.15,1500,5,196,1263,0.8913333333333333,163,1337,0.0,0.0,0.0,,,,"{""joint"": true, ""source"": ""heuristic""}",0.17335799999999998,0.55,0.85
4,common,0.975,1701,1.35,84.888,62.88,0.15,drop,device_0,0,I1,0.0692808407610244,692.8084076102441,0.0,0,0,0,0,,0,0,0.0183,0.0,0.09186746987951808,,,,{},0.25,0.25,1.0
4,common,0.975,1701,1.35,84.888,62.88,0.15,drop,device_1,1,I1,0.0692808407610244,692.8084076102441,0.0,0,0,0,0,,0,0,0.0183,0.0,0.09186746987951808,,,,{},0.25,0.25,1.0
4,common,0.975,1701,1.35,84.888,62.88,0.15,drop,device_2,2,I1,0.0692808407610244,692.8084076102441,0.0,0,0,0,0,,0,0,0.0183,0.0,0.09186746987951808,,,,{},0.25,0.25,1.0
4,common,0.975,1701,1.35,84.888,62.88,0.15,drop,device_3,3,I1,0.0692808407610244,692.8084076102441,0.0,0,0,0,0,,0,0,0.0183,0.0,0.09186746987951808,,,,{},0.25,0.25,1.0
4,common,0.975,1701,1.35,84.888,62.88,0.15,drop,device_0,0,J1,0.06533414985522107,653.3414985522107,0.0,0,0,0,0,,0,0,0.0095,0.0,0.04769076305220884,,,,"{""joint"": true, ""violation_set"": ""fixed_to_I1""}",0.1971045,0.465,1.0
4,common,0.975,1701,1.35,84.888,62.88,0.15,drop,device_1,1,J1,0.06537317268836361,653.7317268836362,0.0,0,0,0,0,,0,0,0.0089,0.0,0.04467871485943775,,,,"{""joint"": true, ""violation_set"": ""fixed_to_I1""}",0.19704000000000002,0.465,1.0
4,common,0.975,1701,1.35,84.888,62.88,0.15,drop,device_2,2,J1,0.06520166767898501,652.0166767898502,0.0,0,0,0,0,,0,0,0.0081,0.0,0.04066265060240964,,,,"{""joint"": true, ""violation_set"": ""fixed_to_I1""}",0.19667150000000003,0.465,1.0
4,common,0.975,1701,1.35,84.888,62.88,0.15,drop,device_3,3,J1,0.06524470098832667,652.4470098832667,0.0,0,0,0,0,,0,0,0.009,0.0,0.045180722891566265,,,,"{""joint"": true, ""violation_set"": ""fixed_to_I1""}",0.1970055,0.465,1.0
4,common,0.975,1701,1.35,84.888,62.88,0.15,drop,device_0,0,I2,0.040083669717248145,400.8366971724815,0.15,1500,23,295,399,1.0,0,1500,0.0,0.0,0.0,,,,"{""budget"": 1500}",0.2125,0.25,0.85
4,common,0.975,1701,1.35,84.888,62.88,0.15,drop,device_1,1,I2,0.040083669717248145,400.8366971724815,0.15,1500,23,295,399,1.0,0,1500,0.0,0.0,0.0,,,,"{""budget"": 1500}",0.2125,0.25,0.85
4,common,0.975,1701,1.35,84.888,62.88,0.15,drop,device_2,2,I2,0.040083669717248145,400.8366971724815,0.15,1500,23,295,399,1.0,0,1500,0.0,0.0,0.0,,,,"{""budget"": 1500}",0.2125,0.25,0.85
4,common,0.975,1701,1.35,84.888,62.88,0.15,drop,device_3,3,I2,0.040083669717248145,400.8366971724815,0.15,1500,23,295,399,1.0,0,1500,0.0,0.0,0.0,,,,"{""budget"": 1500}",0.2125,0.25,0.85
4,common,0.975,1701,1.35,84.888,62.88,0.15,drop,device_0,0,J2,0.03870953822090886,387.0953822090886,0.15,1500,17,307,601,0.894,159,1341,0.0,0.0,0.0,,,,"{""joint"": true, ""source"": ""heuristic""}",0.1726495,0.55,0.85
4,common,0.975,1701,1.35,84.888,62.88,0.15,drop,device_1,1,J2,0.03956596656588566,395.65966565885657,0.15,1500,13,305,671,0.8653333333333333,202,1298,0.0,0.0,0.0,,,,"{""joint"": true, ""source"": ""heuristic""}",0.1799465,0.68,0.85
4,common,0.975,1701,1.35,84.888,62.88,0.15,drop,device_2,2,J2,0.03684236262040764,368.4236262040764,0.15,1500,23,295,399,1.0,0,1500,0.0,0.0,0.0,,,,"{""joint"": true, ""source"": ""heuristic""}",0.1681895,0.795,0.85
4,common,0.975,1701,1.35,84.888,62.88,0.15,drop,device_3,3,J2,0.03651723706583731,365.1723706583731,0.15,1500,23,295,399,1.0,0,1500,0.0,0.0,0.0,,,,"{""joint"": true, ""source"": ""heuristic""}",0.170281,0.815,0.85
4,common,0.975,1702,1.35,84.888,62.88,0.15,drop,device_0,0,I1,0.06935008360097877,693.5008360097878,0.0,0,0,0,0,,0,0,0.0197,0.0,0.10056151097498724,,,,{},0.25,0.25,1.0
4,common,0.975,1702,1.35,84.888,62.88,0.15,drop,device_1,1,I1,0.06935008360097877,693.5008360097878,0.0,0,0,0,0,,0,0,0.0197,0.0,0.10056151097498724,,,,{},0.25,0.25,1.0
4,common,0.975,1702,1.35,84.888,62.88,0.15,drop,device_2,2,I1,0.06935008360097877,693.5008360097878,0.0,0,0,0,0,,0,0,0.0197,0.0,0.10056151097498724,,,,{},0.25,0.25,1.0
4,common,0.975,1702,1.35,84.888,62.88,0.15,drop,device_3,3,I1,0.06935008360097877,693.5008360097878,0.0,0,0,0,0,,0,0,0.0197,0.0,0.10056151097498724,,,,{},0.25,0.25,1.0
4,common,0.975,1702,1.35,84.888,62.88,0.15,drop,device_0,0,J1,0.0651324515312171,651.3245153121711,0.0,0,0,0,0,,0,0,0.0093,0.0,0.04747320061255743,,,,"{""joint"": true, ""violation_set"": ""fixed_to_I1""}",0.1972395,0.465,1.0
4,common,0.975,1702,1.35,84.888,62.88,0.15,drop,device_1,1,J1,0.06561835109346408,656.1835109346407,0.0,0,0,0,0,,0,0,0.0107,0.0,0.05461970393057682,,,,"{""joint"": true, ""violation_set"": ""fixed_to_I1""}",0.196984,0.455,1.0
4,common,0.975,1702,1.35,84.888,62.88,0.15,drop,device_2,2,J1,0.06522603428576429,652.2603428576429,0.0,0,0,0,0,,0,0,0.0098,0.0,0.050025523226135786,,,,"{""joint"": true, ""violation_set"": ""fixed_to_I1""}",0.1975905,0.465,1.0
4,common,0.975,1702,1.35,84.888,62.88,0.15,drop,device_3,3,J1,0.06483830498283737,648.3830498283737,0.0,0,0,0,0,,0,0,0.0082,0.0,0.04185809086268504,,,,"{""joint"": true, ""violation_set"": ""fixed_to_I1""}",0.197273,0.455,1.0
4,common,0.975,1702,1.35,84.888,62.88,0.15,drop,device_0,0,I2,0.039853194521895965,398.53194521895966,0.15,1500,27,282,379,1.0,0,1500,0.0,0.0,0.0,,,,"{""budget"": 1500}",0.2125,0.25,0.85
4,common,0.975,1702,1.35,84.888,62.88,0.15,drop,device_1,1,I2,0.039853194521895965,398.53194521895966,0.15,1500,27,282,379,1.0,0,1500,0.0,0.0,0.0,,,,"{""budget"": 1500}",0.2125,0.25,0.85
4,common,0.975,1702,1.35,84.888,62.88,0.15,drop,device_2,2,I2,0.039853194521895965,398.53194521895966,0.15,1500,27,282,379,1.0,0,1500,0.0,0.0,0.0,,,,"{""budget"": 1500}",0.2125,0.25,0.85
4,common,0.975,1702,1.35,84.888,62.88,0.15,drop,device_3,3,I2,0.039853194521895965,398.53194521895966,0.15,1500,27,282,379,1.0,0,1500,0.0,0.0,0.0,,,,"{""budget"": 1500}",0.2125,0.25,0.85
4,common,0.975,1702,1.35,84.888,62.88,0.15,drop,device_0,0,J2,0.036260541848734534,362.60541848734533,0.15,1500,27,282,379,1.0,0,1500,0.0,0.0,0.0,,,,"{""joint"": true, ""source"": ""heuristic""}",0.1702945,0.815,0.85
4,common,0.975,1702,1.35,84.888,62.88,0.15,drop,device_1,1,J2,0.039396244872100736,393.9624487210074,0.15,1500,13,297,671,0.856,216,1284,0.0,0.0,0.0,,,,"{""joint"": true, ""source"": ""heuristic""}",0.1783245,0.635,0.85
4,common,0.975,1702,1.35,84.888,62.88,0.15,drop,device_2,2,J2,0.03615505044407196,361.5505044407196,0.15,1500,27,282,379,1.0,0,1500,0.0,0.0,0.0,,,,"{""joint"": true, ""source"": ""heuristic""}",0.17010050000000002,0.81,0.85
4,common,0.975,1702,1.35,84.888,62.88,0.15,drop,device_3,3,J2,0.038775975118384695,387.75975118384696,0.15,1500,17,307,658,0.8753333333333333,187,1313,0.0,0.0,0.0,,,,"{""joint"": true, ""source"": ""heuristic""}",0.173051,0.5,0.85
4,independent,0.0,1701,1.35,84.888,62.88,0.15,late,device_0,0,I1,0.06981838134397776,698.1838134397776,0.0,0,0,0,0,,0,0,0.0171,0.0,0.08378245957863792,,,,{},0.25,0.25,1.0
4,independent,0.0,1701,1.35,84.888,62.88,0.15,late,device_1,1,I1,0.07052754613378644,705.2754613378644,0.0,0,0,0,0,,0,0,0.0187,0.0,0.09038182696955051,,,,{},0.25,0.25,1.0
4,independent,0.0,1701,1.35,84.888,62.88,0.15,late,device_2,2,I1,0.0685844096720739,685.8440967207389,0.0,0,0,0,0,,0,0,0.0167,0.0,0.08511722731906218,,,,{},0.25,0.25,1.0
4,independent,0.0,1701,1.35,84.888,62.88,0.15,late,device_3,3,I1,0.06853390462467503,685.3390462467503,0.0,0,0,0,0,,0,0,0.0173,0.0,0.08890030832476875,,,,{},0.25,0.25,1.0
4,independent,0.0,1701,1.35,84.888,62.88,0.15,late,device_0,0,J1,0.06220587708170453,622.0587708170453,0.0,0,0,0,0,,0,0,0.0,0.0,0.0,,,,"{""joint"": true, ""violation_set"": ""fixed_to_I1""}",0.20540299999999997,0.525,1.0
4,independent,0.0,1701,1.35,84.888,62.88,0.15,late,device_1,1,J1,0.06257188403815826,625.7188403815826,0.0,0,0,0,0,,0,0,0.0,0.0,0.0,,,,"{""joint"": true, ""violation_set"": ""fixed_to_I1""}",0.2057025,0.485,1.0
4,independent,0.0,1701,1.35,84.888,62.88,0.15,late,device_2,2,J1,0.06113896516074345,611.3896516074345,0.0,0,0,0,0,,0,0,0.0,0.0,0.0,,,,"{""joint"": true, ""violation_set"": ""fixed_to_I1""}",0.2047365,0.505,1.0
4,independent,0.0,1701,1.35,84.888,62.88,0.15,late,device_3,3,J1,0.060888223147425424,608.8822314742542,0.0,0,0,0,0,,0,0,0.0,0.0,0.0,,,,"{""joint"": true, ""violation_set"": ""fixed_to_I1""}",0.20437550000000002,0.5,1.0
4,independent,0.0,1701,1.35,84.888,62.88,0.15,late,device_0,0,I2,0.057617942360164785,576.1794236016478,0.15,1500,5,191,1267,0.7073333333333334,439,1061,0.0,0.0,0.0,,,,"{""budget"": 1500}",0.2125,0.25,0.85
4,independent,0.0,1701,1.35,84.888,62.88,0.15,late,device_1,1,I2,0.05807736578434899,580.7736578434899,0.15,1500,5,190,1266,0.7133333333333334,430,1070,0.0,0.0,0.0,,,,"{""budget"": 1500}",0.2125,0.25,0.85
4,independent,0.0,1701,1.35,84.888,62.88,0.15,late,device_2,2,I2,0.05652314587834976,565.2314587834976,0.15,1500,4,203,1266,0.7173333333333334,424,1076,0.0,0.0,0.0,,,,"{""budget"": 1500}",0.2125,0.25,0.85
4,independent,0.0,1701,1.35,84.888,62.88,0.15,late,device_3,3,I2,0.056407909331140225,564.0790933114023,0.15,1500,4,183,1281,0.7113333333333334,433,1067,0.0,0.0,0.0,,,,"{""budget"": 1500}",0.2125,0.25,0.85
4,independent,0.0,1701,1.35,84.888,62.88,0.15,late,device_0,0,J2,0.0551365578843933,551.365578843933,0.15,1500,4,190,1281,0.98,30,1470,0.0,0.0,0.0,,,,"{""joint"": true, ""source"": ""heuristic""}",0.16864250000000003,0.825,0.85
4,independent,0.0,1701,1.35,84.888,62.88,0.15,late,device_1,1,J2,0.055616839858097865,556.1683985809786,0.15,1500,4,183,1285,0.9526666666666667,71,1429,0.0,0.0,0.0,,,,"{""joint"": true, ""source"": ""heuristic""}",0.17133099999999998,0.905,0.85
4,independent,0.0,1701,1.35,84.888,62.88,0.15,late,device_2,2,J2,0.05441278233628146,544.1278233628146,0.15,1500,4,208,1265,0.9393333333333334,91,1409,0.0,0.0,0.0,,,,"{""joint"": true, ""source"": ""heuristic""}",0.1690795,0.785,0.85
4,independent,0.0,1701,1.35,84.888,62.88,0.15,late,device_3,3,J2,0.054256849652316815,542.5684965231682,0.15,1500,5,191,1272,0.9206666666666666,119,1381,0.0,0.0,0.0,,,,"{""joint"": true, ""source"": ""heuristic""}",0.16961350000000003,1.0,0.85
4,independent,0.0,1702,1.35,84.888,62.88,0.15,late,device_0,0,I1,0.06992182837590412,699.2182837590412,0.0,0,0,0,0,,0,0,0.0188,0.0,0.09197651663405088,,,,{},0.25,0.25,1.0
4,independent,0.0,1702,1.35,84.888,62.88,0.15,late,device_1,1,I1,0.06962008015024079,696.2008015024079,0.0,0,0,0,0,,0,0,0.0192,0.0,0.09585621567648527,,,,{},0.25,0.25,1.0
4,independent,0.0,1702,1.35,84.888,62.88,0.15,late,device_2,2,I1,0.06948479945512714,694.8479945512714,0.0,0,0,0,0,,0,0,0.0173,0.0,0.08676028084252758,,,,{},0.25,0.25,1.0
4,independent,0.0,1702,1.35,84.888,62.88,0.15,late,device_3,3,I1,0.06871820376856258,687.1820376856258,0.0,0,0,0,0,,0,0,0.0151,0.0,0.0757271815446339,,,,{},0.25,0.25,1.0
4,independent,0.0,1702,1.35,84.888,62.88,0.15,late,device_0,0,J1,0.062216064070659875,622.1606407065988,0.0,0,0,0,0,,0,0,0.0,0.0,0.0,,,,"{""joint"": true, ""violation_set"": ""fixed_to_I1""}",0.20476749999999996,0.51,1.0
4,independent,0.0,1702,1.35,84.888,62.88,0.15,late,device_1,1,J1,0.06156106254001129,615.6106254001129,0.0,0,0,0,0,,0,0,0.0002,0.0,0.000998502246630055,,,,"{""joint"": true, ""violation_set"": ""fixed_to_I1""}",0.2052585,0.495,1.0
4,independent,0.0,1702,1.35,84.888,62.88,0.15,late,device_2,2,J1,0.0616234370077799,616.234370077799,0.0,0,0,0,0,,0,0,0.0,0.0,0.0,,,,"{""joint"": true, ""violation_set"": ""fixed_to_I1""}",0.20522599999999996,0.5,1.0
4,independent,0.0,1702,1.35,84.888,62.88,0.15,late,device_3,3,J1,0.06162815911189571,616.2815911189571,0.0,0,0,0,0,,0,0,0.0,0.0,0.0,,,,"{""joint"": true, ""violation_set"": ""fixed_to_I1""}",0.20486850000000004,0.525,1.0
4,independent,0.0,1702,1.35,84.888,62.88,0.15,late,device_0,0,I2,0.0575480015899388,575.480015899388,0.15,1500,4,194,1273,0.736,396,1104,0.0,0.0,0.0,,,,"{""budget"": 1500}",0.2125,0.25,0.85
4,independent,0.0,1702,1.35,84.888,62.88,0.15,late,device_1,1,I2,0.057080683255075704,570.806832550757,0.15,1500,5,175,1288,0.712,432,1068,0.0,0.0,0.0,,,,"{""budget"": 1500}",0.2125,0.25,0.85
4,independent,0.0,1702,1.35,84.888,62.88,0.15,late,device_2,2,I2,0.05724077861754986,572.4077861754986,0.15,1500,5,190,1268,0.6906666666666667,464,1036,0.0,0.0,0.0,,,,"{""budget"": 1500}",0.2125,0.25,0.85
4,independent,0.0,1702,1.35,84.888,62.88,0.15,late,device_3,3,I2,0.05697835912317066,569.7835912317066,0.15,1500,4,176,1298,0.7146666666666667,428,1072,0.0,0.0,0.0,,,,"{""budget"": 1500}",0.2125,0.25,0.85
4,independent,0.0,1702,1.35,84.888,62.88,0.15,late,device_0,0,J2,0.05529717342389532,552.9717342389532,0.15,1500,5,180,1286,0.956,66,1434,0.0,0.0,0.0,,,,"{""joint"": true, ""source"": ""heuristic""}",0.170231,0.935,0.85
4,independent,0.0,1702,1.35,84.888,62.88,0.15,late,device_1,1,J2,0.05473699823051696,547.3699823051696,0.15,1500,4,201,1265,0.936,96,1404,0.0,0.0,0.0,,,,"{""joint"": true, ""source"": ""heuristic""}",0.169625,0.805,0.85
4,independent,0.0,1702,1.35,84.888,62.88,0.15,late,device_2,2,J2,0.05486033233313634,548.6033233313634,0.15,1500,4,189,1289,0.94,90,1410,0.0,0.0,0.0,,,,"{""joint"": true, ""source"": ""heuristic""}",0.169596,0.785,0.85
4,independent,0.0,1702,1.35,84.888,62.88,0.15,late,device_3,3,J2,0.05476244006833619,547.624400683362,0.15,1500,6,188,1277,0.9753333333333334,37,1463,0.0,0.0,0.0,,,,"{""joint"": true, ""source"": ""heuristic""}",0.1683955,0.705,0.85
4,independent,0.975,1701,1.35,84.888,62.88,0.15,late,device_0,0,I1,0.0692808407610244,692.8084076102441,0.0,0,0,0,0,,0,0,0.0183,0.0,0.09186746987951808,,,,{},0.25,0.25,1.0
4,independent,0.975,1701,1.35,84.888,62.88,0.15,late,device_1,1,I1,0.06927269768429502,692.7269768429502,0.0,0,0,0,0,,0,0,0.0181,0.0,0.09215885947046844,,,,{},0.25,0.25,1.0
4,independent,0.975,1701,1.35,84.888,62.88,0.15,late,device_2,2,I1,0.0677564106279829,677.564106279829,0.0,0,0,0,0,,0,0,0.0153,0.0,0.07981220657276995,,,,{},0.25,0.25,1.0
4,independent,0.975,1701,1.35,84.888,62.88,0.15,late,device_3,3,I1,0.06848246102888356,684.8246102888356,0.0,0,0,0,0,,0,0,0.0173,0.0,0.0892672858617131,,,,{},0.25,0.25,1.0
4,independent,0.975,1701,1.35,84.888,62.88,0.15,late,device_0,0,J1,0.06143415369230112,614.3415369230112,0.0,0,0,0,0,,0,0,0.0001,0.0,0.000502008032128514,,,,"{""joint"": true, ""violation_set"": ""fixed_to_I1""}",0.20482199999999998,0.495,1.0
4,independent,0.975,1701,1.35,84.888,62.88,0.15,late,device_1,1,J1,0.0613314384482549,613.314384482549,0.0,0,0,0,0,,0,0,0.0,0.0,0.0,,,,"{""joint"": true, ""violation_set"": ""fixed_to_I1""}",0.2055455,0.495,1.0
4,independent,0.975,1701,1.35,84.888,62.88,0.15,late,device_2,2,J1,0.06069923933124803,606.9923933124803,0.0,0,0,0,0,,0,0,0.0,0.0,0.0,,,,"{""joint"": true, ""violation_set"": ""fixed_to_I1""}",0.2043845,0.515,1.0
4,independent,0.975,1701,1.35,84.888,62.88,0.15,late,device_3,3,J1,0.060753238375435226,607.5323837543523,0.0,0,0,0,0,,0,0,0.0,0.0,0.0,,,,"{""joint"": true, ""violation_set"": ""fixed_to_I1""}",0.20484900000000003,0.5,1.0
4,independent,0.975,1701,1.35,84.888,62.88,0.15,late,device_0,0,I2,0.056955439504418726,569.5543950441872,0.15,1500,12,275,911,0.7173333333333334,424,1076,0.0,0.0,0.0,,,,"{""budget"": 1500}",0.2125,0.25,0.85
4,independent,0.975,1701,1.35,84.888,62.88,0.15,late,device_1,1,I2,0.05690061972407641,569.0061972407641,0.15,1500,10,292,925,0.696,456,1044,0.0,0.0,0.0,,,,"{""budget"": 1500}",0.2125,0.25,0.85
4,independent,0.975,1701,1.35,84.888,62.88,0.15,late,device_2,2,I2,0.0560471731982376,560.471731982376,0.15,1500,11,304,895,0.7126666666666667,431,1069,0.0,0.0,0.0,,,,"{""budget"": 1500}",0.2125,0.25,0.85
4,independent,0.975,1701,1.35,84.888,62.88,0.15,late,device_3,3,I2,0.05625657071268231,562.5657071268231,0.15,1500,12,284,889,0.7026666666666667,446,1054,0.0,0.0,0.0,,,,"{""budget"": 1500}",0.2125,0.25,0.85
4,independent,0.975,1701,1.35,84.888,62.88,0.15,late,device_0,0,J2,0.054732652697402476,547.3265269740248,0.15,1500,19,297,460,0.9646666666666667,53,1447,0.0,0.0,0.0,,,,"{""joint"": true, ""source"": ""heuristic""}",0.1677575,0.8,0.85
4,independent,0.975,1701,1.35,84.888,62.88,0.15,late,device_1,1,J2,0.05439166778572577,543.9166778572577,0.15,1500,20,289,474,0.956,66,1434,0.0,0.0,0.0,,,,"{""joint"": true, ""source"": ""heuristic""}",0.170042,0.835,0.85
4,independent,0.975,1701,1.35,84.888,62.88,0.15,late,device_2,2,J2,0.05409141034768279,540.9141034768279,0.1458,1458,18,290,510,0.9314128943758574,100,1358,0.0,0.0,0.0,,,,"{""joint"": true, ""source"": ""heuristic""}",0.1705375,0.845,0.8542
4,independent,0.975,1701,1.35,84.888,62.88,0.15,late,device_3,3,J2,0.05388114605134946,538.8114605134946,0.15,1500,20,288,468,0.9486666666666667,77,1423,0.0,0.0,0.0,,,,"{""joint"": true, ""source"": ""heuristic""}",0.16902799999999998,0.8,0.85
4,independent,0.975,1702,1.35,84.888,62.88,0.15,late,device_0,0,I1,0.06935008360097877,693.5008360097878,0.0,0,0,0,0,,0,0,0.0197,0.0,0.10056151097498724,,,,{},0.25,0.25,1.0
4,independent,0.975,1702,1.35,84.888,62.88,0.15,late,device_1,1,I1,0.06820651788653374,682.0651788653374,0.0,0,0,0,0,,0,0,0.0165,0.0,0.0840122199592668,,,,{},0.25,0.25,1.0
4,independent,0.975,1702,1.35,84.888,62.88,0.15,late,device_2,2,I1,0.06969685743621587,696.9685743621587,0.0,0,0,0,0,,0,0,0.0184,0.0,0.09077454366058214,,,,{},0.25,0.25,1.0
4,independent,0.975,1702,1.35,84.888,62.88,0.15,late,device_3,3,I1,0.07063311185248194,706.3311185248194,0.0,0,0,0,0,,0,0,0.0192,0.0,0.09221902017291066,,,,{},0.25,0.25,1.0
4,independent,0.975,1702,1.35,84.888,62.88,0.15,late,device_0,0,J1,0.06117092976172521,611.7092976172521,0.0,0,0,0,0,,0,0,0.0,0.0,0.0,,,,"{""joint"": true, ""violation_set"": ""fixed_to_I1""}",0.205121,0.505,1.0
4,independent,0.975,1702,1.35,84.888,62.88,0.15,late,device_1,1,J1,0.060877276434894725,608.7727643489472,0.0,0,0,0,0,,0,0,0.0,0.0,0.0,,,,"{""joint"": true, ""violation_set"": ""fixed_to_I1""}",0.2043555,0.51,1.0
4,independent,0.975,1702,1.35,84.888,62.88,0.15,late,device_2,2,J1,0.0619468295053927,619.468295053927,0.0,0,0,0,0,,0,0,0.0,0.0,0.0,,,,"{""joint"": true, ""violation_set"": ""fixed_to_I1""}",0.205506,0.48,1.0
4,independent,0.975,1702,1.35,84.888,62.88,0.15,late,device_3,3,J1,0.06254490062380716,625.4490062380717,0.0,0,0,0,0,,0,0,0.0,0.0,0.0,,,,"{""joint"": true, ""violation_set"": ""fixed_to_I1""}",0.20585,0.5,1.0
4,independent,0.975,1702,1.35,84.888,62.88,0.15,late,device_0,0,I2,0.05676128860203247,567.6128860203247,0.15,1500,11,280,910,0.71,435,1065,0.0,0.0,0.0,,,,"{""budget"": 1500}",0.2125,0.25,0.85
4,independent,0.975,1702,1.35,84.888,62.88,0.15,late,device_1,1,I2,0.056166130527266114,561.6613052726611,0.15,1500,10,294,857,0.736,396,1104,0.0,0.0,0.0,,,,"{""budget"": 1500}",0.2125,0.25,0.85
4,independent,0.975,1702,1.35,84.888,62.88,0.15,late,device_2,2,I2,0.05741237201840397,574.1237201840397,0.15,1500,11,289,893,0.7273333333333334,409,1091,0.0,0.0,0.0,,,,"{""budget"": 1500}",0.2125,0.25,0.85
4,independent,0.975,1702,1.35,84.888,62.88,0.15,late,device_3,3,I2,0.05803111734600779,580.311173460078,0.15,1500,12,305,933,0.714,429,1071,0.0,0.0,0.0,,,,"{""budget"": 1500}",0.2125,0.25,0.85
4,independent,0.975,1702,1.35,84.888,62.88,0.15,late,device_0,0,J2,0.054537958884924145,545.3795888492415,0.15,1500,22,298,525,0.9346666666666666,98,1402,0.0,0.0,0.0,,,,"{""joint"": true, ""source"": ""heuristic""}",0.168631,0.81,0.85
4,independent,0.975,1702,1.35,84.888,62.88,0.15,late,device_1,1,J2,0.05410674768588806,541.0674768588806,0.1473,1473,15,296,516,0.9429735234215886,84,1389,0.0,0.0,0.0,,,,"{""joint"": true, ""source"": ""heuristic""}",0.1701305,0.805,0.8527
4,independent,0.975,1702,1.35,84.888,62.88,0.15,late,device_2,2,J2,0.05507032087273742,550.7032087273742,0.1496,1496,19,294,486,0.9605614973262032,59,1437,0.0,0.0,0.0,,,,"{""joint"": true, ""source"": ""heuristic""}",0.169519,0.81,0.8504
4,independent,0.975,1702,1.35,84.888,62.88,0.15,late,device_3,3,J2,0.055470991181704815,554.7099118170481,0.15,1500,19,327,521,0.96,60,1440,0.0,0.0,0.0,,,,"{""joint"": true, ""source"": ""heuristic""}",0.1704185,0.835,0.85
4,common,0.0,1701,1.35,84.888,62.88,0.15,late,device_0,0,I1,0.06981838134397776,698.1838134397776,0.0,0,0,0,0,,0,0,0.0171,0.0,0.08378245957863792,,,,{},0.25,0.25,1.0
4,common,0.0,1701,1.35,84.888,62.88,0.15,late,device_1,1,I1,0.06981838134397776,698.1838134397776,0.0,0,0,0,0,,0,0,0.0171,0.0,0.08378245957863792,,,,{},0.25,0.25,1.0
4,common,0.0,1701,1.35,84.888,62.88,0.15,late,device_2,2,I1,0.06981838134397776,698.1838134397776,0.0,0,0,0,0,,0,0,0.0171,0.0,0.08378245957863792,,,,{},0.25,0.25,1.0
4,common,0.0,1701,1.35,84.888,62.88,0.15,late,device_3,3,I1,0.06981838134397776,698.1838134397776,0.0,0,0,0,0,,0,0,0.0171,0.0,0.08378245957863792,,,,{},0.25,0.25,1.0
4,common,0.0,1701,1.35,84.888,62.88,0.15,late,device_0,0,J1,0.06597265434086308,659.7265434086308,0.0,0,0,0,0,,0,0,0.0086,0.0,0.042136207741303285,,,,"{""joint"": true, ""violation_set"": ""fixed_to_I1""}",0.19726849999999999,0.46,1.0
4,common,0.0,1701,1.35,84.888,62.88,0.15,late,device_1,1,J1,0.06596872822206751,659.6872822206751,0.0,0,0,0,0,,0,0,0.0083,0.0,0.040666340029397355,,,,"{""joint"": true, ""violation_set"": ""fixed_to_I1""}",0.1974815,0.45,1.0
4,common,0.0,1701,1.35,84.888,62.88,0.15,late,device_2,2,J1,0.06632871369155911,663.2871369155911,0.0,0,0,0,0,,0,0,0.0096,0.0,0.04703576678098971,,,,"{""joint"": true, ""violation_set"": ""fixed_to_I1""}",0.19758900000000001,0.455,1.0
4,common,0.0,1701,1.35,84.888,62.88,0.15,late,device_3,3,J1,0.06592030207730006,659.2030207730006,0.0,0,0,0,0,,0,0,0.0089,0.0,0.043606075453209214,,,,"{""joint"": true, ""violation_set"": ""fixed_to_I1""}",0.197695,0.46,1.0
4,common,0.0,1701,1.35,84.888,62.88,0.15,late,device_0,0,I2,0.057617942360164785,576.1794236016478,0.15,1500,5,191,1267,0.7073333333333334,439,1061,0.0,0.0,0.0,,,,"{""budget"": 1500}",0.2125,0.25,0.85
4,common,0.0,1701,1.35,84.888,62.88,0.15,late,device_1,1,I2,0.057617942360164785,576.1794236016478,0.15,1500,5,191,1267,0.7073333333333334,439,1061,0.0,0.0,0.0,,,,"{""budget"": 1500}",0.2125,0.25,0.85
4,common,0.0,1701,1.35,84.888,62.88,0.15,late,device_2,2,I2,0.057617942360164785,576.1794236016478,0.15,1500,5,191,1267,0.7073333333333334,439,1061,0.0,0.0,0.0,,,,"{""budget"": 1500}",0.2125,0.25,0.85
4,common,0.0,1701,1.35,84.888,62.88,0.15,late,device_3,3,I2,0.057617942360164785,576.1794236016478,0.15,1500,5,191,1267,0.7073333333333334,439,1061,0.0,0.0,0.0,,,,"{""budget"": 1500}",0.2125,0.25,0.85
4,common,0.0,1701,1.35,84.888,62.88,0.15,late,device_0,0,J2,0.055516626634542376,555.1662663454238,0.1169,1169,4,119,1039,1.0,0,1169,0.0,0.0,0.0,,,,"{""joint"": true, ""source"": ""heuristic""}",0.1840585,1.0,0.8831
4,common,0.0,1701,1.35,84.888,62.88,0.15,late,device_1,1,J2,0.055516626634542376,555.1662663454238,0.1331,1331,4,151,1164,1.0,0,1331,0.0,0.0,0.0,,,,"{""joint"": true, ""source"": ""heuristic""}",0.1722655,0.5,0.8669
4,common,0.0,1701,1.35,84.888,62.88,0.15,late,device_2,2,J2,0.055516626634542376,555.1662663454238,0.149,1490,4,186,1284,0.9503355704697987,74,1416,0.0,0.0,0.0,,,,"{""joint"": true, ""source"": ""heuristic""}",0.16601649999999998,0.33,0.851
4,common,0.0,1701,1.35,84.888,62.88,0.15,late,device_3,3,J2,0.05738215438676277,573.8215438676277,0.15,1500,5,191,1267,0.7073333333333334,439,1061,0.0,0.0,0.0,,,,"{""joint"": true, ""source"": ""heuristic""}",0.185917,0.995,0.85
4,common,0.0,1702,1.35,84.888,62.88,0.15,late,device_0,0,I1,0.06992182837590412,699.2182837590412,0.0,0,0,0,0,,0,0,0.0188,0.0,0.09197651663405088,,,,{},0.25,0.25,1.0
4,common,0.0,1702,1.35,84.888,62.88,0.15,late,device_1,1,I1,0.06992182837590412,699.2182837590412,0.0,0,0,0,0,,0,0,0.0188,0.0,0.09197651663405088,,,,{},0.25,0.25,1.0
4,common,0.0,1702,1.35,84.888,62.88,0.15,late,device_2,2,I1,0.06992182837590412,699.2182837590412,0.0,0,0,0,0,,0,0,0.0188,0.0,0.09197651663405088,,,,{},0.25,0.25,1.0
4,common,0.0,1702,1.35,84.888,62.88,0.15,late,device_3,3,I1,0.06992182837590412,699.2182837590412,0.0,0,0,0,0,,0,0,0.0188,0.0,0.09197651663405088,,,,{},0.25,0.25,1.0
4,common,0.0,1702,1.35,84.888,62.88,0.15,late,device_0,0,J1,0.06597101446485061,659.7101446485061,0.0,0,0,0,0,,0,0,0.0092,0.0,0.04500978473581213,,,,"{""joint"": true, ""violation_set"": ""fixed_to_I1""}",0.1974715,0.465,1.0
4,common,0.0,1702,1.35,84.888,62.88,0.15,late,device_1,1,J1,0.06613617870903767,661.3617870903767,0.0,0,0,0,0,,0,0,0.0099,0.0,0.048434442270058706,,,,"{""joint"": true, ""violation_set"": ""fixed_to_I1""}",0.19727050000000002,0.465,1.0
4,common,0.0,1702,1.35,84.888,62.88,0.15,late,device_2,2,J1,0.06617354770045145,661.7354770045145,0.0,0,0,0,0,,0,0,0.0093,0.0,0.045499021526418784,,,,"{""joint"": true, ""violation_set"": ""fixed_to_I1""}",0.1970095,0.465,1.0
4,common,0.0,1702,1.35,84.888,62.88,0.15,late,device_3,3,J1,0.06598296888301829,659.8296888301829,0.0,0,0,0,0,,0,0,0.0089,0.0,0.04354207436399217,,,,"{""joint"": true, ""violation_set"": ""fixed_to_I1""}",0.1975285,0.455,1.0
4,common,0.0,1702,1.35,84.888,62.88,0.15,late,device_0,0,I2,0.0575480015899388,575.480015899388,0.15,1500,4,194,1273,0.736,396,1104,0.0,0.0,0.0,,,,"{""budget"": 1500}",0.2125,0.25,0.85
4,common,0.0,1702,1.35,84.888,62.88,0.15,late,device_1,1,I2,0.0575480015899388,575.480015899388,0.15,1500,4,194,1273,0.736,396,1104,0.0,0.0,0.0,,,,"{""budget"": 1500}",0.2125,0.25,0.85
4,common,0.0,1702,1.35,84.888,62.88,0.15,late,device_2,2,I2,0.0575480015899388,575.480015899388,0.15,1500,4,194,1273,0.736,396,1104,0.0,0.0,0.0,,,,"{""budget"": 1500}",0.2125,0.25,0.85
4,common,0.0,1702,1.35,84.888,62.88,0.15,late,device_3,3,I2,0.0575480015899388,575.480015899388,0.15,1500,4,194,1273,0.736,396,1104,0.0,0.0,0.0,,,,"{""budget"": 1500}",0.2125,0.25,0.85
4,common,0.0,1702,1.35,84.888,62.88,0.15,late,device_0,0,J2,0.055657115330662484,556.5711533066249,0.1488,1488,5,180,1285,0.9536290322580645,69,1419,0.0,0.0,0.0,,,,"{""joint"": true, ""source"": ""heuristic""}",0.16581500000000002,0.33,0.8512
4,common,0.0,1702,1.35,84.888,62.88,0.15,late,device_1,1,J2,0.057369347613086916,573.6934761308692,0.15,1500,4,194,1273,0.736,396,1104,0.0,0.0,0.0,,,,"{""joint"": true, ""source"": ""heuristic""}",0.185095,1.0,0.85
4,common,0.0,1702,1.35,84.888,62.88,0.15,late,device_2,2,J2,0.055657115330662484,556.5711533066249,0.1335,1335,5,143,1174,1.0,0,1335,0.0,0.0,0.0,,,,"{""joint"": true, ""source"": ""heuristic""}",0.171857,0.5,0.8665
4,common,0.0,1702,1.35,84.888,62.88,0.15,late,device_3,3,J2,0.055657115330662484,556.5711533066249,0.1166,1166,5,113,1040,1.0,0,1166,0.0,0.0,0.0,,,,"{""joint"": true, ""source"": ""heuristic""}",0.1837785,1.0,0.8834
4,common,0.975,1701,1.35,84.888,62.88,0.15,late,device_0,0,I1,0.0692808407610244,692.8084076102441,0.0,0,0,0,0,,0,0,0.0183,0.0,0.09186746987951808,,,,{},0.25,0.25,1.0
4,common,0.975,1701,1.35,84.888,62.88,0.15,late,device_1,1,I1,0.0692808407610244,692.8084076102441,0.0,0,0,0,0,,0,0,0.0183,0.0,0.09186746987951808,,,,{},0.25,0.25,1.0
4,common,0.975,1701,1.35,84.888,62.88,0.15,late,device_2,2,I1,0.0692808407610244,692.8084076102441,0.0,0,0,0,0,,0,0,0.0183,0.0,0.09186746987951808,,,,{},0.25,0.25,1.0
4,common,0.975,1701,1.35,84.888,62.88,0.15,late,device_3,3,I1,0.0692808407610244,692.8084076102441,0.0,0,0,0,0,,0,0,0.0183,0.0,0.09186746987951808,,,,{},0.25,0.25,1.0
4,common,0.975,1701,1.35,84.888,62.88,0.15,late,device_0,0,J1,0.06533414985522107,653.3414985522107,0.0,0,0,0,0,,0,0,0.0095,0.0,0.04769076305220884,,,,"{""joint"": true, ""violation_set"": ""fixed_to_I1""}",0.1971045,0.465,1.0
4,common,0.975,1701,1.35,84.888,62.88,0.15,late,device_1,1,J1,0.06537317268836361,653.7317268836362,0.0,0,0,0,0,,0,0,0.0089,0.0,0.04467871485943775,,,,"{""joint"": true, ""violation_set"": ""fixed_to_I1""}",0.19704000000000002,0.465,1.0
4,common,0.975,1701,1.35,84.888,62.88,0.15,late,device_2,2,J1,0.06520166767898501,652.0166767898502,0.0,0,0,0,0,,0,0,0.0081,0.0,0.04066265060240964,,,,"{""joint"": true, ""violation_set"": ""fixed_to_I1""}",0.19667150000000003,0.465,1.0
4,common,0.975,1701,1.35,84.888,62.88,0.15,late,device_3,3,J1,0.06524470098832667,652.4470098832667,0.0,0,0,0,0,,0,0,0.009,0.0,0.045180722891566265,,,,"{""joint"": true, ""violation_set"": ""fixed_to_I1""}",0.1970055,0.465,1.0
4,common,0.975,1701,1.35,84.888,62.88,0.15,late,device_0,0,I2,0.056955439504418726,569.5543950441872,0.15,1500,12,275,911,0.7173333333333334,424,1076,0.0,0.0,0.0,,,,"{""budget"": 1500}",0.2125,0.25,0.85
4,common,0.975,1701,1.35,84.888,62.88,0.15,late,device_1,1,I2,0.056955439504418726,569.5543950441872,0.15,1500,12,275,911,0.7173333333333334,424,1076,0.0,0.0,0.0,,,,"{""budget"": 1500}",0.2125,0.25,0.85
4,common,0.975,1701,1.35,84.888,62.88,0.15,late,device_2,2,I2,0.056955439504418726,569.5543950441872,0.15,1500,12,275,911,0.7173333333333334,424,1076,0.0,0.0,0.0,,,,"{""budget"": 1500}",0.2125,0.25,0.85
4,common,0.975,1701,1.35,84.888,62.88,0.15,late,device_3,3,I2,0.056955439504418726,569.5543950441872,0.15,1500,12,275,911,0.7173333333333334,424,1076,0.0,0.0,0.0,,,,"{""budget"": 1500}",0.2125,0.25,0.85
4,common,0.975,1701,1.35,84.888,62.88,0.15,late,device_0,0,J2,0.055018237199112856,550.1823719911285,0.133,1330,16,303,458,1.0,0,1330,0.0,0.0,0.0,,,,"{""joint"": true, ""source"": ""heuristic""}",0.1714085,0.5,0.867
4,common,0.975,1701,1.35,84.888,62.88,0.15,late,device_1,1,J2,0.05677155991741408,567.7155991741408,0.15,1500,12,275,911,0.7173333333333334,424,1076,0.0,0.0,0.0,,,,"{""joint"": true, ""source"": ""heuristic""}",0.18511750000000002,1.0,0.85
4,common,0.975,1701,1.35,84.888,62.88,0.15,late,device_2,2,J2,0.055018237199112856,550.1823719911285,0.1173,1173,10,277,484,1.0,0,1173,0.0,0.0,0.0,,,,"{""joint"": true, ""source"": ""heuristic""}",0.18288400000000002,1.0,0.8827
4,common,0.975,1701,1.35,84.888,62.88,0.15,late,device_3,3,J2,0.055018237199112856,550.1823719911285,0.146,1460,18,303,486,0.9616438356164384,56,1404,0.0,0.0,0.0,,,,"{""joint"": true, ""source"": ""heuristic""}",0.1662805,0.33,0.854
4,common,0.975,1702,1.35,84.888,62.88,0.15,late,device_0,0,I1,0.06935008360097877,693.5008360097878,0.0,0,0,0,0,,0,0,0.0197,0.0,0.10056151097498724,,,,{},0.25,0.25,1.0
4,common,0.975,1702,1.35,84.888,62.88,0.15,late,device_1,1,I1,0.06935008360097877,693.5008360097878,0.0,0,0,0,0,,0,0,0.0197,0.0,0.10056151097498724,,,,{},0.25,0.25,1.0
4,common,0.975,1702,1.35,84.888,62.88,0.15,late,device_2,2,I1,0.06935008360097877,693.5008360097878,0.0,0,0,0,0,,0,0,0.0197,0.0,0.10056151097498724,,,,{},0.25,0.25,1.0
4,common,0.975,1702,1.35,84.888,62.88,0.15,late,device_3,3,I1,0.06935008360097877,693.5008360097878,0.0,0,0,0,0,,0,0,0.0197,0.0,0.10056151097498724,,,,{},0.25,0.25,1.0
4,common,0.975,1702,1.35,84.888,62.88,0.15,late,device_0,0,J1,0.0651324515312171,651.3245153121711,0.0,0,0,0,0,,0,0,0.0093,0.0,0.04747320061255743,,,,"{""joint"": true, ""violation_set"": ""fixed_to_I1""}",0.1972395,0.465,1.0
4,common,0.975,1702,1.35,84.888,62.88,0.15,late,device_1,1,J1,0.06561835109346408,656.1835109346407,0.0,0,0,0,0,,0,0,0.0107,0.0,0.05461970393057682,,,,"{""joint"": true, ""violation_set"": ""fixed_to_I1""}",0.196984,0.455,1.0
4,common,0.975,1702,1.35,84.888,62.88,0.15,late,device_2,2,J1,0.06522603428576429,652.2603428576429,0.0,0,0,0,0,,0,0,0.0098,0.0,0.050025523226135786,,,,"{""joint"": true, ""violation_set"": ""fixed_to_I1""}",0.1975905,0.465,1.0
4,common,0.975,1702,1.35,84.888,62.88,0.15,late,device_3,3,J1,0.06483830498283737,648.3830498283737,0.0,0,0,0,0,,0,0,0.0082,0.0,0.04185809086268504,,,,"{""joint"": true, ""violation_set"": ""fixed_to_I1""}",0.197273,0.455,1.0
4,common,0.975,1702,1.35,84.888,62.88,0.15,late,device_0,0,I2,0.05676128860203247,567.6128860203247,0.15,1500,11,280,910,0.71,435,1065,0.0,0.0,0.0,,,,"{""budget"": 1500}",0.2125,0.25,0.85
4,common,0.975,1702,1.35,84.888,62.88,0.15,late,device_1,1,I2,0.05676128860203247,567.6128860203247,0.15,1500,11,280,910,0.71,435,1065,0.0,0.0,0.0,,,,"{""budget"": 1500}",0.2125,0.25,0.85
4,common,0.975,1702,1.35,84.888,62.88,0.15,late,device_2,2,I2,0.05676128860203247,567.6128860203247,0.15,1500,11,280,910,0.71,435,1065,0.0,0.0,0.0,,,,"{""budget"": 1500}",0.2125,0.25,0.85
4,common,0.975,1702,1.35,84.888,62.88,0.15,late,device_3,3,I2,0.05676128860203247,567.6128860203247,0.15,1500,11,280,910,0.71,435,1065,0.0,0.0,0.0,,,,"{""budget"": 1500}",0.2125,0.25,0.85
4,common,0.975,1702,1.35,84.888,62.88,0.15,late,device_0,0,J2,0.054782011025469285,547.8201102546928,0.1446,1446,18,299,503,0.9529737206085753,68,1378,0.0,0.0,0.0,,,,"{""joint"": true, ""source"": ""heuristic""}",0.16696550000000002,0.33,0.8554
4,common,0.975,1702,1.35,84.888,62.88,0.15,late,device_1,1,J2,0.05656570161347062,565.6570161347062,0.15,1500,11,280,910,0.71,435,1065,0.0,0.0,0.0,,,,"{""joint"": true, ""source"": ""heuristic""}",0.184611,0.995,0.85
4,common,0.975,1702,1.35,84.888,62.88,0.15,late,device_2,2,J2,0.054782011025469285,547.8201102546928,0.1298,1298,12,290,466,1.0,0,1298,0.0,0.0,0.0,,,,"{""joint"": true, ""source"": ""heuristic""}",0.172783,0.5,0.8702
4,common,0.975,1702,1.35,84.888,62.88,0.15,late,device_3,3,J2,0.054782011025469285,547.8201102546928,0.1142,1142,12,268,489,1.0,0,1142,0.0,0.0,0.0,,,,"{""joint"": true, ""source"": ""heuristic""}",0.18428049999999999,1.0,0.8858
