profile,sample_count,random_seed,energy_unit,d_min_ms,deadline_ratio,deadline_ms,epsilon,epsilon_min,discretionary_budget,n_discretionary_drops,status,p1_energy_mean,p2_energy_mean,p2_saving_percent,boundary_saving_lambda,additional_saving_percent_per_0_1pct_budget
"synthetic_alexnet_scale|energy_scale=normal:1,boost:1.64",2000000,20260731,J,35.0,1.2,42.0,0.001,0.0319055,-0.030905500000000002,-61811.00000000001,infeasible,0.07550193416252089,NaN,NaN,NaN,NaN
"synthetic_alexnet_scale|energy_scale=normal:1,boost:1.64",2000000,20260731,J,35.0,1.2,42.0,0.0025,0.0319055,-0.029405500000000005,-58811.00000000001,infeasible,0.07550193416252089,NaN,NaN,NaN,NaN
"synthetic_alexnet_scale|energy_scale=normal:1,boost:1.64",2000000,20260731,J,35.0,1.2,42.0,0.005,0.0319055,-0.026905500000000002,-53811.00000000001,infeasible,0.07550193416252089,NaN,NaN,NaN,NaN
"synthetic_alexnet_scale|energy_scale=normal:1,boost:1.64",2000000,20260731,J,35.0,1.2,42.0,0.0075,0.0319055,-0.024405500000000004,-48811.00000000001,infeasible,0.07550193416252089,NaN,NaN,NaN,NaN
"synthetic_alexnet_scale|energy_scale=normal:1,boost:1.64",2000000,20260731,J,35.0,1.2,42.0,0.01,0.0319055,-0.0219055,-43811.0,infeasible,0.07550193416252089,NaN,NaN,NaN,NaN
"synthetic_alexnet_scale|energy_scale=normal:1,boost:1.64",2000000,20260731,J,35.0,1.35,47.25,0.001,0.005008,-0.004008,-8016.000000000001,infeasible,0.06370889375207123,NaN,NaN,NaN,NaN
"synthetic_alexnet_scale|energy_scale=normal:1,boost:1.64",2000000,20260731,J,35.0,1.35,47.25,0.0025,0.005008,-0.0025080000000000002,-5016.000000000001,infeasible,0.06370889375207123,NaN,NaN,NaN,NaN
"synthetic_alexnet_scale|energy_scale=normal:1,boost:1.64",2000000,20260731,J,35.0,1.35,47.25,0.005,0.005008,-8.000000000000194e-06,-16.000000000000387,infeasible,0.06370889375207123,NaN,NaN,NaN,NaN
"synthetic_alexnet_scale|energy_scale=normal:1,boost:1.64",2000000,20260731,J,35.0,1.35,47.25,0.0075,0.005008,0.0024919999999999994,4983.999999999999,feasible,0.06370889375207123,0.06306512231796997,1.0104891109968803,0.2577331815815145,0.4042241901492026
"synthetic_alexnet_scale|energy_scale=normal:1,boost:1.64",2000000,20260731,J,35.0,1.35,47.25,0.01,0.005008,0.004992,9984.0,feasible,0.06370889375207123,0.06242199437436685,2.0199681738509874,0.25681148665403875,0.40283545460010817
"synthetic_alexnet_scale|energy_scale=normal:1,boost:1.64",2000000,20260731,J,35.0,1.5,52.5,0.001,0.000651,0.000349,698.0,feasible,0.05753775211603341,0.05744539550267102,0.16051480978287605,0.2640503533072574,0.4567552207688038
"synthetic_alexnet_scale|energy_scale=normal:1,boost:1.64",2000000,20260731,J,35.0,1.5,52.5,0.0025,0.000651,0.001849,3698.0,feasible,0.05753775211603341,0.05705183903283304,0.8445117602447335,0.26118073199311964,0.4529876178697135
"synthetic_alexnet_scale|energy_scale=normal:1,boost:1.64",2000000,20260731,J,35.0,1.5,52.5,0.005,0.000651,0.0043490000000000004,8698.0,feasible,0.05753775211603341,0.056401875901575214,1.9741407557381367,0.2590111770252911,0.4496574386466839
"synthetic_alexnet_scale|energy_scale=normal:1,boost:1.64",2000000,20260731,J,35.0,1.5,52.5,0.0075,0.000651,0.006849,13698.0,feasible,0.05753775211603341,0.055756032390935885,3.0966098944992213,0.2577331488107229,0.4475787641181665
"synthetic_alexnet_scale|energy_scale=normal:1,boost:1.64",2000000,20260731,J,35.0,1.5,52.5,0.01,0.000651,0.009349,18698.0,feasible,0.05753775211603341,0.05511290444733277,4.2143594066910595,0.25681148665403875,0.41115894011598675
"synthetic_alexnet_scale|energy_scale=normal:1,boost:1.64",2000000,20260731,J,35.0,2.0,70.0,0.001,0.0,0.001,2000.0,feasible,0.05135421637418086,0.05117856534398926,0.34203818613793074,0.17445035330725742,0.3372784143778265
"synthetic_alexnet_scale|energy_scale=normal:1,boost:1.64",2000000,20260731,J,35.0,2.0,70.0,0.0025,0.0,0.0025,5000.0,feasible,0.05135421637418086,0.05091940887415129,0.8466831561822324,0.17158073199311966,0.33305715628092397
"synthetic_alexnet_scale|energy_scale=normal:1,boost:1.64",2000000,20260731,J,35.0,2.0,70.0,0.005,0.0,0.005,10000.0,feasible,0.05135421637418086,0.05049344574289346,1.6761440287893559,0.16941117702529113,0.32932599182812716
"synthetic_alexnet_scale|energy_scale=normal:1,boost:1.64",2000000,20260731,J,35.0,2.0,70.0,0.0075,0.0,0.0075,15000.0,feasible,0.05135421637418086,0.05007160223225413,2.497582929863538,0.16813314881072292,0.3269970251298589
"synthetic_alexnet_scale|energy_scale=normal:1,boost:1.64",2000000,20260731,J,35.0,2.0,70.0,0.01,0.0,0.01,20000.0,feasible,0.05135421637418086,0.04965247428865101,3.3137339164723967,0.16721148665403876,0.32527419082737374
"synthetic_alexnet_scale|energy_scale=normal:1,boost:1.64",2000000,20260731,J,35.0,2.5,87.5,0.001,0.0,0.001,2000.0,feasible,0.046932826342252314,0.046757175312060716,0.37426049927332566,0.17445035330725742,0.36905232478416117
"synthetic_alexnet_scale|energy_scale=normal:1,boost:1.64",2000000,20260731,J,35.0,2.5,87.5,0.0025,0.0,0.0025,5000.0,feasible,0.046932826342252314,0.046498018842222745,0.9264464425363665,0.17158073199311966,0.3644333955916434
"synthetic_alexnet_scale|energy_scale=normal:1,boost:1.64",2000000,20260731,J,35.0,2.5,87.5,0.005,0.0,0.005,10000.0,feasible,0.046932826342252314,0.04607205571096491,1.8340481457697133,0.16941117702529113,0.36035073018301705
"synthetic_alexnet_scale|energy_scale=normal:1,boost:1.64",2000000,20260731,J,35.0,2.5,87.5,0.0075,0.0,0.0075,15000.0,feasible,0.046932826342252314,0.045650212200325585,2.7328721534335245,0.16813314881072292,0.35780235905192553
"synthetic_alexnet_scale|energy_scale=normal:1,boost:1.64",2000000,20260731,J,35.0,2.5,87.5,0.01,0.0,0.01,20000.0,feasible,0.046932826342252314,0.04523145472367343,3.6251207335604,0.16656396441076998,0.3539357083822969
"synthetic_alexnet_scale|energy_scale=normal:1,boost:1.64",2000000,20260731,J,35.0,3.0,105.0,0.001,0.0,0.001,2000.0,feasible,0.04439882526629512,0.04422317423610352,0.39562089568378733,0.17445035330725742,0.3901154718939902
"synthetic_alexnet_scale|energy_scale=normal:1,boost:1.64",2000000,20260731,J,35.0,3.0,105.0,0.0025,0.0,0.0025,5000.0,feasible,0.04439882526629512,0.04396401776626555,0.9793220821084351,0.17158073199311966,0.3852329237549483
"synthetic_alexnet_scale|energy_scale=normal:1,boost:1.64",2000000,20260731,J,35.0,3.0,105.0,0.005,0.0,0.005,10000.0,feasible,0.04439882526629512,0.04353805463500772,1.9387238876809714,0.16941117702529113,0.3809172459079031
"synthetic_alexnet_scale|energy_scale=normal:1,boost:1.64",2000000,20260731,J,35.0,3.0,105.0,0.0075,0.0,0.0075,15000.0,feasible,0.04439882526629512,0.04311621112436839,2.8888470229423158,0.16813314881072292,0.3782234300460244
"synthetic_alexnet_scale|energy_scale=normal:1,boost:1.64",2000000,20260731,J,35.0,3.0,105.0,0.01,0.0,0.01,20000.0,feasible,0.04439882526629512,0.04269745364771624,3.832019447303853,0.16656396441076998,0.3741360956781577
"synthetic_alexnet_scale|energy_scale=normal:1,boost:1.64",2000000,20260731,J,35.0,4.0,140.0,0.001,0.0,0.001,2000.0,feasible,0.04332334570407283,0.04314769467388123,0.40544197899998174,0.17445035330725742,0.3997998859231969
"synthetic_alexnet_scale|energy_scale=normal:1,boost:1.64",2000000,20260731,J,35.0,4.0,140.0,0.0025,0.0,0.0025,5000.0,feasible,0.04332334570407283,0.04288853820404326,1.0036332443011,0.17158073199311966,0.3696178622254876
"synthetic_alexnet_scale|energy_scale=normal:1,boost:1.64",2000000,20260731,J,35.0,4.0,140.0,0.005,0.0,0.005,10000.0,feasible,0.04332334570407283,0.042503786186949145,1.8917272057468038,0.1470558851264555,0.3361095726396736
"synthetic_alexnet_scale|energy_scale=normal:1,boost:1.64",2000000,20260731,J,35.0,4.0,140.0,0.0075,0.0,0.0075,15000.0,feasible,0.04332334570407283,0.04214456863375251,2.7208818967310244,0.14066574405361446,0.32230613042999806
"synthetic_alexnet_scale|energy_scale=normal:1,boost:1.64",2000000,20260731,J,35.0,4.0,140.0,0.01,0.0,0.01,20000.0,feasible,0.04332334570407283,0.0417989289157369,3.5186958983932146,0.13605743327019368,0.31209514555468254
